ward_id,ward_name,area_sq_km,centroid_lat,centroid_lon,data_source,snapshot_date,license
1,NARELA,20.2717,28.846169,77.112269,https://bharatlas.com/view/wards_delhi,2026-05-26,CC-BY-SA-4.0
10,TIMAR PUR,4.7792,28.699227,77.218765,https://bharatlas.com/view/wards_delhi,2026-05-26,CC-BY-SA-4.0
100,KARAM PURA,2.2437,28.665524,77.154462,https://bharatlas.com/view/wards_delhi,2026-05-26,CC-BY-SA-4.0
101,RAJA GARDEN,2.217,28.654711,77.123739,https://bharatlas.com/view/wards_delhi,2026-05-26,CC-BY-SA-4.0
102,RAGHUBIR NAGAR,0.6231,28.65782,77.113048,https://bharatlas.com/view/wards_delhi,2026-05-26,CC-BY-SA-4.0
103,PUNJABI BAGH,3.1322,28.668223,77.126507,https://bharatlas.com/view/wards_delhi,2026-05-26,CC-BY-SA-4.0
104,MADIPUR,0.578,28.671289,77.115131,https://bharatlas.com/view/wards_delhi,2026-05-26,CC-BY-SA-4.0
105,RAJOURI GARDEN,2.2677,28.643542,77.118254,https://bharatlas.com/view/wards_delhi,2026-05-26,CC-BY-SA-4.0
106,TAGORE GARDEN,0.8245,28.645627,77.104598,https://bharatlas.com/view/wards_delhi,2026-05-26,CC-BY-SA-4.0
107,VISHNU GARDEN,0.4829,28.648022,77.096521,https://bharatlas.com/view/wards_delhi,2026-05-26,CC-BY-SA-4.0
108,KHYALA,1.4212,28.653619,77.103456,https://bharatlas.com/view/wards_delhi,2026-05-26,CC-BY-SA-4.0
109,JANAK PURI NORTH,2.9359,28.628713,77.096527,https://bharatlas.com/view/wards_delhi,2026-05-26,CC-BY-SA-4.0
11,MUKHERJEE NAGAR,2.5839,28.712974,77.216612,https://bharatlas.com/view/wards_delhi,2026-05-26,CC-BY-SA-4.0
110,NANGAL RAYA,2.4054,28.615843,77.110385,https://bharatlas.com/view/wards_delhi,2026-05-26,CC-BY-SA-4.0
111,HARI NAGAR,2.3719,28.628226,77.120529,https://bharatlas.com/view/wards_delhi,2026-05-26,CC-BY-SA-4.0
112,SUBHASH NAGAR,1.3968,28.635474,77.11531,https://bharatlas.com/view/wards_delhi,2026-05-26,CC-BY-SA-4.0
113,MAHAVIR NAGAR,1.2847,28.632986,77.076724,https://bharatlas.com/view/wards_delhi,2026-05-26,CC-BY-SA-4.0
114,TILAK NAGAR,1.5313,28.638476,77.095906,https://bharatlas.com/view/wards_delhi,2026-05-26,CC-BY-SA-4.0
115,MAJOR BHUPINDAR SINGH NAGAR,0.9766,28.652779,77.09274,https://bharatlas.com/view/wards_delhi,2026-05-26,CC-BY-SA-4.0
116,VIKASPURI EAST,2.6514,28.647232,77.081792,https://bharatlas.com/view/wards_delhi,2026-05-26,CC-BY-SA-4.0
117,JANAK PURI WEST,2.2762,28.622755,77.079597,https://bharatlas.com/view/wards_delhi,2026-05-26,CC-BY-SA-4.0
118,JANAK PURI SOUTH,2.1701,28.616779,77.09694,https://bharatlas.com/view/wards_delhi,2026-05-26,CC-BY-SA-4.0
119,MILAP NAGAR,1.4896,28.61953,77.062519,https://bharatlas.com/view/wards_delhi,2026-05-26,CC-BY-SA-4.0
12,G.T.B. NAGAR,2.7138,28.700537,77.204299,https://bharatlas.com/view/wards_delhi,2026-05-26,CC-BY-SA-4.0
120,SITA PURI,0.7801,28.611065,77.078537,https://bharatlas.com/view/wards_delhi,2026-05-26,CC-BY-SA-4.0
121,KUNWAR SINGH NAGAR,6.5228,28.645374,77.043466,https://bharatlas.com/view/wards_delhi,2026-05-26,CC-BY-SA-4.0
122,HASTSAL,9.8422,28.644968,77.023777,https://bharatlas.com/view/wards_delhi,2026-05-26,CC-BY-SA-4.0
123,VIKAS PURI,1.74,28.627403,77.058737,https://bharatlas.com/view/wards_delhi,2026-05-26,CC-BY-SA-4.0
124,VIKAS NAGAR,2.3801,28.638703,77.069042,https://bharatlas.com/view/wards_delhi,2026-05-26,CC-BY-SA-4.0
125,MOHAN GARDEN,1.776,28.626293,77.030364,https://bharatlas.com/view/wards_delhi,2026-05-26,CC-BY-SA-4.0
126,NAWADA,0.8584,28.622554,77.042013,https://bharatlas.com/view/wards_delhi,2026-05-26,CC-BY-SA-4.0
127,UTTAM NAGAR,0.8122,28.617419,77.04356,https://bharatlas.com/view/wards_delhi,2026-05-26,CC-BY-SA-4.0
128,BINDAPUR,1.9478,28.613397,77.066676,https://bharatlas.com/view/wards_delhi,2026-05-26,CC-BY-SA-4.0
129,DABRI,1.4229,28.607482,77.089902,https://bharatlas.com/view/wards_delhi,2026-05-26,CC-BY-SA-4.0
13,DHIR PUR,6.9467,28.720341,77.193258,https://bharatlas.com/view/wards_delhi,2026-05-26,CC-BY-SA-4.0
130,MANGLAPURI,2.4488,28.597026,77.084795,https://bharatlas.com/view/wards_delhi,2026-05-26,CC-BY-SA-4.0
131,SAGARPUR,0.654,28.601817,77.102457,https://bharatlas.com/view/wards_delhi,2026-05-26,CC-BY-SA-4.0
132,SAGARPUR WEST,0.63,28.604664,77.097276,https://bharatlas.com/view/wards_delhi,2026-05-26,CC-BY-SA-4.0
133,CHHAWLA,77.9229,28.539577,76.949981,https://bharatlas.com/view/wards_delhi,2026-05-26,CC-BY-SA-4.0
134,NANGLI SAKRAVATI,22.0618,28.580401,76.994073,https://bharatlas.com/view/wards_delhi,2026-05-26,CC-BY-SA-4.0
135,KAKRAULA,9.7877,28.599055,77.027435,https://bharatlas.com/view/wards_delhi,2026-05-26,CC-BY-SA-4.0
136,MATIALA,12.1729,28.587974,77.050779,https://bharatlas.com/view/wards_delhi,2026-05-26,CC-BY-SA-4.0
137,ROSHANPURA,10.688,28.611137,76.99752,https://bharatlas.com/view/wards_delhi,2026-05-26,CC-BY-SA-4.0
138,NAJAFGARH,1.9965,28.612692,76.978699,https://bharatlas.com/view/wards_delhi,2026-05-26,CC-BY-SA-4.0
139,DICHAON KALAN,30.8299,28.641093,76.966699,https://bharatlas.com/view/wards_delhi,2026-05-26,CC-BY-SA-4.0
14,ADARASH  NAGAR,1.3419,28.715452,77.173977,https://bharatlas.com/view/wards_delhi,2026-05-26,CC-BY-SA-4.0
140,KHERA,77.0547,28.586099,76.902417,https://bharatlas.com/view/wards_delhi,2026-05-26,CC-BY-SA-4.0
141,BIJWASAN,22.9589,28.546019,77.046462,https://bharatlas.com/view/wards_delhi,2026-05-26,CC-BY-SA-4.0
142,RAJ NAGAR,0.2343,28.573169,77.082822,https://bharatlas.com/view/wards_delhi,2026-05-26,CC-BY-SA-4.0
143,KAPASHERA,21.8233,28.540989,77.086346,https://bharatlas.com/view/wards_delhi,2026-05-26,CC-BY-SA-4.0
144,MAHIPALPUR,7.4885,28.535571,77.130272,https://bharatlas.com/view/wards_delhi,2026-05-26,CC-BY-SA-4.0
145,PALAM,2.8174,28.584383,77.079993,https://bharatlas.com/view/wards_delhi,2026-05-26,CC-BY-SA-4.0
146,SADH NAGAR,0.8047,28.594273,77.095714,https://bharatlas.com/view/wards_delhi,2026-05-26,CC-BY-SA-4.0
147,MAHAVIR ENCLAVE,2.3191,28.598864,77.070667,https://bharatlas.com/view/wards_delhi,2026-05-26,CC-BY-SA-4.0
148,MADHU VIHAR,1.2253,28.608734,77.05678,https://bharatlas.com/view/wards_delhi,2026-05-26,CC-BY-SA-4.0
149,RAJENDER NAGAR,4.3531,28.637749,77.182826,https://bharatlas.com/view/wards_delhi,2026-05-26,CC-BY-SA-4.0
15,SARAI PIPAL THALA,1.7533,28.725023,77.161709,https://bharatlas.com/view/wards_delhi,2026-05-26,CC-BY-SA-4.0
150,PUSA,9.5061,28.630218,77.161671,https://bharatlas.com/view/wards_delhi,2026-05-26,CC-BY-SA-4.0
151,INDER PURI,1.1061,28.630291,77.146963,https://bharatlas.com/view/wards_delhi,2026-05-26,CC-BY-SA-4.0
152,NARAINA,1.8838,28.628205,77.138922,https://bharatlas.com/view/wards_delhi,2026-05-26,CC-BY-SA-4.0
153,DARYAGANJ,5.1322,28.634312,77.248677,https://bharatlas.com/view/wards_delhi,2026-05-26,CC-BY-SA-4.0
154,NIZAMUDDIN,7.3939,28.599201,77.250735,https://bharatlas.com/view/wards_delhi,2026-05-26,CC-BY-SA-4.0
155,LAJPAT NAGAR,1.7309,28.5726,77.246702,https://bharatlas.com/view/wards_delhi,2026-05-26,CC-BY-SA-4.0
156,BHOGAL,1.35,28.578417,77.255438,https://bharatlas.com/view/wards_delhi,2026-05-26,CC-BY-SA-4.0
157,KASTURBA NAGAR,3.0331,28.584155,77.233439,https://bharatlas.com/view/wards_delhi,2026-05-26,CC-BY-SA-4.0
158,KOTLA MUBARAKPUR,1.3684,28.5744,77.218923,https://bharatlas.com/view/wards_delhi,2026-05-26,CC-BY-SA-4.0
159,ANDREWSGANJ,3.3836,28.566536,77.228338,https://bharatlas.com/view/wards_delhi,2026-05-26,CC-BY-SA-4.0
16,JAHANGIRPURI-I,0.5885,28.726527,77.168736,https://bharatlas.com/view/wards_delhi,2026-05-26,CC-BY-SA-4.0
160,AMAR COLONY,1.7924,28.563685,77.242003,https://bharatlas.com/view/wards_delhi,2026-05-26,CC-BY-SA-4.0
161,MALVIYA NAGAR,5.5551,28.538614,77.193437,https://bharatlas.com/view/wards_delhi,2026-05-26,CC-BY-SA-4.0
162,HAUZ RANI,1.0312,28.533246,77.212759,https://bharatlas.com/view/wards_delhi,2026-05-26,CC-BY-SA-4.0
163,SAFDARJANG ENCLAVE,3.6772,28.557352,77.195782,https://bharatlas.com/view/wards_delhi,2026-05-26,CC-BY-SA-4.0
164,HAUZ KHAS,2.2942,28.554705,77.209605,https://bharatlas.com/view/wards_delhi,2026-05-26,CC-BY-SA-4.0
165,VASANT VIHAR,5.7342,28.561463,77.158312,https://bharatlas.com/view/wards_delhi,2026-05-26,CC-BY-SA-4.0
166,MUNIRKA,1.2119,28.557171,77.179422,https://bharatlas.com/view/wards_delhi,2026-05-26,CC-BY-SA-4.0
167,R. K. PURAM,2.3001,28.567767,77.178575,https://bharatlas.com/view/wards_delhi,2026-05-26,CC-BY-SA-4.0
168,NANAK PURA,3.2055,28.577578,77.167053,https://bharatlas.com/view/wards_delhi,2026-05-26,CC-BY-SA-4.0
169,LADOSARAI,6.3962,28.523821,77.187959,https://bharatlas.com/view/wards_delhi,2026-05-26,CC-BY-SA-4.0
17,SAMAYPUR BADLI,3.0704,28.738049,77.146006,https://bharatlas.com/view/wards_delhi,2026-05-26,CC-BY-SA-4.0
170,MEHRAULI,2.9787,28.516906,77.186352,https://bharatlas.com/view/wards_delhi,2026-05-26,CC-BY-SA-4.0
171,VASANTKUNJ,5.7012,28.539852,77.164411,https://bharatlas.com/view/wards_delhi,2026-05-26,CC-BY-SA-4.0
172,KISHANGARH,22.4455,28.513274,77.133934,https://bharatlas.com/view/wards_delhi,2026-05-26,CC-BY-SA-4.0
173,DEOLI,10.3846,28.497441,77.20528,https://bharatlas.com/view/wards_delhi,2026-05-26,CC-BY-SA-4.0
174,CHHATARPUR,13.0926,28.494206,77.159876,https://bharatlas.com/view/wards_delhi,2026-05-26,CC-BY-SA-4.0
175,AYA NAGAR,31.9147,28.451514,77.151565,https://bharatlas.com/view/wards_delhi,2026-05-26,CC-BY-SA-4.0
176,BHATI,46.5166,28.446317,77.203955,https://bharatlas.com/view/wards_delhi,2026-05-26,CC-BY-SA-4.0
177,SAID UL AJAIB,6.5211,28.472853,77.226634,https://bharatlas.com/view/wards_delhi,2026-05-26,CC-BY-SA-4.0
178,SANGAM VIHAR,2.5652,28.483957,77.224622,https://bharatlas.com/view/wards_delhi,2026-05-26,CC-BY-SA-4.0
179,TIGRI,2.0744,28.498214,77.229992,https://bharatlas.com/view/wards_delhi,2026-05-26,CC-BY-SA-4.0
18,LIBAS PUR,6.0164,28.758473,77.143953,https://bharatlas.com/view/wards_delhi,2026-05-26,CC-BY-SA-4.0
180,DAKSHINPURI EXT.,1.4079,28.525957,77.239111,https://bharatlas.com/view/wards_delhi,2026-05-26,CC-BY-SA-4.0
181,KHANPUR,3.5,28.510015,77.223639,https://bharatlas.com/view/wards_delhi,2026-05-26,CC-BY-SA-4.0
182,AMBEDKAR NAGAR,0.4965,28.516744,77.23335,https://bharatlas.com/view/wards_delhi,2026-05-26,CC-BY-SA-4.0
183,MADANGIR,0.4936,28.520805,77.235675,https://bharatlas.com/view/wards_delhi,2026-05-26,CC-BY-SA-4.0
184,PUSHP VIHAR,1.8173,28.524616,77.224978,https://bharatlas.com/view/wards_delhi,2026-05-26,CC-BY-SA-4.0
185,TUGHLAKABAD EXTN,2.7573,28.51667,77.249311,https://bharatlas.com/view/wards_delhi,2026-05-26,CC-BY-SA-4.0
186,SANGAM VIHAR WEST,2.7961,28.494237,77.245675,https://bharatlas.com/view/wards_delhi,2026-05-26,CC-BY-SA-4.0
187,SANGAM VIHAR CENTRAL,1.7021,28.4927,77.251173,https://bharatlas.com/view/wards_delhi,2026-05-26,CC-BY-SA-4.0
188,SANGAM VIHAR EAST,4.3979,28.501446,77.260491,https://bharatlas.com/view/wards_delhi,2026-05-26,CC-BY-SA-4.0
189,CHIRAG DELHI,2.308,28.535203,77.235786,https://bharatlas.com/view/wards_delhi,2026-05-26,CC-BY-SA-4.0
19,BHALSWA,3.5751,28.745253,77.161113,https://bharatlas.com/view/wards_delhi,2026-05-26,CC-BY-SA-4.0
190,CHITRANJAN PARK,2.2797,28.533174,77.250754,https://bharatlas.com/view/wards_delhi,2026-05-26,CC-BY-SA-4.0
191,SHAPUR JAT,4.3861,28.544815,77.22289,https://bharatlas.com/view/wards_delhi,2026-05-26,CC-BY-SA-4.0
192,GREATER KAILASH-I,3.7374,28.552729,77.24262,https://bharatlas.com/view/wards_delhi,2026-05-26,CC-BY-SA-4.0
193,SRI NIWASPURI,4.3264,28.559841,77.268084,https://bharatlas.com/view/wards_delhi,2026-05-26,CC-BY-SA-4.0
194,EAST OF KAILASH,2.7741,28.550101,77.258749,https://bharatlas.com/view/wards_delhi,2026-05-26,CC-BY-SA-4.0
195,GOVIND PURI,0.5238,28.531167,77.261309,https://bharatlas.com/view/wards_delhi,2026-05-26,CC-BY-SA-4.0
196,KALKAJI,1.2268,28.538927,77.261211,https://bharatlas.com/view/wards_delhi,2026-05-26,CC-BY-SA-4.0
197,TUGHLAKABAD,6.5808,28.514249,77.275667,https://bharatlas.com/view/wards_delhi,2026-05-26,CC-BY-SA-4.0
198,PUL PEHLAD,2.967,28.496868,77.280256,https://bharatlas.com/view/wards_delhi,2026-05-26,CC-BY-SA-4.0
199,TEKHAND,4.1697,28.519066,77.286867,https://bharatlas.com/view/wards_delhi,2026-05-26,CC-BY-SA-4.0
2,BANKNER,21.1332,28.848559,77.070691,https://bharatlas.com/view/wards_delhi,2026-05-26,CC-BY-SA-4.0
20,JAHANGIR PURI -II,0.756,28.733416,77.167759,https://bharatlas.com/view/wards_delhi,2026-05-26,CC-BY-SA-4.0
200,HARKESH NAGAR,2.2902,28.540176,77.275814,https://bharatlas.com/view/wards_delhi,2026-05-26,CC-BY-SA-4.0
201,JAITPUR,3.666,28.510428,77.32815,https://bharatlas.com/view/wards_delhi,2026-05-26,CC-BY-SA-4.0
202,MEETHEYPUR,2.709,28.49735,77.323766,https://bharatlas.com/view/wards_delhi,2026-05-26,CC-BY-SA-4.0
203,BADAR PUR,2.4592,28.503889,77.305133,https://bharatlas.com/view/wards_delhi,2026-05-26,CC-BY-SA-4.0
204,MOLARBAND,1.444,28.495727,77.312371,https://bharatlas.com/view/wards_delhi,2026-05-26,CC-BY-SA-4.0
205,ZAKIR NAGAR,2.7172,28.571907,77.278755,https://bharatlas.com/view/wards_delhi,2026-05-26,CC-BY-SA-4.0
206,OKHLA,3.6959,28.55943,77.285348,https://bharatlas.com/view/wards_delhi,2026-05-26,CC-BY-SA-4.0
207,MADANPUR KHADAR,8.2194,28.523684,77.319102,https://bharatlas.com/view/wards_delhi,2026-05-26,CC-BY-SA-4.0
208,SARITA VIHAR,7.3557,28.537775,77.300246,https://bharatlas.com/view/wards_delhi,2026-05-26,CC-BY-SA-4.0
209,MAYUR VIHAR PHASE-I,1.6605,28.605669,77.30155,https://bharatlas.com/view/wards_delhi,2026-05-26,CC-BY-SA-4.0
21,ROHINI,4.8372,28.734577,77.113871,https://bharatlas.com/view/wards_delhi,2026-05-26,CC-BY-SA-4.0
210,DALLOPURA,0.9152,28.608967,77.310846,https://bharatlas.com/view/wards_delhi,2026-05-26,CC-BY-SA-4.0
211,TRILOK PURI,3.6367,28.596973,77.288804,https://bharatlas.com/view/wards_delhi,2026-05-26,CC-BY-SA-4.0
212,NEW ASHOK NAGAR,1.6394,28.594312,77.30324,https://bharatlas.com/view/wards_delhi,2026-05-26,CC-BY-SA-4.0
213,KALYAN PURI,0.4557,28.615695,77.315147,https://bharatlas.com/view/wards_delhi,2026-05-26,CC-BY-SA-4.0
214,KHICHRIPUR,4.5711,28.611479,77.321666,https://bharatlas.com/view/wards_delhi,2026-05-26,CC-BY-SA-4.0
215,KONDLI,1.566,28.610205,77.331288,https://bharatlas.com/view/wards_delhi,2026-05-26,CC-BY-SA-4.0
216,GHAROLI,2.0385,28.617527,77.335865,https://bharatlas.com/view/wards_delhi,2026-05-26,CC-BY-SA-4.0
217,VINOD NAGAR,0.896,28.622117,77.295311,https://bharatlas.com/view/wards_delhi,2026-05-26,CC-BY-SA-4.0
218,MANDAWALI,0.9044,28.629136,77.294938,https://bharatlas.com/view/wards_delhi,2026-05-26,CC-BY-SA-4.0
219,MAYUR VIHAR PHASE II,2.3325,28.618821,77.305828,https://bharatlas.com/view/wards_delhi,2026-05-26,CC-BY-SA-4.0
22,RITHALA,2.0832,28.716718,77.107569,https://bharatlas.com/view/wards_delhi,2026-05-26,CC-BY-SA-4.0
220,PATPARGANJ,1.5564,28.609302,77.290576,https://bharatlas.com/view/wards_delhi,2026-05-26,CC-BY-SA-4.0
221,KISHAN KUNJ,1.3731,28.635776,77.271897,https://bharatlas.com/view/wards_delhi,2026-05-26,CC-BY-SA-4.0
222,LAXMI NAGAR,0.918,28.637364,77.27952,https://bharatlas.com/view/wards_delhi,2026-05-26,CC-BY-SA-4.0
223,SHAKARPUR,1.152,28.627619,77.284968,https://bharatlas.com/view/wards_delhi,2026-05-26,CC-BY-SA-4.0
224,PANDAV NAGAR,1.7738,28.621313,77.278593,https://bharatlas.com/view/wards_delhi,2026-05-26,CC-BY-SA-4.0
225,ANAND VIHAR,4.4003,28.657932,77.308528,https://bharatlas.com/view/wards_delhi,2026-05-26,CC-BY-SA-4.0
226,VISHWASH NAGAR,1.2042,28.662498,77.294467,https://bharatlas.com/view/wards_delhi,2026-05-26,CC-BY-SA-4.0
227,I.P EXTENTION,4.5282,28.635566,77.312542,https://bharatlas.com/view/wards_delhi,2026-05-26,CC-BY-SA-4.0
228,PREET VIHAR,3.4967,28.64114,77.295371,https://bharatlas.com/view/wards_delhi,2026-05-26,CC-BY-SA-4.0
229,KRISHNA  NAGAR,2.0436,28.65615,77.275405,https://bharatlas.com/view/wards_delhi,2026-05-26,CC-BY-SA-4.0
23,BUDH VIHAR,2.2115,28.715624,77.086968,https://bharatlas.com/view/wards_delhi,2026-05-26,CC-BY-SA-4.0
230,GEETA COLONY,1.2542,28.648434,77.273889,https://bharatlas.com/view/wards_delhi,2026-05-26,CC-BY-SA-4.0
231,GHONDLI,1.0175,28.649606,77.282335,https://bharatlas.com/view/wards_delhi,2026-05-26,CC-BY-SA-4.0
232,ANARKALI,0.8702,28.650238,77.28931,https://bharatlas.com/view/wards_delhi,2026-05-26,CC-BY-SA-4.0
233,DHARAMPURA,1.155,28.668435,77.25877,https://bharatlas.com/view/wards_delhi,2026-05-26,CC-BY-SA-4.0
234,GANDHI NAGAR,0.9899,28.662104,77.260055,https://bharatlas.com/view/wards_delhi,2026-05-26,CC-BY-SA-4.0
235,AZAD NAGAR,0.8815,28.665544,77.2781,https://bharatlas.com/view/wards_delhi,2026-05-26,CC-BY-SA-4.0
236,RAGHUBAR PURA,1.3016,28.667376,77.271447,https://bharatlas.com/view/wards_delhi,2026-05-26,CC-BY-SA-4.0
237,SHAHDARA,0.8799,28.668687,77.286957,https://bharatlas.com/view/wards_delhi,2026-05-26,CC-BY-SA-4.0
238,JHILMIL,1.213,28.669878,77.302801,https://bharatlas.com/view/wards_delhi,2026-05-26,CC-BY-SA-4.0
239,VIVEK VIHAR,2.4092,28.674727,77.314446,https://bharatlas.com/view/wards_delhi,2026-05-26,CC-BY-SA-4.0
24,VIJAY VIHAR,2.0921,28.708819,77.095546,https://bharatlas.com/view/wards_delhi,2026-05-26,CC-BY-SA-4.0
240,DILSHAD COLONY,0.9641,28.681584,77.325933,https://bharatlas.com/view/wards_delhi,2026-05-26,CC-BY-SA-4.0
241,DILSHAD GARDEN,2.1506,28.68495,77.309062,https://bharatlas.com/view/wards_delhi,2026-05-26,CC-BY-SA-4.0
242,NEW SEEMA PURI,0.964,28.688394,77.324278,https://bharatlas.com/view/wards_delhi,2026-05-26,CC-BY-SA-4.0
243,NAND NAGRI,0.618,28.694481,77.306285,https://bharatlas.com/view/wards_delhi,2026-05-26,CC-BY-SA-4.0
244,SUNDER NAGARI,1.0539,28.695209,77.317331,https://bharatlas.com/view/wards_delhi,2026-05-26,CC-BY-SA-4.0
245,DURGA PURI,0.9133,28.688242,77.298269,https://bharatlas.com/view/wards_delhi,2026-05-26,CC-BY-SA-4.0
246,ASHOK NAGAR,0.94,28.69584,77.296403,https://bharatlas.com/view/wards_delhi,2026-05-26,CC-BY-SA-4.0
247,RAM NAGAR,1.6398,28.677745,77.292433,https://bharatlas.com/view/wards_delhi,2026-05-26,CC-BY-SA-4.0
248,WELCOME COLONY,1.2073,28.677559,77.280122,https://bharatlas.com/view/wards_delhi,2026-05-26,CC-BY-SA-4.0
249,CHAUHAN BANGER,0.5875,28.681411,77.270858,https://bharatlas.com/view/wards_delhi,2026-05-26,CC-BY-SA-4.0
25,POOTH KALAN,8.4683,28.71812,77.075138,https://bharatlas.com/view/wards_delhi,2026-05-26,CC-BY-SA-4.0
250,ZAFFRABAD,0.4046,28.674535,77.266665,https://bharatlas.com/view/wards_delhi,2026-05-26,CC-BY-SA-4.0
251,NEW USMANPUR,1.9523,28.678598,77.258412,https://bharatlas.com/view/wards_delhi,2026-05-26,CC-BY-SA-4.0
252,MAUJPUR,0.753,28.689573,77.274922,https://bharatlas.com/view/wards_delhi,2026-05-26,CC-BY-SA-4.0
253,BHAJANPURA,1.1722,28.697677,77.257367,https://bharatlas.com/view/wards_delhi,2026-05-26,CC-BY-SA-4.0
254,BRAHAM PURI,1.0632,28.687587,77.257473,https://bharatlas.com/view/wards_delhi,2026-05-26,CC-BY-SA-4.0
255,GHONDA,0.7806,28.690153,77.265758,https://bharatlas.com/view/wards_delhi,2026-05-26,CC-BY-SA-4.0
256,YAMUNA VIHAR,1.3303,28.700135,77.271447,https://bharatlas.com/view/wards_delhi,2026-05-26,CC-BY-SA-4.0
257,SUBHASH MOHALLA,0.5765,28.695448,77.272122,https://bharatlas.com/view/wards_delhi,2026-05-26,CC-BY-SA-4.0
258,KARDAM PURI,1.4726,28.694376,77.286715,https://bharatlas.com/view/wards_delhi,2026-05-26,CC-BY-SA-4.0
259,JANTA COLONY,0.6155,28.683531,77.279372,https://bharatlas.com/view/wards_delhi,2026-05-26,CC-BY-SA-4.0
26,SAHIBABAD DAULAT PUR,13.2027,28.74769,77.095191,https://bharatlas.com/view/wards_delhi,2026-05-26,CC-BY-SA-4.0
260,BABAR PUR,0.7108,28.686719,77.285577,https://bharatlas.com/view/wards_delhi,2026-05-26,CC-BY-SA-4.0
261,JIWANPUR,1.6503,28.713112,77.282626,https://bharatlas.com/view/wards_delhi,2026-05-26,CC-BY-SA-4.0
262,GOKALPUR,1.1836,28.705009,77.287994,https://bharatlas.com/view/wards_delhi,2026-05-26,CC-BY-SA-4.0
263,SABOLI,1.8437,28.706586,77.305124,https://bharatlas.com/view/wards_delhi,2026-05-26,CC-BY-SA-4.0
264,HARSH VIHAR,2.5361,28.705398,77.317897,https://bharatlas.com/view/wards_delhi,2026-05-26,CC-BY-SA-4.0
265,SHIV VIHAR,1.7405,28.726007,77.279063,https://bharatlas.com/view/wards_delhi,2026-05-26,CC-BY-SA-4.0
266,KARAWAL NAGAR EAST,1.2538,28.718886,77.272291,https://bharatlas.com/view/wards_delhi,2026-05-26,CC-BY-SA-4.0
267,NEHRU VIHAR,0.1417,28.708465,77.263881,https://bharatlas.com/view/wards_delhi,2026-05-26,CC-BY-SA-4.0
268,MUSTAFABAD,1.2883,28.709959,77.27017,https://bharatlas.com/view/wards_delhi,2026-05-26,CC-BY-SA-4.0
269,KHAJOORI KHAS,1.1262,28.707337,77.25898,https://bharatlas.com/view/wards_delhi,2026-05-26,CC-BY-SA-4.0
27,BEGUMPUR,46.5628,28.765128,77.022542,https://bharatlas.com/view/wards_delhi,2026-05-26,CC-BY-SA-4.0
270,TUKHMIR PUR,0.4809,28.71461,77.261119,https://bharatlas.com/view/wards_delhi,2026-05-26,CC-BY-SA-4.0
271,KARAWAL NAGAR WEST,2.0837,28.727641,77.265496,https://bharatlas.com/view/wards_delhi,2026-05-26,CC-BY-SA-4.0
272,SONIA VIHAR,6.7782,28.731691,77.251064,https://bharatlas.com/view/wards_delhi,2026-05-26,CC-BY-SA-4.0
28,BAWANA,56.5784,28.807891,77.009518,https://bharatlas.com/view/wards_delhi,2026-05-26,CC-BY-SA-4.0
29,KARALA,37.7407,28.737747,77.000993,https://bharatlas.com/view/wards_delhi,2026-05-26,CC-BY-SA-4.0
3,ALIPUR,49.0241,28.793529,77.102717,https://bharatlas.com/view/wards_delhi,2026-05-26,CC-BY-SA-4.0
30,MUNDAKA,53.0234,28.687811,76.994837,https://bharatlas.com/view/wards_delhi,2026-05-26,CC-BY-SA-4.0
31,NANGLOI JAT WEST,1.9274,28.684232,77.048024,https://bharatlas.com/view/wards_delhi,2026-05-26,CC-BY-SA-4.0
32,NILOTHI,4.0294,28.670686,77.05398,https://bharatlas.com/view/wards_delhi,2026-05-26,CC-BY-SA-4.0
33,PREM NAGAR,0.7889,28.705628,77.057015,https://bharatlas.com/view/wards_delhi,2026-05-26,CC-BY-SA-4.0
34,NITHARI,5.6363,28.705109,77.03713,https://bharatlas.com/view/wards_delhi,2026-05-26,CC-BY-SA-4.0
35,KIRARI SULEMAN NAGAR,2.9784,28.696636,77.057328,https://bharatlas.com/view/wards_delhi,2026-05-26,CC-BY-SA-4.0
36,PRATAP VIHAR,1.1065,28.690266,77.049236,https://bharatlas.com/view/wards_delhi,2026-05-26,CC-BY-SA-4.0
37,SULTANPURI  EAST,0.8144,28.697802,77.078124,https://bharatlas.com/view/wards_delhi,2026-05-26,CC-BY-SA-4.0
38,MANGOL PURI  NORTH,0.5826,28.70015,77.087302,https://bharatlas.com/view/wards_delhi,2026-05-26,CC-BY-SA-4.0
39,SULTANPUR MAJRA,0.669,28.697624,77.072356,https://bharatlas.com/view/wards_delhi,2026-05-26,CC-BY-SA-4.0
4,BAKHTAWAR PUR,53.9519,28.82199,77.176175,https://bharatlas.com/view/wards_delhi,2026-05-26,CC-BY-SA-4.0
40,SULTANPURI  SOUTH,0.8554,28.688717,77.070543,https://bharatlas.com/view/wards_delhi,2026-05-26,CC-BY-SA-4.0
41,GURU HARKISHAN NAGAR,2.7753,28.666069,77.084966,https://bharatlas.com/view/wards_delhi,2026-05-26,CC-BY-SA-4.0
42,PERAGHARHI,1.8728,28.679329,77.08568,https://bharatlas.com/view/wards_delhi,2026-05-26,CC-BY-SA-4.0
43,NANGLOI EAST,2.4413,28.675106,77.066517,https://bharatlas.com/view/wards_delhi,2026-05-26,CC-BY-SA-4.0
44,QUAMMRUDDIN NAGAR,5.635,28.657105,77.066163,https://bharatlas.com/view/wards_delhi,2026-05-26,CC-BY-SA-4.0
45,ROHINI SOUTH,2.1749,28.701708,77.107359,https://bharatlas.com/view/wards_delhi,2026-05-26,CC-BY-SA-4.0
46,MANGOLPURI  EAST,0.8909,28.691288,77.09527,https://bharatlas.com/view/wards_delhi,2026-05-26,CC-BY-SA-4.0
47,MANGOLPURI,0.8714,28.696525,77.091045,https://bharatlas.com/view/wards_delhi,2026-05-26,CC-BY-SA-4.0
48,MANGOLPURI  WEST,1.4594,28.688859,77.083924,https://bharatlas.com/view/wards_delhi,2026-05-26,CC-BY-SA-4.0
49,ROHINI NORTH,3.3666,28.73562,77.133799,https://bharatlas.com/view/wards_delhi,2026-05-26,CC-BY-SA-4.0
5,BHALASWA JAHAGIR PUR,13.1083,28.769269,77.161555,https://bharatlas.com/view/wards_delhi,2026-05-26,CC-BY-SA-4.0
50,ROHINI CENTRAL,3.0269,28.721441,77.123887,https://bharatlas.com/view/wards_delhi,2026-05-26,CC-BY-SA-4.0
51,ROHINI EAST,2.2632,28.708414,77.128636,https://bharatlas.com/view/wards_delhi,2026-05-26,CC-BY-SA-4.0
52,NAHARPUR,1.2096,28.710421,77.117796,https://bharatlas.com/view/wards_delhi,2026-05-26,CC-BY-SA-4.0
53,PITAMPURA SOUTH,2.3828,28.701361,77.145773,https://bharatlas.com/view/wards_delhi,2026-05-26,CC-BY-SA-4.0
54,PITAMPUR NORTH,2.4729,28.716662,77.144501,https://bharatlas.com/view/wards_delhi,2026-05-26,CC-BY-SA-4.0
55,SHALIMAR BAGH NORTH,2.2265,28.717458,77.154862,https://bharatlas.com/view/wards_delhi,2026-05-26,CC-BY-SA-4.0
56,SHALIMAR BAGH SOUTH,2.1455,28.707552,77.162594,https://bharatlas.com/view/wards_delhi,2026-05-26,CC-BY-SA-4.0
57,PASCHIM VIHAR SOUTH,2.9605,28.665814,77.101039,https://bharatlas.com/view/wards_delhi,2026-05-26,CC-BY-SA-4.0
58,PASCHIM VIHAR NORTH,2.1568,28.676954,77.105068,https://bharatlas.com/view/wards_delhi,2026-05-26,CC-BY-SA-4.0
59,RANI BAGH,3.3318,28.682232,77.126685,https://bharatlas.com/view/wards_delhi,2026-05-26,CC-BY-SA-4.0
6,MUKUND PUR,5.5411,28.746735,77.18797,https://bharatlas.com/view/wards_delhi,2026-05-26,CC-BY-SA-4.0
60,SARASWATI VIHAR,3.9838,28.690554,77.112762,https://bharatlas.com/view/wards_delhi,2026-05-26,CC-BY-SA-4.0
61,TRI NAGAR,0.9533,28.677574,77.161594,https://bharatlas.com/view/wards_delhi,2026-05-26,CC-BY-SA-4.0
62,RAMPURA,2.5062,28.679215,77.147221,https://bharatlas.com/view/wards_delhi,2026-05-26,CC-BY-SA-4.0
63,KOHAT ENCLAVE,2.0426,28.693461,77.136383,https://bharatlas.com/view/wards_delhi,2026-05-26,CC-BY-SA-4.0
64,SHAKUR PUR,1.0179,28.690454,77.147668,https://bharatlas.com/view/wards_delhi,2026-05-26,CC-BY-SA-4.0
65,NIMRI COLONY,1.2623,28.681883,77.172604,https://bharatlas.com/view/wards_delhi,2026-05-26,CC-BY-SA-4.0
66,SAWAN PARK,2.3543,28.690822,77.18002,https://bharatlas.com/view/wards_delhi,2026-05-26,CC-BY-SA-4.0
67,WAJIRPUR,1.9124,28.688023,77.161617,https://bharatlas.com/view/wards_delhi,2026-05-26,CC-BY-SA-4.0
68,ASHOK VIHAR,2.0363,28.696995,77.166866,https://bharatlas.com/view/wards_delhi,2026-05-26,CC-BY-SA-4.0
69,KAMLA NAGAR,2.4163,28.677956,77.194904,https://bharatlas.com/view/wards_delhi,2026-05-26,CC-BY-SA-4.0
7,BURARI,17.3314,28.769474,77.20214,https://bharatlas.com/view/wards_delhi,2026-05-26,CC-BY-SA-4.0
70,RANA PRATAP BAGH,1.372,28.68778,77.195067,https://bharatlas.com/view/wards_delhi,2026-05-26,CC-BY-SA-4.0
71,SANGAM PARK,1.0556,28.698677,77.183793,https://bharatlas.com/view/wards_delhi,2026-05-26,CC-BY-SA-4.0
72,MODEL TOWN,2.8131,28.701933,77.191341,https://bharatlas.com/view/wards_delhi,2026-05-26,CC-BY-SA-4.0
73,SHASTRI NAGAR,1.4389,28.673473,77.180546,https://bharatlas.com/view/wards_delhi,2026-05-26,CC-BY-SA-4.0
74,INDER LOK COLONY,2.4902,28.666255,77.17564,https://bharatlas.com/view/wards_delhi,2026-05-26,CC-BY-SA-4.0
75,KISHAN GANJ,1.2244,28.666355,77.194731,https://bharatlas.com/view/wards_delhi,2026-05-26,CC-BY-SA-4.0
76,DEPUTY GANJ,1.0732,28.66294,77.20808,https://bharatlas.com/view/wards_delhi,2026-05-26,CC-BY-SA-4.0
77,KASHMERE GATE,3.4577,28.672396,77.228895,https://bharatlas.com/view/wards_delhi,2026-05-26,CC-BY-SA-4.0
78,MAJNU KA TILA,3.6615,28.679118,77.219645,https://bharatlas.com/view/wards_delhi,2026-05-26,CC-BY-SA-4.0
79,JAMA MASJID,0.7747,28.649591,77.236203,https://bharatlas.com/view/wards_delhi,2026-05-26,CC-BY-SA-4.0
8,JHARODA,12.4987,28.740442,77.218766,https://bharatlas.com/view/wards_delhi,2026-05-26,CC-BY-SA-4.0
80,CHANDNI CHOWK,2.614,28.657123,77.234455,https://bharatlas.com/view/wards_delhi,2026-05-26,CC-BY-SA-4.0
81,MINTO ROAD,2.5277,28.636863,77.231947,https://bharatlas.com/view/wards_delhi,2026-05-26,CC-BY-SA-4.0
82,KUCHA PANDIT,0.3389,28.647548,77.225885,https://bharatlas.com/view/wards_delhi,2026-05-26,CC-BY-SA-4.0
83,BAZAR SITARAM,0.3573,28.646979,77.230982,https://bharatlas.com/view/wards_delhi,2026-05-26,CC-BY-SA-4.0
84,TURKMAN GATE,0.239,28.64341,77.235315,https://bharatlas.com/view/wards_delhi,2026-05-26,CC-BY-SA-4.0
85,IDGAH ROAD,0.7744,28.653422,77.217167,https://bharatlas.com/view/wards_delhi,2026-05-26,CC-BY-SA-4.0
86,BALLIMARAN,0.5301,28.653266,77.225247,https://bharatlas.com/view/wards_delhi,2026-05-26,CC-BY-SA-4.0
87,RAM NAGAR,0.4243,28.64926,77.215646,https://bharatlas.com/view/wards_delhi,2026-05-26,CC-BY-SA-4.0
88,QASABPURA,0.7509,28.654322,77.20824,https://bharatlas.com/view/wards_delhi,2026-05-26,CC-BY-SA-4.0
89,PAHAR GANJ,1.0373,28.642401,77.211932,https://bharatlas.com/view/wards_delhi,2026-05-26,CC-BY-SA-4.0
9,MALKAGANJ,0.9918,28.673776,77.207297,https://bharatlas.com/view/wards_delhi,2026-05-26,CC-BY-SA-4.0
90,MODEL BASTI,1.457,28.651673,77.202852,https://bharatlas.com/view/wards_delhi,2026-05-26,CC-BY-SA-4.0
91,KAROL BAGH,2.2826,28.655115,77.192097,https://bharatlas.com/view/wards_delhi,2026-05-26,CC-BY-SA-4.0
92,DEV NAGAR,0.7554,28.653197,77.180514,https://bharatlas.com/view/wards_delhi,2026-05-26,CC-BY-SA-4.0
93,BALJIT NAGAR,0.388,28.65582,77.159655,https://bharatlas.com/view/wards_delhi,2026-05-26,CC-BY-SA-4.0
94,WEST PATEL NAGAR,1.0595,28.658721,77.161944,https://bharatlas.com/view/wards_delhi,2026-05-26,CC-BY-SA-4.0
95,EAST PATEL NAGAR,2.3765,28.651776,77.173329,https://bharatlas.com/view/wards_delhi,2026-05-26,CC-BY-SA-4.0
96,NEW RANJIT NAGAR,0.8349,28.648185,77.161241,https://bharatlas.com/view/wards_delhi,2026-05-26,CC-BY-SA-4.0
97,KIRTI NAGAR,3.3802,28.654834,77.141285,https://bharatlas.com/view/wards_delhi,2026-05-26,CC-BY-SA-4.0
98,MANSAROWER GARDEN,1.6024,28.642391,77.132906,https://bharatlas.com/view/wards_delhi,2026-05-26,CC-BY-SA-4.0
99,MOTI NAGAR,0.9657,28.670095,77.145846,https://bharatlas.com/view/wards_delhi,2026-05-26,CC-BY-SA-4.0
CANT_1,DELHI CANTT CHARGE 1,1.2747,28.621415,77.1318,https://bharatlas.com/view/wards_delhi,2026-05-26,CC-BY-SA-4.0
CANT_2,DELHI CANTT CHARGE 2,8.7602,28.610588,77.142895,https://bharatlas.com/view/wards_delhi,2026-05-26,CC-BY-SA-4.0
CANT_3,DELHI CANTT CHARGE 3,5.0843,28.593396,77.146222,https://bharatlas.com/view/wards_delhi,2026-05-26,CC-BY-SA-4.0
CANT_4,DELHI CANTT CHARGE 4,8.3822,28.563167,77.145557,https://bharatlas.com/view/wards_delhi,2026-05-26,CC-BY-SA-4.0
CANT_5,DELHI CANTT CHARGE 5,3.4935,28.576558,77.13216,https://bharatlas.com/view/wards_delhi,2026-05-26,CC-BY-SA-4.0
CANT_6,DELHI CANTT CHARGE 6,15.2477,28.570268,77.107509,https://bharatlas.com/view/wards_delhi,2026-05-26,CC-BY-SA-4.0
CANT_7,DELHI CANTT CHARGE 7,3.8856,28.59516,77.110073,https://bharatlas.com/view/wards_delhi,2026-05-26,CC-BY-SA-4.0
CANT_8,DELHI CANTT CHARGE 8,1.753,28.600386,77.125589,https://bharatlas.com/view/wards_delhi,2026-05-26,CC-BY-SA-4.0
NDMC_1,NDMC CHARGE 1,3.9427,28.62097,77.231976,https://bharatlas.com/view/wards_delhi,2026-05-26,CC-BY-SA-4.0
NDMC_2,NDMC CHARGE 2,1.8398,28.635958,77.212528,https://bharatlas.com/view/wards_delhi,2026-05-26,CC-BY-SA-4.0
NDMC_3,NDMC CHARGE 3,8.9824,28.619071,77.18899,https://bharatlas.com/view/wards_delhi,2026-05-26,CC-BY-SA-4.0
NDMC_4,NDMC CHARGE 4,4.376,28.620381,77.214119,https://bharatlas.com/view/wards_delhi,2026-05-26,CC-BY-SA-4.0
NDMC_5,NDMC CHARGE 5,7.9654,28.60197,77.220359,https://bharatlas.com/view/wards_delhi,2026-05-26,CC-BY-SA-4.0
NDMC_6,NDMC CHARGE 6,1.356,28.584645,77.21855,https://bharatlas.com/view/wards_delhi,2026-05-26,CC-BY-SA-4.0
NDMC_7,NDMC CHARGE 7,3.0264,28.570641,77.205433,https://bharatlas.com/view/wards_delhi,2026-05-26,CC-BY-SA-4.0
NDMC_8,NDMC CHARGE 8,1.0819,28.577015,77.195982,https://bharatlas.com/view/wards_delhi,2026-05-26,CC-BY-SA-4.0
NDMC_9,NDMC CHARGE 9,11.0145,28.590084,77.189996,https://bharatlas.com/view/wards_delhi,2026-05-26,CC-BY-SA-4.0
UNNUMBERED_001,Unnamed Boundary (UNNUMBERED_001),37.1126,28.645008,77.260774,https://bharatlas.com/view/wards_delhi,2026-05-26,CC-BY-SA-4.0
