ward_id,ward_name,area_sq_km,centroid_lat,centroid_lon,data_source,snapshot_date,license,population_estimate_2020,population_density_per_sq_km,population_score,population_density_score,exposure_score,population_raster_valid_pixels,population_year,population_source,population_license,population_method
1,NARELA,20.2717,28.846169,77.112269,https://bharatlas.com/view/wards_delhi,2026-05-26,CC-BY-SA-4.0,107464,5301.18,62.94,0.06,25.21,1951,2020,https://hub.worldpop.org/geodata/summary?id=41746,CC-BY-4.0,WorldPop 1km density reprojected to 100m; density integrated over ward area
10,TIMAR PUR,4.7792,28.699227,77.218765,https://bharatlas.com/view/wards_delhi,2026-05-26,CC-BY-SA-4.0,107771,22550.01,63.15,33.08,45.11,479,2020,https://hub.worldpop.org/geodata/summary?id=41746,CC-BY-4.0,WorldPop 1km density reprojected to 100m; density integrated over ward area
100,KARAM PURA,2.2437,28.665524,77.154462,https://bharatlas.com/view/wards_delhi,2026-05-26,CC-BY-SA-4.0,85704,38197.62,48.39,63.04,57.18,227,2020,https://hub.worldpop.org/geodata/summary?id=41746,CC-BY-4.0,WorldPop 1km density reprojected to 100m; density integrated over ward area
101,RAJA GARDEN,2.217,28.654711,77.123739,https://bharatlas.com/view/wards_delhi,2026-05-26,CC-BY-SA-4.0,72850,32859.72,39.79,52.82,47.61,218,2020,https://hub.worldpop.org/geodata/summary?id=41746,CC-BY-4.0,WorldPop 1km density reprojected to 100m; density integrated over ward area
102,RAGHUBIR NAGAR,0.6231,28.65782,77.113048,https://bharatlas.com/view/wards_delhi,2026-05-26,CC-BY-SA-4.0,21070,33814.8,5.15,54.65,34.85,62,2020,https://hub.worldpop.org/geodata/summary?id=41746,CC-BY-4.0,WorldPop 1km density reprojected to 100m; density integrated over ward area
103,PUNJABI BAGH,3.1322,28.668223,77.126507,https://bharatlas.com/view/wards_delhi,2026-05-26,CC-BY-SA-4.0,85113,27173.55,47.99,41.94,44.36,312,2020,https://hub.worldpop.org/geodata/summary?id=41746,CC-BY-4.0,WorldPop 1km density reprojected to 100m; density integrated over ward area
104,MADIPUR,0.578,28.671289,77.115131,https://bharatlas.com/view/wards_delhi,2026-05-26,CC-BY-SA-4.0,15583,26960.21,1.48,41.53,25.51,59,2020,https://hub.worldpop.org/geodata/summary?id=41746,CC-BY-4.0,WorldPop 1km density reprojected to 100m; density integrated over ward area
105,RAJOURI GARDEN,2.2677,28.643542,77.118254,https://bharatlas.com/view/wards_delhi,2026-05-26,CC-BY-SA-4.0,84991,37478.94,47.91,61.66,56.16,227,2020,https://hub.worldpop.org/geodata/summary?id=41746,CC-BY-4.0,WorldPop 1km density reprojected to 100m; density integrated over ward area
106,TAGORE GARDEN,0.8245,28.645627,77.104598,https://bharatlas.com/view/wards_delhi,2026-05-26,CC-BY-SA-4.0,34732,42124.92,14.29,70.56,48.05,84,2020,https://hub.worldpop.org/geodata/summary?id=41746,CC-BY-4.0,WorldPop 1km density reprojected to 100m; density integrated over ward area
107,VISHNU GARDEN,0.4829,28.648022,77.096521,https://bharatlas.com/view/wards_delhi,2026-05-26,CC-BY-SA-4.0,19980,41375.03,4.42,69.12,43.24,48,2020,https://hub.worldpop.org/geodata/summary?id=41746,CC-BY-4.0,WorldPop 1km density reprojected to 100m; density integrated over ward area
108,KHYALA,1.4212,28.653619,77.103456,https://bharatlas.com/view/wards_delhi,2026-05-26,CC-BY-SA-4.0,55523,39067.69,28.2,64.71,50.11,142,2020,https://hub.worldpop.org/geodata/summary?id=41746,CC-BY-4.0,WorldPop 1km density reprojected to 100m; density integrated over ward area
109,JANAK PURI NORTH,2.9359,28.628713,77.096527,https://bharatlas.com/view/wards_delhi,2026-05-26,CC-BY-SA-4.0,102812,35018.9,59.83,56.96,58.11,290,2020,https://hub.worldpop.org/geodata/summary?id=41746,CC-BY-4.0,WorldPop 1km density reprojected to 100m; density integrated over ward area
11,MUKHERJEE NAGAR,2.5839,28.712974,77.216612,https://bharatlas.com/view/wards_delhi,2026-05-26,CC-BY-SA-4.0,68958,26687.57,37.18,41.01,39.48,258,2020,https://hub.worldpop.org/geodata/summary?id=41746,CC-BY-4.0,WorldPop 1km density reprojected to 100m; density integrated over ward area
110,NANGAL RAYA,2.4054,28.615843,77.110385,https://bharatlas.com/view/wards_delhi,2026-05-26,CC-BY-SA-4.0,64207,26692.86,34.01,41.02,38.22,242,2020,https://hub.worldpop.org/geodata/summary?id=41746,CC-BY-4.0,WorldPop 1km density reprojected to 100m; density integrated over ward area
111,HARI NAGAR,2.3719,28.628226,77.120529,https://bharatlas.com/view/wards_delhi,2026-05-26,CC-BY-SA-4.0,64851,27341.37,34.44,42.26,39.13,239,2020,https://hub.worldpop.org/geodata/summary?id=41746,CC-BY-4.0,WorldPop 1km density reprojected to 100m; density integrated over ward area
112,SUBHASH NAGAR,1.3968,28.635474,77.11531,https://bharatlas.com/view/wards_delhi,2026-05-26,CC-BY-SA-4.0,43922,31444.73,20.44,50.11,38.24,135,2020,https://hub.worldpop.org/geodata/summary?id=41746,CC-BY-4.0,WorldPop 1km density reprojected to 100m; density integrated over ward area
113,MAHAVIR NAGAR,1.2847,28.632986,77.076724,https://bharatlas.com/view/wards_delhi,2026-05-26,CC-BY-SA-4.0,46655,36315.87,22.27,59.44,44.57,124,2020,https://hub.worldpop.org/geodata/summary?id=41746,CC-BY-4.0,WorldPop 1km density reprojected to 100m; density integrated over ward area
114,TILAK NAGAR,1.5313,28.638476,77.095906,https://bharatlas.com/view/wards_delhi,2026-05-26,CC-BY-SA-4.0,62601,40880.95,32.93,68.18,54.08,155,2020,https://hub.worldpop.org/geodata/summary?id=41746,CC-BY-4.0,WorldPop 1km density reprojected to 100m; density integrated over ward area
115,MAJOR BHUPINDAR SINGH NAGAR,0.9766,28.652779,77.09274,https://bharatlas.com/view/wards_delhi,2026-05-26,CC-BY-SA-4.0,34374,35197.62,14.05,57.3,40.0,101,2020,https://hub.worldpop.org/geodata/summary?id=41746,CC-BY-4.0,WorldPop 1km density reprojected to 100m; density integrated over ward area
116,VIKASPURI EAST,2.6514,28.647232,77.081792,https://bharatlas.com/view/wards_delhi,2026-05-26,CC-BY-SA-4.0,80114,30215.74,44.65,47.76,46.52,260,2020,https://hub.worldpop.org/geodata/summary?id=41746,CC-BY-4.0,WorldPop 1km density reprojected to 100m; density integrated over ward area
117,JANAK PURI WEST,2.2762,28.622755,77.079597,https://bharatlas.com/view/wards_delhi,2026-05-26,CC-BY-SA-4.0,73642,32353.04,40.32,51.85,47.24,227,2020,https://hub.worldpop.org/geodata/summary?id=41746,CC-BY-4.0,WorldPop 1km density reprojected to 100m; density integrated over ward area
118,JANAK PURI SOUTH,2.1701,28.616779,77.09694,https://bharatlas.com/view/wards_delhi,2026-05-26,CC-BY-SA-4.0,62974,29018.94,33.18,45.47,40.55,218,2020,https://hub.worldpop.org/geodata/summary?id=41746,CC-BY-4.0,WorldPop 1km density reprojected to 100m; density integrated over ward area
119,MILAP NAGAR,1.4896,28.61953,77.062519,https://bharatlas.com/view/wards_delhi,2026-05-26,CC-BY-SA-4.0,45204,30346.4,21.3,48.01,37.33,152,2020,https://hub.worldpop.org/geodata/summary?id=41746,CC-BY-4.0,WorldPop 1km density reprojected to 100m; density integrated over ward area
12,G.T.B. NAGAR,2.7138,28.700537,77.204299,https://bharatlas.com/view/wards_delhi,2026-05-26,CC-BY-SA-4.0,79466,29282.19,44.21,45.97,45.27,272,2020,https://hub.worldpop.org/geodata/summary?id=41746,CC-BY-4.0,WorldPop 1km density reprojected to 100m; density integrated over ward area
120,SITA PURI,0.7801,28.611065,77.078537,https://bharatlas.com/view/wards_delhi,2026-05-26,CC-BY-SA-4.0,18665,23926.42,3.54,35.72,22.85,81,2020,https://hub.worldpop.org/geodata/summary?id=41746,CC-BY-4.0,WorldPop 1km density reprojected to 100m; density integrated over ward area
121,KUNWAR SINGH NAGAR,6.5228,28.645374,77.043466,https://bharatlas.com/view/wards_delhi,2026-05-26,CC-BY-SA-4.0,155525,23843.29,95.09,35.56,59.37,655,2020,https://hub.worldpop.org/geodata/summary?id=41746,CC-BY-4.0,WorldPop 1km density reprojected to 100m; density integrated over ward area
122,HASTSAL,9.8422,28.644968,77.023777,https://bharatlas.com/view/wards_delhi,2026-05-26,CC-BY-SA-4.0,165865,16852.43,100.0,22.18,53.31,985,2020,https://hub.worldpop.org/geodata/summary?id=41746,CC-BY-4.0,WorldPop 1km density reprojected to 100m; density integrated over ward area
123,VIKAS PURI,1.74,28.627403,77.058737,https://bharatlas.com/view/wards_delhi,2026-05-26,CC-BY-SA-4.0,53747,30889.08,27.01,49.05,40.23,174,2020,https://hub.worldpop.org/geodata/summary?id=41746,CC-BY-4.0,WorldPop 1km density reprojected to 100m; density integrated over ward area
124,VIKAS NAGAR,2.3801,28.638703,77.069042,https://bharatlas.com/view/wards_delhi,2026-05-26,CC-BY-SA-4.0,73547,30900.8,40.25,49.07,45.54,242,2020,https://hub.worldpop.org/geodata/summary?id=41746,CC-BY-4.0,WorldPop 1km density reprojected to 100m; density integrated over ward area
125,MOHAN GARDEN,1.776,28.626293,77.030364,https://bharatlas.com/view/wards_delhi,2026-05-26,CC-BY-SA-4.0,45325,25520.83,21.38,38.77,31.81,178,2020,https://hub.worldpop.org/geodata/summary?id=41746,CC-BY-4.0,WorldPop 1km density reprojected to 100m; density integrated over ward area
126,NAWADA,0.8584,28.622554,77.042013,https://bharatlas.com/view/wards_delhi,2026-05-26,CC-BY-SA-4.0,29570,34447.81,10.84,55.86,37.85,87,2020,https://hub.worldpop.org/geodata/summary?id=41746,CC-BY-4.0,WorldPop 1km density reprojected to 100m; density integrated over ward area
127,UTTAM NAGAR,0.8122,28.617419,77.04356,https://bharatlas.com/view/wards_delhi,2026-05-26,CC-BY-SA-4.0,23410,28822.95,6.72,45.09,29.74,82,2020,https://hub.worldpop.org/geodata/summary?id=41746,CC-BY-4.0,WorldPop 1km density reprojected to 100m; density integrated over ward area
128,BINDAPUR,1.9478,28.613397,77.066676,https://bharatlas.com/view/wards_delhi,2026-05-26,CC-BY-SA-4.0,39724,20394.29,17.63,28.96,24.43,192,2020,https://hub.worldpop.org/geodata/summary?id=41746,CC-BY-4.0,WorldPop 1km density reprojected to 100m; density integrated over ward area
129,DABRI,1.4229,28.607482,77.089902,https://bharatlas.com/view/wards_delhi,2026-05-26,CC-BY-SA-4.0,32227,22648.82,12.62,33.27,25.01,139,2020,https://hub.worldpop.org/geodata/summary?id=41746,CC-BY-4.0,WorldPop 1km density reprojected to 100m; density integrated over ward area
13,DHIR PUR,6.9467,28.720341,77.193258,https://bharatlas.com/view/wards_delhi,2026-05-26,CC-BY-SA-4.0,148704,21406.42,90.53,30.89,54.75,695,2020,https://hub.worldpop.org/geodata/summary?id=41746,CC-BY-4.0,WorldPop 1km density reprojected to 100m; density integrated over ward area
130,MANGLAPURI,2.4488,28.597026,77.084795,https://bharatlas.com/view/wards_delhi,2026-05-26,CC-BY-SA-4.0,55684,22739.3,28.31,33.45,31.39,243,2020,https://hub.worldpop.org/geodata/summary?id=41746,CC-BY-4.0,WorldPop 1km density reprojected to 100m; density integrated over ward area
131,SAGARPUR,0.654,28.601817,77.102457,https://bharatlas.com/view/wards_delhi,2026-05-26,CC-BY-SA-4.0,11608,17749.24,0.0,23.89,14.33,66,2020,https://hub.worldpop.org/geodata/summary?id=41746,CC-BY-4.0,WorldPop 1km density reprojected to 100m; density integrated over ward area
132,SAGARPUR WEST,0.63,28.604664,77.097276,https://bharatlas.com/view/wards_delhi,2026-05-26,CC-BY-SA-4.0,13506,21438.1,0.09,30.96,18.61,64,2020,https://hub.worldpop.org/geodata/summary?id=41746,CC-BY-4.0,WorldPop 1km density reprojected to 100m; density integrated over ward area
133,CHHAWLA,77.9229,28.539577,76.949981,https://bharatlas.com/view/wards_delhi,2026-05-26,CC-BY-SA-4.0,205529,2637.59,100.0,0.0,40.0,7500,2020,https://hub.worldpop.org/geodata/summary?id=41746,CC-BY-4.0,WorldPop 1km density reprojected to 100m; density integrated over ward area
134,NANGLI SAKRAVATI,22.0618,28.580401,76.994073,https://bharatlas.com/view/wards_delhi,2026-05-26,CC-BY-SA-4.0,153186,6943.5,93.52,3.21,39.33,2207,2020,https://hub.worldpop.org/geodata/summary?id=41746,CC-BY-4.0,WorldPop 1km density reprojected to 100m; density integrated over ward area
135,KAKRAULA,9.7877,28.599055,77.027435,https://bharatlas.com/view/wards_delhi,2026-05-26,CC-BY-SA-4.0,135553,13849.32,81.73,16.43,42.55,976,2020,https://hub.worldpop.org/geodata/summary?id=41746,CC-BY-4.0,WorldPop 1km density reprojected to 100m; density integrated over ward area
136,MATIALA,12.1729,28.587974,77.050779,https://bharatlas.com/view/wards_delhi,2026-05-26,CC-BY-SA-4.0,164377,13503.52,100.0,15.77,49.46,1218,2020,https://hub.worldpop.org/geodata/summary?id=41746,CC-BY-4.0,WorldPop 1km density reprojected to 100m; density integrated over ward area
137,ROSHANPURA,10.688,28.611137,76.99752,https://bharatlas.com/view/wards_delhi,2026-05-26,CC-BY-SA-4.0,187037,17499.72,100.0,23.42,54.05,1064,2020,https://hub.worldpop.org/geodata/summary?id=41746,CC-BY-4.0,WorldPop 1km density reprojected to 100m; density integrated over ward area
138,NAJAFGARH,1.9965,28.612692,76.978699,https://bharatlas.com/view/wards_delhi,2026-05-26,CC-BY-SA-4.0,45639,22859.5,21.59,33.68,28.84,200,2020,https://hub.worldpop.org/geodata/summary?id=41746,CC-BY-4.0,WorldPop 1km density reprojected to 100m; density integrated over ward area
139,DICHAON KALAN,30.8299,28.641093,76.966699,https://bharatlas.com/view/wards_delhi,2026-05-26,CC-BY-SA-4.0,193542,6277.74,100.0,1.93,41.16,2970,2020,https://hub.worldpop.org/geodata/summary?id=41746,CC-BY-4.0,WorldPop 1km density reprojected to 100m; density integrated over ward area
14,ADARASH  NAGAR,1.3419,28.715452,77.173977,https://bharatlas.com/view/wards_delhi,2026-05-26,CC-BY-SA-4.0,47602,35473.58,22.9,57.83,43.86,134,2020,https://hub.worldpop.org/geodata/summary?id=41746,CC-BY-4.0,WorldPop 1km density reprojected to 100m; density integrated over ward area
140,KHERA,77.0547,28.586099,76.902417,https://bharatlas.com/view/wards_delhi,2026-05-26,CC-BY-SA-4.0,254249,3299.59,100.0,0.0,40.0,7535,2020,https://hub.worldpop.org/geodata/summary?id=41746,CC-BY-4.0,WorldPop 1km density reprojected to 100m; density integrated over ward area
141,BIJWASAN,22.9589,28.546019,77.046462,https://bharatlas.com/view/wards_delhi,2026-05-26,CC-BY-SA-4.0,117056,5098.5,69.36,0.0,27.74,2165,2020,https://hub.worldpop.org/geodata/summary?id=41746,CC-BY-4.0,WorldPop 1km density reprojected to 100m; density integrated over ward area
142,RAJ NAGAR,0.2343,28.573169,77.082822,https://bharatlas.com/view/wards_delhi,2026-05-26,CC-BY-SA-4.0,2083,8890.31,0.0,6.93,4.16,22,2020,https://hub.worldpop.org/geodata/summary?id=41746,CC-BY-4.0,WorldPop 1km density reprojected to 100m; density integrated over ward area
143,KAPASHERA,21.8233,28.540989,77.086346,https://bharatlas.com/view/wards_delhi,2026-05-26,CC-BY-SA-4.0,119918,5494.95,71.27,0.43,28.77,2166,2020,https://hub.worldpop.org/geodata/summary?id=41746,CC-BY-4.0,WorldPop 1km density reprojected to 100m; density integrated over ward area
144,MAHIPALPUR,7.4885,28.535571,77.130272,https://bharatlas.com/view/wards_delhi,2026-05-26,CC-BY-SA-4.0,44039,5880.88,20.52,1.17,8.91,752,2020,https://hub.worldpop.org/geodata/summary?id=41746,CC-BY-4.0,WorldPop 1km density reprojected to 100m; density integrated over ward area
145,PALAM,2.8174,28.584383,77.079993,https://bharatlas.com/view/wards_delhi,2026-05-26,CC-BY-SA-4.0,51749,18367.64,25.67,25.08,25.32,276,2020,https://hub.worldpop.org/geodata/summary?id=41746,CC-BY-4.0,WorldPop 1km density reprojected to 100m; density integrated over ward area
146,SADH NAGAR,0.8047,28.594273,77.095714,https://bharatlas.com/view/wards_delhi,2026-05-26,CC-BY-SA-4.0,15160,18839.32,1.2,25.98,16.07,84,2020,https://hub.worldpop.org/geodata/summary?id=41746,CC-BY-4.0,WorldPop 1km density reprojected to 100m; density integrated over ward area
147,MAHAVIR ENCLAVE,2.3191,28.598864,77.070667,https://bharatlas.com/view/wards_delhi,2026-05-26,CC-BY-SA-4.0,50586,21812.77,24.9,31.67,28.96,230,2020,https://hub.worldpop.org/geodata/summary?id=41746,CC-BY-4.0,WorldPop 1km density reprojected to 100m; density integrated over ward area
148,MADHU VIHAR,1.2253,28.608734,77.05678,https://bharatlas.com/view/wards_delhi,2026-05-26,CC-BY-SA-4.0,25860,21105.04,8.36,30.32,21.54,123,2020,https://hub.worldpop.org/geodata/summary?id=41746,CC-BY-4.0,WorldPop 1km density reprojected to 100m; density integrated over ward area
149,RAJENDER NAGAR,4.3531,28.637749,77.182826,https://bharatlas.com/view/wards_delhi,2026-05-26,CC-BY-SA-4.0,98729,22680.16,57.1,33.33,42.84,437,2020,https://hub.worldpop.org/geodata/summary?id=41746,CC-BY-4.0,WorldPop 1km density reprojected to 100m; density integrated over ward area
15,SARAI PIPAL THALA,1.7533,28.725023,77.161709,https://bharatlas.com/view/wards_delhi,2026-05-26,CC-BY-SA-4.0,58152,33167.17,29.96,53.41,44.03,174,2020,https://hub.worldpop.org/geodata/summary?id=41746,CC-BY-4.0,WorldPop 1km density reprojected to 100m; density integrated over ward area
150,PUSA,9.5061,28.630218,77.161671,https://bharatlas.com/view/wards_delhi,2026-05-26,CC-BY-SA-4.0,79752,8389.56,44.4,5.98,21.35,955,2020,https://hub.worldpop.org/geodata/summary?id=41746,CC-BY-4.0,WorldPop 1km density reprojected to 100m; density integrated over ward area
151,INDER PURI,1.1061,28.630291,77.146963,https://bharatlas.com/view/wards_delhi,2026-05-26,CC-BY-SA-4.0,12591,11383.24,0.0,11.71,7.03,110,2020,https://hub.worldpop.org/geodata/summary?id=41746,CC-BY-4.0,WorldPop 1km density reprojected to 100m; density integrated over ward area
152,NARAINA,1.8838,28.628205,77.138922,https://bharatlas.com/view/wards_delhi,2026-05-26,CC-BY-SA-4.0,29587,15706.02,10.85,19.98,16.33,189,2020,https://hub.worldpop.org/geodata/summary?id=41746,CC-BY-4.0,WorldPop 1km density reprojected to 100m; density integrated over ward area
153,DARYAGANJ,5.1322,28.634312,77.248677,https://bharatlas.com/view/wards_delhi,2026-05-26,CC-BY-SA-4.0,97264,18951.72,56.12,26.2,38.17,516,2020,https://hub.worldpop.org/geodata/summary?id=41746,CC-BY-4.0,WorldPop 1km density reprojected to 100m; density integrated over ward area
154,NIZAMUDDIN,7.3939,28.599201,77.250735,https://bharatlas.com/view/wards_delhi,2026-05-26,CC-BY-SA-4.0,84260,11395.88,47.42,11.73,26.01,739,2020,https://hub.worldpop.org/geodata/summary?id=41746,CC-BY-4.0,WorldPop 1km density reprojected to 100m; density integrated over ward area
155,LAJPAT NAGAR,1.7309,28.5726,77.246702,https://bharatlas.com/view/wards_delhi,2026-05-26,CC-BY-SA-4.0,35234,20355.88,14.63,28.88,23.18,172,2020,https://hub.worldpop.org/geodata/summary?id=41746,CC-BY-4.0,WorldPop 1km density reprojected to 100m; density integrated over ward area
156,BHOGAL,1.35,28.578417,77.255438,https://bharatlas.com/view/wards_delhi,2026-05-26,CC-BY-SA-4.0,26814,19862.22,9.0,27.94,20.36,135,2020,https://hub.worldpop.org/geodata/summary?id=41746,CC-BY-4.0,WorldPop 1km density reprojected to 100m; density integrated over ward area
157,KASTURBA NAGAR,3.0331,28.584155,77.233439,https://bharatlas.com/view/wards_delhi,2026-05-26,CC-BY-SA-4.0,52550,17325.51,26.21,23.08,24.33,301,2020,https://hub.worldpop.org/geodata/summary?id=41746,CC-BY-4.0,WorldPop 1km density reprojected to 100m; density integrated over ward area
158,KOTLA MUBARAKPUR,1.3684,28.5744,77.218923,https://bharatlas.com/view/wards_delhi,2026-05-26,CC-BY-SA-4.0,21090,15412.16,5.17,19.42,13.72,135,2020,https://hub.worldpop.org/geodata/summary?id=41746,CC-BY-4.0,WorldPop 1km density reprojected to 100m; density integrated over ward area
159,ANDREWSGANJ,3.3836,28.566536,77.228338,https://bharatlas.com/view/wards_delhi,2026-05-26,CC-BY-SA-4.0,61051,18043.21,31.9,24.46,27.44,339,2020,https://hub.worldpop.org/geodata/summary?id=41746,CC-BY-4.0,WorldPop 1km density reprojected to 100m; density integrated over ward area
16,JAHANGIRPURI-I,0.5885,28.726527,77.168736,https://bharatlas.com/view/wards_delhi,2026-05-26,CC-BY-SA-4.0,22508,38246.39,6.12,63.13,40.33,60,2020,https://hub.worldpop.org/geodata/summary?id=41746,CC-BY-4.0,WorldPop 1km density reprojected to 100m; density integrated over ward area
160,AMAR COLONY,1.7924,28.563685,77.242003,https://bharatlas.com/view/wards_delhi,2026-05-26,CC-BY-SA-4.0,35235,19658.0,14.63,27.55,22.38,183,2020,https://hub.worldpop.org/geodata/summary?id=41746,CC-BY-4.0,WorldPop 1km density reprojected to 100m; density integrated over ward area
161,MALVIYA NAGAR,5.5551,28.538614,77.193437,https://bharatlas.com/view/wards_delhi,2026-05-26,CC-BY-SA-4.0,81793,14723.95,45.77,18.1,29.17,552,2020,https://hub.worldpop.org/geodata/summary?id=41746,CC-BY-4.0,WorldPop 1km density reprojected to 100m; density integrated over ward area
162,HAUZ RANI,1.0312,28.533246,77.212759,https://bharatlas.com/view/wards_delhi,2026-05-26,CC-BY-SA-4.0,28181,27328.36,9.91,42.23,29.3,105,2020,https://hub.worldpop.org/geodata/summary?id=41746,CC-BY-4.0,WorldPop 1km density reprojected to 100m; density integrated over ward area
163,SAFDARJANG ENCLAVE,3.6772,28.557352,77.195782,https://bharatlas.com/view/wards_delhi,2026-05-26,CC-BY-SA-4.0,51880,14108.56,25.76,16.92,20.46,368,2020,https://hub.worldpop.org/geodata/summary?id=41746,CC-BY-4.0,WorldPop 1km density reprojected to 100m; density integrated over ward area
164,HAUZ KHAS,2.2942,28.554705,77.209605,https://bharatlas.com/view/wards_delhi,2026-05-26,CC-BY-SA-4.0,52906,23060.76,26.45,34.06,31.02,231,2020,https://hub.worldpop.org/geodata/summary?id=41746,CC-BY-4.0,WorldPop 1km density reprojected to 100m; density integrated over ward area
165,VASANT VIHAR,5.7342,28.561463,77.158312,https://bharatlas.com/view/wards_delhi,2026-05-26,CC-BY-SA-4.0,44253,7717.38,20.66,4.69,11.08,568,2020,https://hub.worldpop.org/geodata/summary?id=41746,CC-BY-4.0,WorldPop 1km density reprojected to 100m; density integrated over ward area
166,MUNIRKA,1.2119,28.557171,77.179422,https://bharatlas.com/view/wards_delhi,2026-05-26,CC-BY-SA-4.0,11693,9648.49,0.0,8.39,5.03,121,2020,https://hub.worldpop.org/geodata/summary?id=41746,CC-BY-4.0,WorldPop 1km density reprojected to 100m; density integrated over ward area
167,R. K. PURAM,2.3001,28.567767,77.178575,https://bharatlas.com/view/wards_delhi,2026-05-26,CC-BY-SA-4.0,28040,12190.77,9.82,13.25,11.88,232,2020,https://hub.worldpop.org/geodata/summary?id=41746,CC-BY-4.0,WorldPop 1km density reprojected to 100m; density integrated over ward area
168,NANAK PURA,3.2055,28.577578,77.167053,https://bharatlas.com/view/wards_delhi,2026-05-26,CC-BY-SA-4.0,37313,11640.31,16.02,12.2,13.73,323,2020,https://hub.worldpop.org/geodata/summary?id=41746,CC-BY-4.0,WorldPop 1km density reprojected to 100m; density integrated over ward area
169,LADOSARAI,6.3962,28.523821,77.187959,https://bharatlas.com/view/wards_delhi,2026-05-26,CC-BY-SA-4.0,86033,13450.64,48.61,15.66,28.84,643,2020,https://hub.worldpop.org/geodata/summary?id=41746,CC-BY-4.0,WorldPop 1km density reprojected to 100m; density integrated over ward area
17,SAMAYPUR BADLI,3.0704,28.738049,77.146006,https://bharatlas.com/view/wards_delhi,2026-05-26,CC-BY-SA-4.0,78699,25631.51,43.7,38.98,40.87,305,2020,https://hub.worldpop.org/geodata/summary?id=41746,CC-BY-4.0,WorldPop 1km density reprojected to 100m; density integrated over ward area
170,MEHRAULI,2.9787,28.516906,77.186352,https://bharatlas.com/view/wards_delhi,2026-05-26,CC-BY-SA-4.0,38897,13058.38,17.08,14.91,15.78,295,2020,https://hub.worldpop.org/geodata/summary?id=41746,CC-BY-4.0,WorldPop 1km density reprojected to 100m; density integrated over ward area
171,VASANTKUNJ,5.7012,28.539852,77.164411,https://bharatlas.com/view/wards_delhi,2026-05-26,CC-BY-SA-4.0,35557,6236.76,14.84,1.85,7.05,571,2020,https://hub.worldpop.org/geodata/summary?id=41746,CC-BY-4.0,WorldPop 1km density reprojected to 100m; density integrated over ward area
172,KISHANGARH,22.4455,28.513274,77.133934,https://bharatlas.com/view/wards_delhi,2026-05-26,CC-BY-SA-4.0,107626,4794.99,63.05,0.0,25.22,2169,2020,https://hub.worldpop.org/geodata/summary?id=41746,CC-BY-4.0,WorldPop 1km density reprojected to 100m; density integrated over ward area
173,DEOLI,10.3846,28.497441,77.20528,https://bharatlas.com/view/wards_delhi,2026-05-26,CC-BY-SA-4.0,133893,12893.42,80.62,14.6,41.01,1044,2020,https://hub.worldpop.org/geodata/summary?id=41746,CC-BY-4.0,WorldPop 1km density reprojected to 100m; density integrated over ward area
174,CHHATARPUR,13.0926,28.494206,77.159876,https://bharatlas.com/view/wards_delhi,2026-05-26,CC-BY-SA-4.0,156033,11917.65,95.43,12.73,45.81,1284,2020,https://hub.worldpop.org/geodata/summary?id=41746,CC-BY-4.0,WorldPop 1km density reprojected to 100m; density integrated over ward area
175,AYA NAGAR,31.9147,28.451514,77.151565,https://bharatlas.com/view/wards_delhi,2026-05-26,CC-BY-SA-4.0,207016,6486.54,100.0,2.33,41.4,2996,2020,https://hub.worldpop.org/geodata/summary?id=41746,CC-BY-4.0,WorldPop 1km density reprojected to 100m; density integrated over ward area
176,BHATI,46.5166,28.446317,77.203955,https://bharatlas.com/view/wards_delhi,2026-05-26,CC-BY-SA-4.0,257108,5527.23,100.0,0.5,40.3,4519,2020,https://hub.worldpop.org/geodata/summary?id=41746,CC-BY-4.0,WorldPop 1km density reprojected to 100m; density integrated over ward area
177,SAID UL AJAIB,6.5211,28.472853,77.226634,https://bharatlas.com/view/wards_delhi,2026-05-26,CC-BY-SA-4.0,17818,2732.36,2.98,0.0,1.19,614,2020,https://hub.worldpop.org/geodata/summary?id=41746,CC-BY-4.0,WorldPop 1km density reprojected to 100m; density integrated over ward area
178,SANGAM VIHAR,2.5652,28.483957,77.224622,https://bharatlas.com/view/wards_delhi,2026-05-26,CC-BY-SA-4.0,17667,6887.18,2.88,3.1,3.01,255,2020,https://hub.worldpop.org/geodata/summary?id=41746,CC-BY-4.0,WorldPop 1km density reprojected to 100m; density integrated over ward area
179,TIGRI,2.0744,28.498214,77.229992,https://bharatlas.com/view/wards_delhi,2026-05-26,CC-BY-SA-4.0,44542,21472.23,20.85,31.02,26.95,208,2020,https://hub.worldpop.org/geodata/summary?id=41746,CC-BY-4.0,WorldPop 1km density reprojected to 100m; density integrated over ward area
18,LIBAS PUR,6.0164,28.758473,77.143953,https://bharatlas.com/view/wards_delhi,2026-05-26,CC-BY-SA-4.0,113099,18798.45,66.71,25.9,42.22,601,2020,https://hub.worldpop.org/geodata/summary?id=41746,CC-BY-4.0,WorldPop 1km density reprojected to 100m; density integrated over ward area
180,DAKSHINPURI EXT.,1.4079,28.525957,77.239111,https://bharatlas.com/view/wards_delhi,2026-05-26,CC-BY-SA-4.0,29847,21199.66,11.02,30.5,22.71,144,2020,https://hub.worldpop.org/geodata/summary?id=41746,CC-BY-4.0,WorldPop 1km density reprojected to 100m; density integrated over ward area
181,KHANPUR,3.5,28.510015,77.223639,https://bharatlas.com/view/wards_delhi,2026-05-26,CC-BY-SA-4.0,78189,22339.71,43.36,32.68,36.95,344,2020,https://hub.worldpop.org/geodata/summary?id=41746,CC-BY-4.0,WorldPop 1km density reprojected to 100m; density integrated over ward area
182,AMBEDKAR NAGAR,0.4965,28.516744,77.23335,https://bharatlas.com/view/wards_delhi,2026-05-26,CC-BY-SA-4.0,14254,28708.96,0.59,44.88,27.16,52,2020,https://hub.worldpop.org/geodata/summary?id=41746,CC-BY-4.0,WorldPop 1km density reprojected to 100m; density integrated over ward area
183,MADANGIR,0.4936,28.520805,77.235675,https://bharatlas.com/view/wards_delhi,2026-05-26,CC-BY-SA-4.0,12380,25081.04,0.0,37.93,22.76,47,2020,https://hub.worldpop.org/geodata/summary?id=41746,CC-BY-4.0,WorldPop 1km density reprojected to 100m; density integrated over ward area
184,PUSHP VIHAR,1.8173,28.524616,77.224978,https://bharatlas.com/view/wards_delhi,2026-05-26,CC-BY-SA-4.0,41598,22890.0,18.88,33.74,27.8,182,2020,https://hub.worldpop.org/geodata/summary?id=41746,CC-BY-4.0,WorldPop 1km density reprojected to 100m; density integrated over ward area
185,TUGHLAKABAD EXTN,2.7573,28.51667,77.249311,https://bharatlas.com/view/wards_delhi,2026-05-26,CC-BY-SA-4.0,51415,18646.86,25.45,25.61,25.55,278,2020,https://hub.worldpop.org/geodata/summary?id=41746,CC-BY-4.0,WorldPop 1km density reprojected to 100m; density integrated over ward area
186,SANGAM VIHAR WEST,2.7961,28.494237,77.245675,https://bharatlas.com/view/wards_delhi,2026-05-26,CC-BY-SA-4.0,44344,15859.23,20.72,20.28,20.46,270,2020,https://hub.worldpop.org/geodata/summary?id=41746,CC-BY-4.0,WorldPop 1km density reprojected to 100m; density integrated over ward area
187,SANGAM VIHAR CENTRAL,1.7021,28.4927,77.251173,https://bharatlas.com/view/wards_delhi,2026-05-26,CC-BY-SA-4.0,21586,12681.98,5.5,14.19,10.71,170,2020,https://hub.worldpop.org/geodata/summary?id=41746,CC-BY-4.0,WorldPop 1km density reprojected to 100m; density integrated over ward area
188,SANGAM VIHAR EAST,4.3979,28.501446,77.260491,https://bharatlas.com/view/wards_delhi,2026-05-26,CC-BY-SA-4.0,52114,11849.75,25.92,12.6,17.93,438,2020,https://hub.worldpop.org/geodata/summary?id=41746,CC-BY-4.0,WorldPop 1km density reprojected to 100m; density integrated over ward area
189,CHIRAG DELHI,2.308,28.535203,77.235786,https://bharatlas.com/view/wards_delhi,2026-05-26,CC-BY-SA-4.0,50408,21840.55,24.78,31.73,28.95,224,2020,https://hub.worldpop.org/geodata/summary?id=41746,CC-BY-4.0,WorldPop 1km density reprojected to 100m; density integrated over ward area
19,BHALSWA,3.5751,28.745253,77.161113,https://bharatlas.com/view/wards_delhi,2026-05-26,CC-BY-SA-4.0,108217,30269.64,63.44,47.86,54.09,358,2020,https://hub.worldpop.org/geodata/summary?id=41746,CC-BY-4.0,WorldPop 1km density reprojected to 100m; density integrated over ward area
190,CHITRANJAN PARK,2.2797,28.533174,77.250754,https://bharatlas.com/view/wards_delhi,2026-05-26,CC-BY-SA-4.0,51360,22529.28,25.41,33.04,29.99,225,2020,https://hub.worldpop.org/geodata/summary?id=41746,CC-BY-4.0,WorldPop 1km density reprojected to 100m; density integrated over ward area
191,SHAPUR JAT,4.3861,28.544815,77.22289,https://bharatlas.com/view/wards_delhi,2026-05-26,CC-BY-SA-4.0,96912,22095.26,55.88,32.21,41.68,438,2020,https://hub.worldpop.org/geodata/summary?id=41746,CC-BY-4.0,WorldPop 1km density reprojected to 100m; density integrated over ward area
192,GREATER KAILASH-I,3.7374,28.552729,77.24262,https://bharatlas.com/view/wards_delhi,2026-05-26,CC-BY-SA-4.0,66868,17891.58,35.79,24.17,28.82,373,2020,https://hub.worldpop.org/geodata/summary?id=41746,CC-BY-4.0,WorldPop 1km density reprojected to 100m; density integrated over ward area
193,SRI NIWASPURI,4.3264,28.559841,77.268084,https://bharatlas.com/view/wards_delhi,2026-05-26,CC-BY-SA-4.0,84575,19548.59,47.63,27.34,35.46,435,2020,https://hub.worldpop.org/geodata/summary?id=41746,CC-BY-4.0,WorldPop 1km density reprojected to 100m; density integrated over ward area
194,EAST OF KAILASH,2.7741,28.550101,77.258749,https://bharatlas.com/view/wards_delhi,2026-05-26,CC-BY-SA-4.0,48345,17427.27,23.4,23.28,23.33,278,2020,https://hub.worldpop.org/geodata/summary?id=41746,CC-BY-4.0,WorldPop 1km density reprojected to 100m; density integrated over ward area
195,GOVIND PURI,0.5238,28.531167,77.261309,https://bharatlas.com/view/wards_delhi,2026-05-26,CC-BY-SA-4.0,13250,25295.91,0.0,38.34,23.0,53,2020,https://hub.worldpop.org/geodata/summary?id=41746,CC-BY-4.0,WorldPop 1km density reprojected to 100m; density integrated over ward area
196,KALKAJI,1.2268,28.538927,77.261211,https://bharatlas.com/view/wards_delhi,2026-05-26,CC-BY-SA-4.0,31255,25476.85,11.97,38.69,28.0,123,2020,https://hub.worldpop.org/geodata/summary?id=41746,CC-BY-4.0,WorldPop 1km density reprojected to 100m; density integrated over ward area
197,TUGHLAKABAD,6.5808,28.514249,77.275667,https://bharatlas.com/view/wards_delhi,2026-05-26,CC-BY-SA-4.0,114921,17463.07,67.93,23.35,41.18,655,2020,https://hub.worldpop.org/geodata/summary?id=41746,CC-BY-4.0,WorldPop 1km density reprojected to 100m; density integrated over ward area
198,PUL PEHLAD,2.967,28.496868,77.280256,https://bharatlas.com/view/wards_delhi,2026-05-26,CC-BY-SA-4.0,32332,10897.2,12.69,10.78,11.54,261,2020,https://hub.worldpop.org/geodata/summary?id=41746,CC-BY-4.0,WorldPop 1km density reprojected to 100m; density integrated over ward area
199,TEKHAND,4.1697,28.519066,77.286867,https://bharatlas.com/view/wards_delhi,2026-05-26,CC-BY-SA-4.0,104835,25142.1,61.18,38.05,47.3,414,2020,https://hub.worldpop.org/geodata/summary?id=41746,CC-BY-4.0,WorldPop 1km density reprojected to 100m; density integrated over ward area
2,BANKNER,21.1332,28.848559,77.070691,https://bharatlas.com/view/wards_delhi,2026-05-26,CC-BY-SA-4.0,69283,3278.4,37.4,0.0,14.96,2031,2020,https://hub.worldpop.org/geodata/summary?id=41746,CC-BY-4.0,WorldPop 1km density reprojected to 100m; density integrated over ward area
20,JAHANGIR PURI -II,0.756,28.733416,77.167759,https://bharatlas.com/view/wards_delhi,2026-05-26,CC-BY-SA-4.0,24373,32239.42,7.36,51.63,33.92,76,2020,https://hub.worldpop.org/geodata/summary?id=41746,CC-BY-4.0,WorldPop 1km density reprojected to 100m; density integrated over ward area
200,HARKESH NAGAR,2.2902,28.540176,77.275814,https://bharatlas.com/view/wards_delhi,2026-05-26,CC-BY-SA-4.0,59996,26196.84,31.19,40.07,36.52,228,2020,https://hub.worldpop.org/geodata/summary?id=41746,CC-BY-4.0,WorldPop 1km density reprojected to 100m; density integrated over ward area
201,JAITPUR,3.666,28.510428,77.32815,https://bharatlas.com/view/wards_delhi,2026-05-26,CC-BY-SA-4.0,60096,16392.8,31.26,21.3,25.28,314,2020,https://hub.worldpop.org/geodata/summary?id=41746,CC-BY-4.0,WorldPop 1km density reprojected to 100m; density integrated over ward area
202,MEETHEYPUR,2.709,28.49735,77.323766,https://bharatlas.com/view/wards_delhi,2026-05-26,CC-BY-SA-4.0,71714,26472.5,39.03,40.59,39.97,221,2020,https://hub.worldpop.org/geodata/summary?id=41746,CC-BY-4.0,WorldPop 1km density reprojected to 100m; density integrated over ward area
203,BADAR PUR,2.4592,28.503889,77.305133,https://bharatlas.com/view/wards_delhi,2026-05-26,CC-BY-SA-4.0,62748,25515.61,33.03,38.76,36.47,239,2020,https://hub.worldpop.org/geodata/summary?id=41746,CC-BY-4.0,WorldPop 1km density reprojected to 100m; density integrated over ward area
204,MOLARBAND,1.444,28.495727,77.312371,https://bharatlas.com/view/wards_delhi,2026-05-26,CC-BY-SA-4.0,39412,27293.63,17.42,42.17,32.27,136,2020,https://hub.worldpop.org/geodata/summary?id=41746,CC-BY-4.0,WorldPop 1km density reprojected to 100m; density integrated over ward area
205,ZAKIR NAGAR,2.7172,28.571907,77.278755,https://bharatlas.com/view/wards_delhi,2026-05-26,CC-BY-SA-4.0,38929,14326.88,17.1,17.34,17.24,271,2020,https://hub.worldpop.org/geodata/summary?id=41746,CC-BY-4.0,WorldPop 1km density reprojected to 100m; density integrated over ward area
206,OKHLA,3.6959,28.55943,77.285348,https://bharatlas.com/view/wards_delhi,2026-05-26,CC-BY-SA-4.0,60364,16332.69,31.44,21.18,25.28,372,2020,https://hub.worldpop.org/geodata/summary?id=41746,CC-BY-4.0,WorldPop 1km density reprojected to 100m; density integrated over ward area
207,MADANPUR KHADAR,8.2194,28.523684,77.319102,https://bharatlas.com/view/wards_delhi,2026-05-26,CC-BY-SA-4.0,92916,11304.47,53.21,11.56,28.22,804,2020,https://hub.worldpop.org/geodata/summary?id=41746,CC-BY-4.0,WorldPop 1km density reprojected to 100m; density integrated over ward area
208,SARITA VIHAR,7.3557,28.537775,77.300246,https://bharatlas.com/view/wards_delhi,2026-05-26,CC-BY-SA-4.0,121549,16524.46,72.36,21.55,41.87,697,2020,https://hub.worldpop.org/geodata/summary?id=41746,CC-BY-4.0,WorldPop 1km density reprojected to 100m; density integrated over ward area
209,MAYUR VIHAR PHASE-I,1.6605,28.605669,77.30155,https://bharatlas.com/view/wards_delhi,2026-05-26,CC-BY-SA-4.0,57298,34506.47,29.39,55.97,45.34,167,2020,https://hub.worldpop.org/geodata/summary?id=41746,CC-BY-4.0,WorldPop 1km density reprojected to 100m; density integrated over ward area
21,ROHINI,4.8372,28.734577,77.113871,https://bharatlas.com/view/wards_delhi,2026-05-26,CC-BY-SA-4.0,96850,20021.91,55.84,28.24,39.28,480,2020,https://hub.worldpop.org/geodata/summary?id=41746,CC-BY-4.0,WorldPop 1km density reprojected to 100m; density integrated over ward area
210,DALLOPURA,0.9152,28.608967,77.310846,https://bharatlas.com/view/wards_delhi,2026-05-26,CC-BY-SA-4.0,28096,30699.3,9.85,48.69,33.15,92,2020,https://hub.worldpop.org/geodata/summary?id=41746,CC-BY-4.0,WorldPop 1km density reprojected to 100m; density integrated over ward area
211,TRILOK PURI,3.6367,28.596973,77.288804,https://bharatlas.com/view/wards_delhi,2026-05-26,CC-BY-SA-4.0,78736,21650.4,43.73,31.36,36.31,360,2020,https://hub.worldpop.org/geodata/summary?id=41746,CC-BY-4.0,WorldPop 1km density reprojected to 100m; density integrated over ward area
212,NEW ASHOK NAGAR,1.6394,28.594312,77.30324,https://bharatlas.com/view/wards_delhi,2026-05-26,CC-BY-SA-4.0,50336,30703.92,24.73,48.69,39.11,156,2020,https://hub.worldpop.org/geodata/summary?id=41746,CC-BY-4.0,WorldPop 1km density reprojected to 100m; density integrated over ward area
213,KALYAN PURI,0.4557,28.615695,77.315147,https://bharatlas.com/view/wards_delhi,2026-05-26,CC-BY-SA-4.0,14219,31202.55,0.57,49.65,30.02,46,2020,https://hub.worldpop.org/geodata/summary?id=41746,CC-BY-4.0,WorldPop 1km density reprojected to 100m; density integrated over ward area
214,KHICHRIPUR,4.5711,28.611479,77.321666,https://bharatlas.com/view/wards_delhi,2026-05-26,CC-BY-SA-4.0,140933,30831.31,85.33,48.94,63.5,428,2020,https://hub.worldpop.org/geodata/summary?id=41746,CC-BY-4.0,WorldPop 1km density reprojected to 100m; density integrated over ward area
215,KONDLI,1.566,28.610205,77.331288,https://bharatlas.com/view/wards_delhi,2026-05-26,CC-BY-SA-4.0,49493,31604.73,24.17,50.42,39.92,151,2020,https://hub.worldpop.org/geodata/summary?id=41746,CC-BY-4.0,WorldPop 1km density reprojected to 100m; density integrated over ward area
216,GHAROLI,2.0385,28.617527,77.335865,https://bharatlas.com/view/wards_delhi,2026-05-26,CC-BY-SA-4.0,51238,25135.15,25.33,38.03,32.95,170,2020,https://hub.worldpop.org/geodata/summary?id=41746,CC-BY-4.0,WorldPop 1km density reprojected to 100m; density integrated over ward area
217,VINOD NAGAR,0.896,28.622117,77.295311,https://bharatlas.com/view/wards_delhi,2026-05-26,CC-BY-SA-4.0,33892,37825.89,13.73,62.33,42.89,87,2020,https://hub.worldpop.org/geodata/summary?id=41746,CC-BY-4.0,WorldPop 1km density reprojected to 100m; density integrated over ward area
218,MANDAWALI,0.9044,28.629136,77.294938,https://bharatlas.com/view/wards_delhi,2026-05-26,CC-BY-SA-4.0,33057,36551.3,13.17,59.89,41.2,90,2020,https://hub.worldpop.org/geodata/summary?id=41746,CC-BY-4.0,WorldPop 1km density reprojected to 100m; density integrated over ward area
219,MAYUR VIHAR PHASE II,2.3325,28.618821,77.305828,https://bharatlas.com/view/wards_delhi,2026-05-26,CC-BY-SA-4.0,80370,34456.59,44.82,55.88,51.46,233,2020,https://hub.worldpop.org/geodata/summary?id=41746,CC-BY-4.0,WorldPop 1km density reprojected to 100m; density integrated over ward area
22,RITHALA,2.0832,28.716718,77.107569,https://bharatlas.com/view/wards_delhi,2026-05-26,CC-BY-SA-4.0,57136,27427.04,29.28,42.42,37.16,212,2020,https://hub.worldpop.org/geodata/summary?id=41746,CC-BY-4.0,WorldPop 1km density reprojected to 100m; density integrated over ward area
220,PATPARGANJ,1.5564,28.609302,77.290576,https://bharatlas.com/view/wards_delhi,2026-05-26,CC-BY-SA-4.0,53355,34281.03,26.75,55.54,44.02,156,2020,https://hub.worldpop.org/geodata/summary?id=41746,CC-BY-4.0,WorldPop 1km density reprojected to 100m; density integrated over ward area
221,KISHAN KUNJ,1.3731,28.635776,77.271897,https://bharatlas.com/view/wards_delhi,2026-05-26,CC-BY-SA-4.0,46688,34001.89,22.29,55.01,41.92,136,2020,https://hub.worldpop.org/geodata/summary?id=41746,CC-BY-4.0,WorldPop 1km density reprojected to 100m; density integrated over ward area
222,LAXMI NAGAR,0.918,28.637364,77.27952,https://bharatlas.com/view/wards_delhi,2026-05-26,CC-BY-SA-4.0,35279,38430.28,14.66,63.49,43.96,95,2020,https://hub.worldpop.org/geodata/summary?id=41746,CC-BY-4.0,WorldPop 1km density reprojected to 100m; density integrated over ward area
223,SHAKARPUR,1.152,28.627619,77.284968,https://bharatlas.com/view/wards_delhi,2026-05-26,CC-BY-SA-4.0,40530,35182.29,18.17,57.27,41.63,115,2020,https://hub.worldpop.org/geodata/summary?id=41746,CC-BY-4.0,WorldPop 1km density reprojected to 100m; density integrated over ward area
224,PANDAV NAGAR,1.7738,28.621313,77.278593,https://bharatlas.com/view/wards_delhi,2026-05-26,CC-BY-SA-4.0,59364,33467.13,30.77,53.98,44.7,176,2020,https://hub.worldpop.org/geodata/summary?id=41746,CC-BY-4.0,WorldPop 1km density reprojected to 100m; density integrated over ward area
225,ANAND VIHAR,4.4003,28.657932,77.308528,https://bharatlas.com/view/wards_delhi,2026-05-26,CC-BY-SA-4.0,120989,27495.63,71.99,42.55,54.33,438,2020,https://hub.worldpop.org/geodata/summary?id=41746,CC-BY-4.0,WorldPop 1km density reprojected to 100m; density integrated over ward area
226,VISHWASH NAGAR,1.2042,28.662498,77.294467,https://bharatlas.com/view/wards_delhi,2026-05-26,CC-BY-SA-4.0,40560,33682.11,18.19,54.4,39.92,119,2020,https://hub.worldpop.org/geodata/summary?id=41746,CC-BY-4.0,WorldPop 1km density reprojected to 100m; density integrated over ward area
227,I.P EXTENTION,4.5282,28.635566,77.312542,https://bharatlas.com/view/wards_delhi,2026-05-26,CC-BY-SA-4.0,150274,33186.26,91.58,53.45,68.7,429,2020,https://hub.worldpop.org/geodata/summary?id=41746,CC-BY-4.0,WorldPop 1km density reprojected to 100m; density integrated over ward area
228,PREET VIHAR,3.4967,28.64114,77.295371,https://bharatlas.com/view/wards_delhi,2026-05-26,CC-BY-SA-4.0,111517,31892.07,65.65,50.97,56.84,355,2020,https://hub.worldpop.org/geodata/summary?id=41746,CC-BY-4.0,WorldPop 1km density reprojected to 100m; density integrated over ward area
229,KRISHNA  NAGAR,2.0436,28.65615,77.275405,https://bharatlas.com/view/wards_delhi,2026-05-26,CC-BY-SA-4.0,88882,43492.86,50.51,73.18,64.11,200,2020,https://hub.worldpop.org/geodata/summary?id=41746,CC-BY-4.0,WorldPop 1km density reprojected to 100m; density integrated over ward area
23,BUDH VIHAR,2.2115,28.715624,77.086968,https://bharatlas.com/view/wards_delhi,2026-05-26,CC-BY-SA-4.0,67994,30745.65,36.54,48.77,43.88,225,2020,https://hub.worldpop.org/geodata/summary?id=41746,CC-BY-4.0,WorldPop 1km density reprojected to 100m; density integrated over ward area
230,GEETA COLONY,1.2542,28.648434,77.273889,https://bharatlas.com/view/wards_delhi,2026-05-26,CC-BY-SA-4.0,55717,44424.33,28.33,74.96,56.31,124,2020,https://hub.worldpop.org/geodata/summary?id=41746,CC-BY-4.0,WorldPop 1km density reprojected to 100m; density integrated over ward area
231,GHONDLI,1.0175,28.649606,77.282335,https://bharatlas.com/view/wards_delhi,2026-05-26,CC-BY-SA-4.0,41086,40379.36,18.54,67.22,47.75,103,2020,https://hub.worldpop.org/geodata/summary?id=41746,CC-BY-4.0,WorldPop 1km density reprojected to 100m; density integrated over ward area
232,ANARKALI,0.8702,28.650238,77.28931,https://bharatlas.com/view/wards_delhi,2026-05-26,CC-BY-SA-4.0,28612,32879.8,10.2,52.86,35.8,87,2020,https://hub.worldpop.org/geodata/summary?id=41746,CC-BY-4.0,WorldPop 1km density reprojected to 100m; density integrated over ward area
233,DHARAMPURA,1.155,28.668435,77.25877,https://bharatlas.com/view/wards_delhi,2026-05-26,CC-BY-SA-4.0,58150,50346.32,29.96,86.3,63.76,112,2020,https://hub.worldpop.org/geodata/summary?id=41746,CC-BY-4.0,WorldPop 1km density reprojected to 100m; density integrated over ward area
234,GANDHI NAGAR,0.9899,28.662104,77.260055,https://bharatlas.com/view/wards_delhi,2026-05-26,CC-BY-SA-4.0,41328,41749.67,18.7,69.84,49.38,101,2020,https://hub.worldpop.org/geodata/summary?id=41746,CC-BY-4.0,WorldPop 1km density reprojected to 100m; density integrated over ward area
235,AZAD NAGAR,0.8815,28.665544,77.2781,https://bharatlas.com/view/wards_delhi,2026-05-26,CC-BY-SA-4.0,49058,55652.86,23.87,96.46,67.42,88,2020,https://hub.worldpop.org/geodata/summary?id=41746,CC-BY-4.0,WorldPop 1km density reprojected to 100m; density integrated over ward area
236,RAGHUBAR PURA,1.3016,28.667376,77.271447,https://bharatlas.com/view/wards_delhi,2026-05-26,CC-BY-SA-4.0,78317,60169.79,43.44,100.0,77.38,131,2020,https://hub.worldpop.org/geodata/summary?id=41746,CC-BY-4.0,WorldPop 1km density reprojected to 100m; density integrated over ward area
237,SHAHDARA,0.8799,28.668687,77.286957,https://bharatlas.com/view/wards_delhi,2026-05-26,CC-BY-SA-4.0,39221,44574.38,17.29,75.25,52.07,90,2020,https://hub.worldpop.org/geodata/summary?id=41746,CC-BY-4.0,WorldPop 1km density reprojected to 100m; density integrated over ward area
238,JHILMIL,1.213,28.669878,77.302801,https://bharatlas.com/view/wards_delhi,2026-05-26,CC-BY-SA-4.0,45475,37489.69,21.48,61.69,45.61,125,2020,https://hub.worldpop.org/geodata/summary?id=41746,CC-BY-4.0,WorldPop 1km density reprojected to 100m; density integrated over ward area
239,VIVEK VIHAR,2.4092,28.674727,77.314446,https://bharatlas.com/view/wards_delhi,2026-05-26,CC-BY-SA-4.0,114087,47354.72,67.37,80.57,75.29,239,2020,https://hub.worldpop.org/geodata/summary?id=41746,CC-BY-4.0,WorldPop 1km density reprojected to 100m; density integrated over ward area
24,VIJAY VIHAR,2.0921,28.708819,77.095546,https://bharatlas.com/view/wards_delhi,2026-05-26,CC-BY-SA-4.0,62025,29647.24,32.55,46.67,41.02,205,2020,https://hub.worldpop.org/geodata/summary?id=41746,CC-BY-4.0,WorldPop 1km density reprojected to 100m; density integrated over ward area
240,DILSHAD COLONY,0.9641,28.681584,77.325933,https://bharatlas.com/view/wards_delhi,2026-05-26,CC-BY-SA-4.0,46202,47922.41,21.96,81.66,57.78,93,2020,https://hub.worldpop.org/geodata/summary?id=41746,CC-BY-4.0,WorldPop 1km density reprojected to 100m; density integrated over ward area
241,DILSHAD GARDEN,2.1506,28.68495,77.309062,https://bharatlas.com/view/wards_delhi,2026-05-26,CC-BY-SA-4.0,108201,50312.01,63.43,86.23,77.11,216,2020,https://hub.worldpop.org/geodata/summary?id=41746,CC-BY-4.0,WorldPop 1km density reprojected to 100m; density integrated over ward area
242,NEW SEEMA PURI,0.964,28.688394,77.324278,https://bharatlas.com/view/wards_delhi,2026-05-26,CC-BY-SA-4.0,44258,45910.79,20.66,77.81,54.95,91,2020,https://hub.worldpop.org/geodata/summary?id=41746,CC-BY-4.0,WorldPop 1km density reprojected to 100m; density integrated over ward area
243,NAND NAGRI,0.618,28.694481,77.306285,https://bharatlas.com/view/wards_delhi,2026-05-26,CC-BY-SA-4.0,34381,55632.69,14.06,96.42,63.48,64,2020,https://hub.worldpop.org/geodata/summary?id=41746,CC-BY-4.0,WorldPop 1km density reprojected to 100m; density integrated over ward area
244,SUNDER NAGARI,1.0539,28.695209,77.317331,https://bharatlas.com/view/wards_delhi,2026-05-26,CC-BY-SA-4.0,44035,41782.9,20.51,69.9,50.14,96,2020,https://hub.worldpop.org/geodata/summary?id=41746,CC-BY-4.0,WorldPop 1km density reprojected to 100m; density integrated over ward area
245,DURGA PURI,0.9133,28.688242,77.298269,https://bharatlas.com/view/wards_delhi,2026-05-26,CC-BY-SA-4.0,47813,52351.91,23.04,90.14,63.3,86,2020,https://hub.worldpop.org/geodata/summary?id=41746,CC-BY-4.0,WorldPop 1km density reprojected to 100m; density integrated over ward area
246,ASHOK NAGAR,0.94,28.69584,77.296403,https://bharatlas.com/view/wards_delhi,2026-05-26,CC-BY-SA-4.0,60768,64646.81,31.71,100.0,72.68,95,2020,https://hub.worldpop.org/geodata/summary?id=41746,CC-BY-4.0,WorldPop 1km density reprojected to 100m; density integrated over ward area
247,RAM NAGAR,1.6398,28.677745,77.292433,https://bharatlas.com/view/wards_delhi,2026-05-26,CC-BY-SA-4.0,80031,48805.34,44.59,83.35,67.85,163,2020,https://hub.worldpop.org/geodata/summary?id=41746,CC-BY-4.0,WorldPop 1km density reprojected to 100m; density integrated over ward area
248,WELCOME COLONY,1.2073,28.677559,77.280122,https://bharatlas.com/view/wards_delhi,2026-05-26,CC-BY-SA-4.0,64216,53189.76,34.01,91.74,68.65,123,2020,https://hub.worldpop.org/geodata/summary?id=41746,CC-BY-4.0,WorldPop 1km density reprojected to 100m; density integrated over ward area
249,CHAUHAN BANGER,0.5875,28.681411,77.270858,https://bharatlas.com/view/wards_delhi,2026-05-26,CC-BY-SA-4.0,31858,54226.38,12.37,93.73,61.19,58,2020,https://hub.worldpop.org/geodata/summary?id=41746,CC-BY-4.0,WorldPop 1km density reprojected to 100m; density integrated over ward area
25,POOTH KALAN,8.4683,28.71812,77.075138,https://bharatlas.com/view/wards_delhi,2026-05-26,CC-BY-SA-4.0,179997,21255.39,100.0,30.61,58.37,849,2020,https://hub.worldpop.org/geodata/summary?id=41746,CC-BY-4.0,WorldPop 1km density reprojected to 100m; density integrated over ward area
250,ZAFFRABAD,0.4046,28.674535,77.266665,https://bharatlas.com/view/wards_delhi,2026-05-26,CC-BY-SA-4.0,26285,64965.4,8.64,100.0,63.46,41,2020,https://hub.worldpop.org/geodata/summary?id=41746,CC-BY-4.0,WorldPop 1km density reprojected to 100m; density integrated over ward area
251,NEW USMANPUR,1.9523,28.678598,77.258412,https://bharatlas.com/view/wards_delhi,2026-05-26,CC-BY-SA-4.0,96722,49542.59,55.76,84.76,73.16,198,2020,https://hub.worldpop.org/geodata/summary?id=41746,CC-BY-4.0,WorldPop 1km density reprojected to 100m; density integrated over ward area
252,MAUJPUR,0.753,28.689573,77.274922,https://bharatlas.com/view/wards_delhi,2026-05-26,CC-BY-SA-4.0,38691,51382.47,16.94,88.28,59.74,76,2020,https://hub.worldpop.org/geodata/summary?id=41746,CC-BY-4.0,WorldPop 1km density reprojected to 100m; density integrated over ward area
253,BHAJANPURA,1.1722,28.697677,77.257367,https://bharatlas.com/view/wards_delhi,2026-05-26,CC-BY-SA-4.0,59706,50934.99,31.0,87.43,64.86,113,2020,https://hub.worldpop.org/geodata/summary?id=41746,CC-BY-4.0,WorldPop 1km density reprojected to 100m; density integrated over ward area
254,BRAHAM PURI,1.0632,28.687587,77.257473,https://bharatlas.com/view/wards_delhi,2026-05-26,CC-BY-SA-4.0,54813,51554.74,27.72,88.61,64.25,106,2020,https://hub.worldpop.org/geodata/summary?id=41746,CC-BY-4.0,WorldPop 1km density reprojected to 100m; density integrated over ward area
255,GHONDA,0.7806,28.690153,77.265758,https://bharatlas.com/view/wards_delhi,2026-05-26,CC-BY-SA-4.0,46069,59017.42,21.87,100.0,68.75,76,2020,https://hub.worldpop.org/geodata/summary?id=41746,CC-BY-4.0,WorldPop 1km density reprojected to 100m; density integrated over ward area
256,YAMUNA VIHAR,1.3303,28.700135,77.271447,https://bharatlas.com/view/wards_delhi,2026-05-26,CC-BY-SA-4.0,102218,76838.31,59.43,100.0,83.77,134,2020,https://hub.worldpop.org/geodata/summary?id=41746,CC-BY-4.0,WorldPop 1km density reprojected to 100m; density integrated over ward area
257,SUBHASH MOHALLA,0.5765,28.695448,77.272122,https://bharatlas.com/view/wards_delhi,2026-05-26,CC-BY-SA-4.0,38002,65918.47,16.48,100.0,66.59,58,2020,https://hub.worldpop.org/geodata/summary?id=41746,CC-BY-4.0,WorldPop 1km density reprojected to 100m; density integrated over ward area
258,KARDAM PURI,1.4726,28.694376,77.286715,https://bharatlas.com/view/wards_delhi,2026-05-26,CC-BY-SA-4.0,91038,61821.27,51.95,100.0,80.78,149,2020,https://hub.worldpop.org/geodata/summary?id=41746,CC-BY-4.0,WorldPop 1km density reprojected to 100m; density integrated over ward area
259,JANTA COLONY,0.6155,28.683531,77.279372,https://bharatlas.com/view/wards_delhi,2026-05-26,CC-BY-SA-4.0,27708,45017.06,9.59,76.1,49.5,61,2020,https://hub.worldpop.org/geodata/summary?id=41746,CC-BY-4.0,WorldPop 1km density reprojected to 100m; density integrated over ward area
26,SAHIBABAD DAULAT PUR,13.2027,28.74769,77.095191,https://bharatlas.com/view/wards_delhi,2026-05-26,CC-BY-SA-4.0,108476,8216.2,63.62,5.64,28.83,1320,2020,https://hub.worldpop.org/geodata/summary?id=41746,CC-BY-4.0,WorldPop 1km density reprojected to 100m; density integrated over ward area
260,BABAR PUR,0.7108,28.686719,77.285577,https://bharatlas.com/view/wards_delhi,2026-05-26,CC-BY-SA-4.0,32583,45839.9,12.85,77.67,51.74,70,2020,https://hub.worldpop.org/geodata/summary?id=41746,CC-BY-4.0,WorldPop 1km density reprojected to 100m; density integrated over ward area
261,JIWANPUR,1.6503,28.713112,77.282626,https://bharatlas.com/view/wards_delhi,2026-05-26,CC-BY-SA-4.0,126083,76400.05,75.39,100.0,90.16,166,2020,https://hub.worldpop.org/geodata/summary?id=41746,CC-BY-4.0,WorldPop 1km density reprojected to 100m; density integrated over ward area
262,GOKALPUR,1.1836,28.705009,77.287994,https://bharatlas.com/view/wards_delhi,2026-05-26,CC-BY-SA-4.0,90241,76242.82,51.42,100.0,80.57,118,2020,https://hub.worldpop.org/geodata/summary?id=41746,CC-BY-4.0,WorldPop 1km density reprojected to 100m; density integrated over ward area
263,SABOLI,1.8437,28.706586,77.305124,https://bharatlas.com/view/wards_delhi,2026-05-26,CC-BY-SA-4.0,77424,41993.82,42.85,70.31,59.33,152,2020,https://hub.worldpop.org/geodata/summary?id=41746,CC-BY-4.0,WorldPop 1km density reprojected to 100m; density integrated over ward area
264,HARSH VIHAR,2.5361,28.705398,77.317897,https://bharatlas.com/view/wards_delhi,2026-05-26,CC-BY-SA-4.0,88252,34798.31,50.09,56.53,53.95,243,2020,https://hub.worldpop.org/geodata/summary?id=41746,CC-BY-4.0,WorldPop 1km density reprojected to 100m; density integrated over ward area
265,SHIV VIHAR,1.7405,28.726007,77.279063,https://bharatlas.com/view/wards_delhi,2026-05-26,CC-BY-SA-4.0,109480,62901.47,64.29,100.0,85.72,148,2020,https://hub.worldpop.org/geodata/summary?id=41746,CC-BY-4.0,WorldPop 1km density reprojected to 100m; density integrated over ward area
266,KARAWAL NAGAR EAST,1.2538,28.718886,77.272291,https://bharatlas.com/view/wards_delhi,2026-05-26,CC-BY-SA-4.0,76497,61012.12,42.23,100.0,76.89,127,2020,https://hub.worldpop.org/geodata/summary?id=41746,CC-BY-4.0,WorldPop 1km density reprojected to 100m; density integrated over ward area
267,NEHRU VIHAR,0.1417,28.708465,77.263881,https://bharatlas.com/view/wards_delhi,2026-05-26,CC-BY-SA-4.0,11931,84199.01,0.0,100.0,60.0,15,2020,https://hub.worldpop.org/geodata/summary?id=41746,CC-BY-4.0,WorldPop 1km density reprojected to 100m; density integrated over ward area
268,MUSTAFABAD,1.2883,28.709959,77.27017,https://bharatlas.com/view/wards_delhi,2026-05-26,CC-BY-SA-4.0,96023,74534.66,55.29,100.0,82.12,126,2020,https://hub.worldpop.org/geodata/summary?id=41746,CC-BY-4.0,WorldPop 1km density reprojected to 100m; density integrated over ward area
269,KHAJOORI KHAS,1.1262,28.707337,77.25898,https://bharatlas.com/view/wards_delhi,2026-05-26,CC-BY-SA-4.0,73513,65275.26,40.23,100.0,76.09,116,2020,https://hub.worldpop.org/geodata/summary?id=41746,CC-BY-4.0,WorldPop 1km density reprojected to 100m; density integrated over ward area
27,BEGUMPUR,46.5628,28.765128,77.022542,https://bharatlas.com/view/wards_delhi,2026-05-26,CC-BY-SA-4.0,218725,4697.42,100.0,0.0,40.0,4651,2020,https://hub.worldpop.org/geodata/summary?id=41746,CC-BY-4.0,WorldPop 1km density reprojected to 100m; density integrated over ward area
270,TUKHMIR PUR,0.4809,28.71461,77.261119,https://bharatlas.com/view/wards_delhi,2026-05-26,CC-BY-SA-4.0,33834,70355.58,13.69,100.0,65.48,46,2020,https://hub.worldpop.org/geodata/summary?id=41746,CC-BY-4.0,WorldPop 1km density reprojected to 100m; density integrated over ward area
271,KARAWAL NAGAR WEST,2.0837,28.727641,77.265496,https://bharatlas.com/view/wards_delhi,2026-05-26,CC-BY-SA-4.0,108660,52147.62,63.74,89.75,79.35,169,2020,https://hub.worldpop.org/geodata/summary?id=41746,CC-BY-4.0,WorldPop 1km density reprojected to 100m; density integrated over ward area
272,SONIA VIHAR,6.7782,28.731691,77.251064,https://bharatlas.com/view/wards_delhi,2026-05-26,CC-BY-SA-4.0,161026,23756.45,98.77,35.39,60.74,658,2020,https://hub.worldpop.org/geodata/summary?id=41746,CC-BY-4.0,WorldPop 1km density reprojected to 100m; density integrated over ward area
28,BAWANA,56.5784,28.807891,77.009518,https://bharatlas.com/view/wards_delhi,2026-05-26,CC-BY-SA-4.0,203777,3601.67,100.0,0.0,40.0,5501,2020,https://hub.worldpop.org/geodata/summary?id=41746,CC-BY-4.0,WorldPop 1km density reprojected to 100m; density integrated over ward area
29,KARALA,37.7407,28.737747,77.000993,https://bharatlas.com/view/wards_delhi,2026-05-26,CC-BY-SA-4.0,256007,6783.31,100.0,2.9,41.74,3723,2020,https://hub.worldpop.org/geodata/summary?id=41746,CC-BY-4.0,WorldPop 1km density reprojected to 100m; density integrated over ward area
3,ALIPUR,49.0241,28.793529,77.102717,https://bharatlas.com/view/wards_delhi,2026-05-26,CC-BY-SA-4.0,211386,4311.88,100.0,0.0,40.0,4897,2020,https://hub.worldpop.org/geodata/summary?id=41746,CC-BY-4.0,WorldPop 1km density reprojected to 100m; density integrated over ward area
30,MUNDAKA,53.0234,28.687811,76.994837,https://bharatlas.com/view/wards_delhi,2026-05-26,CC-BY-SA-4.0,427596,8064.29,100.0,5.35,43.21,5192,2020,https://hub.worldpop.org/geodata/summary?id=41746,CC-BY-4.0,WorldPop 1km density reprojected to 100m; density integrated over ward area
31,NANGLOI JAT WEST,1.9274,28.684232,77.048024,https://bharatlas.com/view/wards_delhi,2026-05-26,CC-BY-SA-4.0,37101,19249.25,15.88,26.77,22.41,191,2020,https://hub.worldpop.org/geodata/summary?id=41746,CC-BY-4.0,WorldPop 1km density reprojected to 100m; density integrated over ward area
32,NILOTHI,4.0294,28.670686,77.05398,https://bharatlas.com/view/wards_delhi,2026-05-26,CC-BY-SA-4.0,86141,21378.12,48.68,30.84,37.98,401,2020,https://hub.worldpop.org/geodata/summary?id=41746,CC-BY-4.0,WorldPop 1km density reprojected to 100m; density integrated over ward area
33,PREM NAGAR,0.7889,28.705628,77.057015,https://bharatlas.com/view/wards_delhi,2026-05-26,CC-BY-SA-4.0,19595,24838.38,4.17,37.47,24.15,79,2020,https://hub.worldpop.org/geodata/summary?id=41746,CC-BY-4.0,WorldPop 1km density reprojected to 100m; density integrated over ward area
34,NITHARI,5.6363,28.705109,77.03713,https://bharatlas.com/view/wards_delhi,2026-05-26,CC-BY-SA-4.0,98257,17432.89,56.78,23.29,36.69,555,2020,https://hub.worldpop.org/geodata/summary?id=41746,CC-BY-4.0,WorldPop 1km density reprojected to 100m; density integrated over ward area
35,KIRARI SULEMAN NAGAR,2.9784,28.696636,77.057328,https://bharatlas.com/view/wards_delhi,2026-05-26,CC-BY-SA-4.0,70620,23710.72,38.3,35.31,36.51,296,2020,https://hub.worldpop.org/geodata/summary?id=41746,CC-BY-4.0,WorldPop 1km density reprojected to 100m; density integrated over ward area
36,PRATAP VIHAR,1.1065,28.690266,77.049236,https://bharatlas.com/view/wards_delhi,2026-05-26,CC-BY-SA-4.0,22293,20147.31,5.97,28.48,19.48,113,2020,https://hub.worldpop.org/geodata/summary?id=41746,CC-BY-4.0,WorldPop 1km density reprojected to 100m; density integrated over ward area
37,SULTANPURI  EAST,0.8144,28.697802,77.078124,https://bharatlas.com/view/wards_delhi,2026-05-26,CC-BY-SA-4.0,24767,30411.35,7.63,48.13,31.93,80,2020,https://hub.worldpop.org/geodata/summary?id=41746,CC-BY-4.0,WorldPop 1km density reprojected to 100m; density integrated over ward area
38,MANGOL PURI  NORTH,0.5826,28.70015,77.087302,https://bharatlas.com/view/wards_delhi,2026-05-26,CC-BY-SA-4.0,16478,28283.56,2.08,44.06,27.27,54,2020,https://hub.worldpop.org/geodata/summary?id=41746,CC-BY-4.0,WorldPop 1km density reprojected to 100m; density integrated over ward area
39,SULTANPUR MAJRA,0.669,28.697624,77.072356,https://bharatlas.com/view/wards_delhi,2026-05-26,CC-BY-SA-4.0,22268,33285.5,5.95,53.64,34.56,71,2020,https://hub.worldpop.org/geodata/summary?id=41746,CC-BY-4.0,WorldPop 1km density reprojected to 100m; density integrated over ward area
4,BAKHTAWAR PUR,53.9519,28.82199,77.176175,https://bharatlas.com/view/wards_delhi,2026-05-26,CC-BY-SA-4.0,125152,2319.7,74.77,0.0,29.91,5248,2020,https://hub.worldpop.org/geodata/summary?id=41746,CC-BY-4.0,WorldPop 1km density reprojected to 100m; density integrated over ward area
40,SULTANPURI  SOUTH,0.8554,28.688717,77.070543,https://bharatlas.com/view/wards_delhi,2026-05-26,CC-BY-SA-4.0,24749,28932.66,7.61,45.3,30.22,86,2020,https://hub.worldpop.org/geodata/summary?id=41746,CC-BY-4.0,WorldPop 1km density reprojected to 100m; density integrated over ward area
41,GURU HARKISHAN NAGAR,2.7753,28.666069,77.084966,https://bharatlas.com/view/wards_delhi,2026-05-26,CC-BY-SA-4.0,62861,22650.16,33.11,33.28,33.21,276,2020,https://hub.worldpop.org/geodata/summary?id=41746,CC-BY-4.0,WorldPop 1km density reprojected to 100m; density integrated over ward area
42,PERAGHARHI,1.8728,28.679329,77.08568,https://bharatlas.com/view/wards_delhi,2026-05-26,CC-BY-SA-4.0,47249,25229.07,22.66,38.21,31.99,192,2020,https://hub.worldpop.org/geodata/summary?id=41746,CC-BY-4.0,WorldPop 1km density reprojected to 100m; density integrated over ward area
43,NANGLOI EAST,2.4413,28.675106,77.066517,https://bharatlas.com/view/wards_delhi,2026-05-26,CC-BY-SA-4.0,59392,24328.02,30.79,36.49,34.21,238,2020,https://hub.worldpop.org/geodata/summary?id=41746,CC-BY-4.0,WorldPop 1km density reprojected to 100m; density integrated over ward area
44,QUAMMRUDDIN NAGAR,5.635,28.657105,77.066163,https://bharatlas.com/view/wards_delhi,2026-05-26,CC-BY-SA-4.0,116151,20612.42,68.75,29.37,45.12,570,2020,https://hub.worldpop.org/geodata/summary?id=41746,CC-BY-4.0,WorldPop 1km density reprojected to 100m; density integrated over ward area
45,ROHINI SOUTH,2.1749,28.701708,77.107359,https://bharatlas.com/view/wards_delhi,2026-05-26,CC-BY-SA-4.0,72363,33271.87,39.46,53.61,47.95,218,2020,https://hub.worldpop.org/geodata/summary?id=41746,CC-BY-4.0,WorldPop 1km density reprojected to 100m; density integrated over ward area
46,MANGOLPURI  EAST,0.8909,28.691288,77.09527,https://bharatlas.com/view/wards_delhi,2026-05-26,CC-BY-SA-4.0,28830,32360.53,10.34,51.87,35.26,94,2020,https://hub.worldpop.org/geodata/summary?id=41746,CC-BY-4.0,WorldPop 1km density reprojected to 100m; density integrated over ward area
47,MANGOLPURI,0.8714,28.696525,77.091045,https://bharatlas.com/view/wards_delhi,2026-05-26,CC-BY-SA-4.0,28179,32337.62,9.91,51.82,35.06,87,2020,https://hub.worldpop.org/geodata/summary?id=41746,CC-BY-4.0,WorldPop 1km density reprojected to 100m; density integrated over ward area
48,MANGOLPURI  WEST,1.4594,28.688859,77.083924,https://bharatlas.com/view/wards_delhi,2026-05-26,CC-BY-SA-4.0,41840,28669.32,19.05,44.8,34.5,145,2020,https://hub.worldpop.org/geodata/summary?id=41746,CC-BY-4.0,WorldPop 1km density reprojected to 100m; density integrated over ward area
49,ROHINI NORTH,3.3666,28.73562,77.133799,https://bharatlas.com/view/wards_delhi,2026-05-26,CC-BY-SA-4.0,77483,23015.21,42.89,33.97,37.54,336,2020,https://hub.worldpop.org/geodata/summary?id=41746,CC-BY-4.0,WorldPop 1km density reprojected to 100m; density integrated over ward area
5,BHALASWA JAHAGIR PUR,13.1083,28.769269,77.161555,https://bharatlas.com/view/wards_delhi,2026-05-26,CC-BY-SA-4.0,137313,10475.27,82.91,9.97,39.15,1312,2020,https://hub.worldpop.org/geodata/summary?id=41746,CC-BY-4.0,WorldPop 1km density reprojected to 100m; density integrated over ward area
50,ROHINI CENTRAL,3.0269,28.721441,77.123887,https://bharatlas.com/view/wards_delhi,2026-05-26,CC-BY-SA-4.0,67543,22314.25,36.24,32.63,34.07,304,2020,https://hub.worldpop.org/geodata/summary?id=41746,CC-BY-4.0,WorldPop 1km density reprojected to 100m; density integrated over ward area
51,ROHINI EAST,2.2632,28.708414,77.128636,https://bharatlas.com/view/wards_delhi,2026-05-26,CC-BY-SA-4.0,69220,30585.01,37.36,48.47,44.03,224,2020,https://hub.worldpop.org/geodata/summary?id=41746,CC-BY-4.0,WorldPop 1km density reprojected to 100m; density integrated over ward area
52,NAHARPUR,1.2096,28.710421,77.117796,https://bharatlas.com/view/wards_delhi,2026-05-26,CC-BY-SA-4.0,36819,30438.99,15.69,48.19,35.19,121,2020,https://hub.worldpop.org/geodata/summary?id=41746,CC-BY-4.0,WorldPop 1km density reprojected to 100m; density integrated over ward area
53,PITAMPURA SOUTH,2.3828,28.701361,77.145773,https://bharatlas.com/view/wards_delhi,2026-05-26,CC-BY-SA-4.0,71058,29821.22,38.59,47.0,43.64,238,2020,https://hub.worldpop.org/geodata/summary?id=41746,CC-BY-4.0,WorldPop 1km density reprojected to 100m; density integrated over ward area
54,PITAMPUR NORTH,2.4729,28.716662,77.144501,https://bharatlas.com/view/wards_delhi,2026-05-26,CC-BY-SA-4.0,61194,24745.84,31.99,37.29,35.17,246,2020,https://hub.worldpop.org/geodata/summary?id=41746,CC-BY-4.0,WorldPop 1km density reprojected to 100m; density integrated over ward area
55,SHALIMAR BAGH NORTH,2.2265,28.717458,77.154862,https://bharatlas.com/view/wards_delhi,2026-05-26,CC-BY-SA-4.0,55925,25117.9,28.47,38.0,34.19,222,2020,https://hub.worldpop.org/geodata/summary?id=41746,CC-BY-4.0,WorldPop 1km density reprojected to 100m; density integrated over ward area
56,SHALIMAR BAGH SOUTH,2.1455,28.707552,77.162594,https://bharatlas.com/view/wards_delhi,2026-05-26,CC-BY-SA-4.0,71558,33352.6,38.92,53.77,47.83,216,2020,https://hub.worldpop.org/geodata/summary?id=41746,CC-BY-4.0,WorldPop 1km density reprojected to 100m; density integrated over ward area
57,PASCHIM VIHAR SOUTH,2.9605,28.665814,77.101039,https://bharatlas.com/view/wards_delhi,2026-05-26,CC-BY-SA-4.0,76155,25723.7,42.0,39.16,40.3,297,2020,https://hub.worldpop.org/geodata/summary?id=41746,CC-BY-4.0,WorldPop 1km density reprojected to 100m; density integrated over ward area
58,PASCHIM VIHAR NORTH,2.1568,28.676954,77.105068,https://bharatlas.com/view/wards_delhi,2026-05-26,CC-BY-SA-4.0,53340,24731.08,26.74,37.26,33.05,216,2020,https://hub.worldpop.org/geodata/summary?id=41746,CC-BY-4.0,WorldPop 1km density reprojected to 100m; density integrated over ward area
59,RANI BAGH,3.3318,28.682232,77.126685,https://bharatlas.com/view/wards_delhi,2026-05-26,CC-BY-SA-4.0,99116,29748.48,57.36,46.87,51.07,333,2020,https://hub.worldpop.org/geodata/summary?id=41746,CC-BY-4.0,WorldPop 1km density reprojected to 100m; density integrated over ward area
6,MUKUND PUR,5.5411,28.746735,77.18797,https://bharatlas.com/view/wards_delhi,2026-05-26,CC-BY-SA-4.0,109143,19696.99,64.06,27.62,42.2,560,2020,https://hub.worldpop.org/geodata/summary?id=41746,CC-BY-4.0,WorldPop 1km density reprojected to 100m; density integrated over ward area
60,SARASWATI VIHAR,3.9838,28.690554,77.112762,https://bharatlas.com/view/wards_delhi,2026-05-26,CC-BY-SA-4.0,109352,27449.17,64.2,42.46,51.16,398,2020,https://hub.worldpop.org/geodata/summary?id=41746,CC-BY-4.0,WorldPop 1km density reprojected to 100m; density integrated over ward area
61,TRI NAGAR,0.9533,28.677574,77.161594,https://bharatlas.com/view/wards_delhi,2026-05-26,CC-BY-SA-4.0,35088,36806.88,14.53,60.38,42.04,95,2020,https://hub.worldpop.org/geodata/summary?id=41746,CC-BY-4.0,WorldPop 1km density reprojected to 100m; density integrated over ward area
62,RAMPURA,2.5062,28.679215,77.147221,https://bharatlas.com/view/wards_delhi,2026-05-26,CC-BY-SA-4.0,90152,35971.59,51.36,58.78,55.81,251,2020,https://hub.worldpop.org/geodata/summary?id=41746,CC-BY-4.0,WorldPop 1km density reprojected to 100m; density integrated over ward area
63,KOHAT ENCLAVE,2.0426,28.693461,77.136383,https://bharatlas.com/view/wards_delhi,2026-05-26,CC-BY-SA-4.0,75644,37033.19,41.66,60.81,53.15,205,2020,https://hub.worldpop.org/geodata/summary?id=41746,CC-BY-4.0,WorldPop 1km density reprojected to 100m; density integrated over ward area
64,SHAKUR PUR,1.0179,28.690454,77.147668,https://bharatlas.com/view/wards_delhi,2026-05-26,CC-BY-SA-4.0,36487,35845.37,15.47,58.54,41.31,103,2020,https://hub.worldpop.org/geodata/summary?id=41746,CC-BY-4.0,WorldPop 1km density reprojected to 100m; density integrated over ward area
65,NIMRI COLONY,1.2623,28.681883,77.172604,https://bharatlas.com/view/wards_delhi,2026-05-26,CC-BY-SA-4.0,35581,28187.44,14.86,43.88,32.27,124,2020,https://hub.worldpop.org/geodata/summary?id=41746,CC-BY-4.0,WorldPop 1km density reprojected to 100m; density integrated over ward area
66,SAWAN PARK,2.3543,28.690822,77.18002,https://bharatlas.com/view/wards_delhi,2026-05-26,CC-BY-SA-4.0,65455,27802.32,34.84,43.14,39.82,238,2020,https://hub.worldpop.org/geodata/summary?id=41746,CC-BY-4.0,WorldPop 1km density reprojected to 100m; density integrated over ward area
67,WAJIRPUR,1.9124,28.688023,77.161617,https://bharatlas.com/view/wards_delhi,2026-05-26,CC-BY-SA-4.0,59221,30966.85,30.67,49.2,41.79,190,2020,https://hub.worldpop.org/geodata/summary?id=41746,CC-BY-4.0,WorldPop 1km density reprojected to 100m; density integrated over ward area
68,ASHOK VIHAR,2.0363,28.696995,77.166866,https://bharatlas.com/view/wards_delhi,2026-05-26,CC-BY-SA-4.0,66726,32768.26,35.69,52.65,45.87,205,2020,https://hub.worldpop.org/geodata/summary?id=41746,CC-BY-4.0,WorldPop 1km density reprojected to 100m; density integrated over ward area
69,KAMLA NAGAR,2.4163,28.677956,77.194904,https://bharatlas.com/view/wards_delhi,2026-05-26,CC-BY-SA-4.0,55099,22803.05,27.91,33.57,31.31,240,2020,https://hub.worldpop.org/geodata/summary?id=41746,CC-BY-4.0,WorldPop 1km density reprojected to 100m; density integrated over ward area
7,BURARI,17.3314,28.769474,77.20214,https://bharatlas.com/view/wards_delhi,2026-05-26,CC-BY-SA-4.0,90846,5241.7,51.83,0.0,20.73,1629,2020,https://hub.worldpop.org/geodata/summary?id=41746,CC-BY-4.0,WorldPop 1km density reprojected to 100m; density integrated over ward area
70,RANA PRATAP BAGH,1.372,28.68778,77.195067,https://bharatlas.com/view/wards_delhi,2026-05-26,CC-BY-SA-4.0,37260,27157.43,15.98,41.9,31.53,143,2020,https://hub.worldpop.org/geodata/summary?id=41746,CC-BY-4.0,WorldPop 1km density reprojected to 100m; density integrated over ward area
71,SANGAM PARK,1.0556,28.698677,77.183793,https://bharatlas.com/view/wards_delhi,2026-05-26,CC-BY-SA-4.0,31864,30185.68,12.37,47.7,33.57,103,2020,https://hub.worldpop.org/geodata/summary?id=41746,CC-BY-4.0,WorldPop 1km density reprojected to 100m; density integrated over ward area
72,MODEL TOWN,2.8131,28.701933,77.191341,https://bharatlas.com/view/wards_delhi,2026-05-26,CC-BY-SA-4.0,82922,29477.09,46.53,46.35,46.42,280,2020,https://hub.worldpop.org/geodata/summary?id=41746,CC-BY-4.0,WorldPop 1km density reprojected to 100m; density integrated over ward area
73,SHASTRI NAGAR,1.4389,28.673473,77.180546,https://bharatlas.com/view/wards_delhi,2026-05-26,CC-BY-SA-4.0,40445,28108.28,18.11,43.73,33.48,141,2020,https://hub.worldpop.org/geodata/summary?id=41746,CC-BY-4.0,WorldPop 1km density reprojected to 100m; density integrated over ward area
74,INDER LOK COLONY,2.4902,28.666255,77.17564,https://bharatlas.com/view/wards_delhi,2026-05-26,CC-BY-SA-4.0,76515,30726.45,42.24,48.74,46.14,251,2020,https://hub.worldpop.org/geodata/summary?id=41746,CC-BY-4.0,WorldPop 1km density reprojected to 100m; density integrated over ward area
75,KISHAN GANJ,1.2244,28.666355,77.194731,https://bharatlas.com/view/wards_delhi,2026-05-26,CC-BY-SA-4.0,31228,25504.74,11.95,38.74,28.02,124,2020,https://hub.worldpop.org/geodata/summary?id=41746,CC-BY-4.0,WorldPop 1km density reprojected to 100m; density integrated over ward area
76,DEPUTY GANJ,1.0732,28.66294,77.20808,https://bharatlas.com/view/wards_delhi,2026-05-26,CC-BY-SA-4.0,30918,28809.17,11.74,45.07,31.74,106,2020,https://hub.worldpop.org/geodata/summary?id=41746,CC-BY-4.0,WorldPop 1km density reprojected to 100m; density integrated over ward area
77,KASHMERE GATE,3.4577,28.672396,77.228895,https://bharatlas.com/view/wards_delhi,2026-05-26,CC-BY-SA-4.0,71733,20745.87,39.04,29.63,33.39,344,2020,https://hub.worldpop.org/geodata/summary?id=41746,CC-BY-4.0,WorldPop 1km density reprojected to 100m; density integrated over ward area
78,MAJNU KA TILA,3.6615,28.679118,77.219645,https://bharatlas.com/view/wards_delhi,2026-05-26,CC-BY-SA-4.0,74123,20243.89,40.64,28.67,33.46,364,2020,https://hub.worldpop.org/geodata/summary?id=41746,CC-BY-4.0,WorldPop 1km density reprojected to 100m; density integrated over ward area
79,JAMA MASJID,0.7747,28.649591,77.236203,https://bharatlas.com/view/wards_delhi,2026-05-26,CC-BY-SA-4.0,25310,32670.71,7.99,52.46,34.67,75,2020,https://hub.worldpop.org/geodata/summary?id=41746,CC-BY-4.0,WorldPop 1km density reprojected to 100m; density integrated over ward area
8,JHARODA,12.4987,28.740442,77.218766,https://bharatlas.com/view/wards_delhi,2026-05-26,CC-BY-SA-4.0,118845,9508.59,70.55,8.12,33.09,1210,2020,https://hub.worldpop.org/geodata/summary?id=41746,CC-BY-4.0,WorldPop 1km density reprojected to 100m; density integrated over ward area
80,CHANDNI CHOWK,2.614,28.657123,77.234455,https://bharatlas.com/view/wards_delhi,2026-05-26,CC-BY-SA-4.0,62665,23972.84,32.98,35.81,34.68,259,2020,https://hub.worldpop.org/geodata/summary?id=41746,CC-BY-4.0,WorldPop 1km density reprojected to 100m; density integrated over ward area
81,MINTO ROAD,2.5277,28.636863,77.231947,https://bharatlas.com/view/wards_delhi,2026-05-26,CC-BY-SA-4.0,35684,14117.18,14.93,16.94,16.14,254,2020,https://hub.worldpop.org/geodata/summary?id=41746,CC-BY-4.0,WorldPop 1km density reprojected to 100m; density integrated over ward area
82,KUCHA PANDIT,0.3389,28.647548,77.225885,https://bharatlas.com/view/wards_delhi,2026-05-26,CC-BY-SA-4.0,10044,29637.06,0.0,46.65,27.99,34,2020,https://hub.worldpop.org/geodata/summary?id=41746,CC-BY-4.0,WorldPop 1km density reprojected to 100m; density integrated over ward area
83,BAZAR SITARAM,0.3573,28.646979,77.230982,https://bharatlas.com/view/wards_delhi,2026-05-26,CC-BY-SA-4.0,12637,35368.04,0.0,57.62,34.57,38,2020,https://hub.worldpop.org/geodata/summary?id=41746,CC-BY-4.0,WorldPop 1km density reprojected to 100m; density integrated over ward area
84,TURKMAN GATE,0.239,28.64341,77.235315,https://bharatlas.com/view/wards_delhi,2026-05-26,CC-BY-SA-4.0,9075,37970.71,0.0,62.61,37.57,25,2020,https://hub.worldpop.org/geodata/summary?id=41746,CC-BY-4.0,WorldPop 1km density reprojected to 100m; density integrated over ward area
85,IDGAH ROAD,0.7744,28.653422,77.217167,https://bharatlas.com/view/wards_delhi,2026-05-26,CC-BY-SA-4.0,18860,24354.34,3.68,36.54,23.4,78,2020,https://hub.worldpop.org/geodata/summary?id=41746,CC-BY-4.0,WorldPop 1km density reprojected to 100m; density integrated over ward area
86,BALLIMARAN,0.5301,28.653266,77.225247,https://bharatlas.com/view/wards_delhi,2026-05-26,CC-BY-SA-4.0,12490,23561.59,0.0,35.02,21.01,53,2020,https://hub.worldpop.org/geodata/summary?id=41746,CC-BY-4.0,WorldPop 1km density reprojected to 100m; density integrated over ward area
87,RAM NAGAR,0.4243,28.64926,77.215646,https://bharatlas.com/view/wards_delhi,2026-05-26,CC-BY-SA-4.0,11097,26153.66,0.0,39.98,23.99,42,2020,https://hub.worldpop.org/geodata/summary?id=41746,CC-BY-4.0,WorldPop 1km density reprojected to 100m; density integrated over ward area
88,QASABPURA,0.7509,28.654322,77.20824,https://bharatlas.com/view/wards_delhi,2026-05-26,CC-BY-SA-4.0,24651,32828.61,7.55,52.76,34.68,75,2020,https://hub.worldpop.org/geodata/summary?id=41746,CC-BY-4.0,WorldPop 1km density reprojected to 100m; density integrated over ward area
89,PAHAR GANJ,1.0373,28.642401,77.211932,https://bharatlas.com/view/wards_delhi,2026-05-26,CC-BY-SA-4.0,23552,22705.1,6.81,33.38,22.75,106,2020,https://hub.worldpop.org/geodata/summary?id=41746,CC-BY-4.0,WorldPop 1km density reprojected to 100m; density integrated over ward area
9,MALKAGANJ,0.9918,28.673776,77.207297,https://bharatlas.com/view/wards_delhi,2026-05-26,CC-BY-SA-4.0,20497,20666.47,4.77,29.48,19.6,99,2020,https://hub.worldpop.org/geodata/summary?id=41746,CC-BY-4.0,WorldPop 1km density reprojected to 100m; density integrated over ward area
90,MODEL BASTI,1.457,28.651673,77.202852,https://bharatlas.com/view/wards_delhi,2026-05-26,CC-BY-SA-4.0,57887,39730.27,29.78,65.97,51.49,147,2020,https://hub.worldpop.org/geodata/summary?id=41746,CC-BY-4.0,WorldPop 1km density reprojected to 100m; density integrated over ward area
91,KAROL BAGH,2.2826,28.655115,77.192097,https://bharatlas.com/view/wards_delhi,2026-05-26,CC-BY-SA-4.0,86110,37724.52,48.66,62.13,56.74,227,2020,https://hub.worldpop.org/geodata/summary?id=41746,CC-BY-4.0,WorldPop 1km density reprojected to 100m; density integrated over ward area
92,DEV NAGAR,0.7554,28.653197,77.180514,https://bharatlas.com/view/wards_delhi,2026-05-26,CC-BY-SA-4.0,20879,27639.66,5.03,42.83,27.71,73,2020,https://hub.worldpop.org/geodata/summary?id=41746,CC-BY-4.0,WorldPop 1km density reprojected to 100m; density integrated over ward area
93,BALJIT NAGAR,0.388,28.65582,77.159655,https://bharatlas.com/view/wards_delhi,2026-05-26,CC-BY-SA-4.0,14013,36115.98,0.43,59.06,35.61,40,2020,https://hub.worldpop.org/geodata/summary?id=41746,CC-BY-4.0,WorldPop 1km density reprojected to 100m; density integrated over ward area
94,WEST PATEL NAGAR,1.0595,28.658721,77.161944,https://bharatlas.com/view/wards_delhi,2026-05-26,CC-BY-SA-4.0,36328,34287.87,15.36,55.56,39.48,107,2020,https://hub.worldpop.org/geodata/summary?id=41746,CC-BY-4.0,WorldPop 1km density reprojected to 100m; density integrated over ward area
95,EAST PATEL NAGAR,2.3765,28.651776,77.173329,https://bharatlas.com/view/wards_delhi,2026-05-26,CC-BY-SA-4.0,55276,23259.42,28.03,34.44,31.88,238,2020,https://hub.worldpop.org/geodata/summary?id=41746,CC-BY-4.0,WorldPop 1km density reprojected to 100m; density integrated over ward area
96,NEW RANJIT NAGAR,0.8349,28.648185,77.161241,https://bharatlas.com/view/wards_delhi,2026-05-26,CC-BY-SA-4.0,16269,19486.17,1.94,27.22,17.11,83,2020,https://hub.worldpop.org/geodata/summary?id=41746,CC-BY-4.0,WorldPop 1km density reprojected to 100m; density integrated over ward area
97,KIRTI NAGAR,3.3802,28.654834,77.141285,https://bharatlas.com/view/wards_delhi,2026-05-26,CC-BY-SA-4.0,116265,34395.89,68.83,55.76,60.99,337,2020,https://hub.worldpop.org/geodata/summary?id=41746,CC-BY-4.0,WorldPop 1km density reprojected to 100m; density integrated over ward area
98,MANSAROWER GARDEN,1.6024,28.642391,77.132906,https://bharatlas.com/view/wards_delhi,2026-05-26,CC-BY-SA-4.0,54546,34040.19,27.54,55.08,44.06,162,2020,https://hub.worldpop.org/geodata/summary?id=41746,CC-BY-4.0,WorldPop 1km density reprojected to 100m; density integrated over ward area
99,MOTI NAGAR,0.9657,28.670095,77.145846,https://bharatlas.com/view/wards_delhi,2026-05-26,CC-BY-SA-4.0,35615,36879.98,14.88,60.52,42.26,96,2020,https://hub.worldpop.org/geodata/summary?id=41746,CC-BY-4.0,WorldPop 1km density reprojected to 100m; density integrated over ward area
CANT_1,DELHI CANTT CHARGE 1,1.2747,28.621415,77.1318,https://bharatlas.com/view/wards_delhi,2026-05-26,CC-BY-SA-4.0,14148,11099.08,0.52,11.16,6.9,124,2020,https://hub.worldpop.org/geodata/summary?id=41746,CC-BY-4.0,WorldPop 1km density reprojected to 100m; density integrated over ward area
CANT_2,DELHI CANTT CHARGE 2,8.7602,28.610588,77.142895,https://bharatlas.com/view/wards_delhi,2026-05-26,CC-BY-SA-4.0,63415,7238.99,33.48,3.77,15.65,876,2020,https://hub.worldpop.org/geodata/summary?id=41746,CC-BY-4.0,WorldPop 1km density reprojected to 100m; density integrated over ward area
CANT_3,DELHI CANTT CHARGE 3,5.0843,28.593396,77.146222,https://bharatlas.com/view/wards_delhi,2026-05-26,CC-BY-SA-4.0,33852,6658.14,13.7,2.66,7.08,508,2020,https://hub.worldpop.org/geodata/summary?id=41746,CC-BY-4.0,WorldPop 1km density reprojected to 100m; density integrated over ward area
CANT_4,DELHI CANTT CHARGE 4,8.3822,28.563167,77.145557,https://bharatlas.com/view/wards_delhi,2026-05-26,CC-BY-SA-4.0,51468,6140.15,25.49,1.67,11.2,838,2020,https://hub.worldpop.org/geodata/summary?id=41746,CC-BY-4.0,WorldPop 1km density reprojected to 100m; density integrated over ward area
CANT_5,DELHI CANTT CHARGE 5,3.4935,28.576558,77.13216,https://bharatlas.com/view/wards_delhi,2026-05-26,CC-BY-SA-4.0,21411,6128.81,5.38,1.65,3.14,349,2020,https://hub.worldpop.org/geodata/summary?id=41746,CC-BY-4.0,WorldPop 1km density reprojected to 100m; density integrated over ward area
CANT_6,DELHI CANTT CHARGE 6,15.2477,28.570268,77.107509,https://bharatlas.com/view/wards_delhi,2026-05-26,CC-BY-SA-4.0,99172,6504.06,57.39,2.37,24.38,1527,2020,https://hub.worldpop.org/geodata/summary?id=41746,CC-BY-4.0,WorldPop 1km density reprojected to 100m; density integrated over ward area
CANT_7,DELHI CANTT CHARGE 7,3.8856,28.59516,77.110073,https://bharatlas.com/view/wards_delhi,2026-05-26,CC-BY-SA-4.0,34577,8898.75,14.19,6.95,9.85,390,2020,https://hub.worldpop.org/geodata/summary?id=41746,CC-BY-4.0,WorldPop 1km density reprojected to 100m; density integrated over ward area
CANT_8,DELHI CANTT CHARGE 8,1.753,28.600386,77.125589,https://bharatlas.com/view/wards_delhi,2026-05-26,CC-BY-SA-4.0,16018,9137.48,1.77,7.41,5.15,173,2020,https://hub.worldpop.org/geodata/summary?id=41746,CC-BY-4.0,WorldPop 1km density reprojected to 100m; density integrated over ward area
NDMC_1,NDMC CHARGE 1,3.9427,28.62097,77.231976,https://bharatlas.com/view/wards_delhi,2026-05-26,CC-BY-SA-4.0,11143,2826.24,0.0,0.0,0.0,396,2020,https://hub.worldpop.org/geodata/summary?id=41746,CC-BY-4.0,WorldPop 1km density reprojected to 100m; density integrated over ward area
NDMC_2,NDMC CHARGE 2,1.8398,28.635958,77.212528,https://bharatlas.com/view/wards_delhi,2026-05-26,CC-BY-SA-4.0,20675,11237.63,4.89,11.43,8.81,185,2020,https://hub.worldpop.org/geodata/summary?id=41746,CC-BY-4.0,WorldPop 1km density reprojected to 100m; density integrated over ward area
NDMC_3,NDMC CHARGE 3,8.9824,28.619071,77.18899,https://bharatlas.com/view/wards_delhi,2026-05-26,CC-BY-SA-4.0,72365,8056.31,39.46,5.34,18.99,891,2020,https://hub.worldpop.org/geodata/summary?id=41746,CC-BY-4.0,WorldPop 1km density reprojected to 100m; density integrated over ward area
NDMC_4,NDMC CHARGE 4,4.376,28.620381,77.214119,https://bharatlas.com/view/wards_delhi,2026-05-26,CC-BY-SA-4.0,19331,4417.5,3.99,0.0,1.6,441,2020,https://hub.worldpop.org/geodata/summary?id=41746,CC-BY-4.0,WorldPop 1km density reprojected to 100m; density integrated over ward area
NDMC_5,NDMC CHARGE 5,7.9654,28.60197,77.220359,https://bharatlas.com/view/wards_delhi,2026-05-26,CC-BY-SA-4.0,26054,3270.9,8.49,0.0,3.4,797,2020,https://hub.worldpop.org/geodata/summary?id=41746,CC-BY-4.0,WorldPop 1km density reprojected to 100m; density integrated over ward area
NDMC_6,NDMC CHARGE 6,1.356,28.584645,77.21855,https://bharatlas.com/view/wards_delhi,2026-05-26,CC-BY-SA-4.0,12133,8947.64,0.0,7.04,4.22,138,2020,https://hub.worldpop.org/geodata/summary?id=41746,CC-BY-4.0,WorldPop 1km density reprojected to 100m; density integrated over ward area
NDMC_7,NDMC CHARGE 7,3.0264,28.570641,77.205433,https://bharatlas.com/view/wards_delhi,2026-05-26,CC-BY-SA-4.0,38635,12765.99,16.9,14.35,15.37,307,2020,https://hub.worldpop.org/geodata/summary?id=41746,CC-BY-4.0,WorldPop 1km density reprojected to 100m; density integrated over ward area
NDMC_8,NDMC CHARGE 8,1.0819,28.577015,77.195982,https://bharatlas.com/view/wards_delhi,2026-05-26,CC-BY-SA-4.0,10698,9888.16,0.0,8.84,5.3,110,2020,https://hub.worldpop.org/geodata/summary?id=41746,CC-BY-4.0,WorldPop 1km density reprojected to 100m; density integrated over ward area
NDMC_9,NDMC CHARGE 9,11.0145,28.590084,77.189996,https://bharatlas.com/view/wards_delhi,2026-05-26,CC-BY-SA-4.0,55901,5075.22,28.45,0.0,11.38,1095,2020,https://hub.worldpop.org/geodata/summary?id=41746,CC-BY-4.0,WorldPop 1km density reprojected to 100m; density integrated over ward area
UNNUMBERED_001,Unnamed Boundary (UNNUMBERED_001),37.1126,28.645008,77.260774,https://bharatlas.com/view/wards_delhi,2026-05-26,CC-BY-SA-4.0,460701,12413.6,100.0,13.68,48.21,3675,2020,https://hub.worldpop.org/geodata/summary?id=41746,CC-BY-4.0,WorldPop 1km density reprojected to 100m; density integrated over ward area
