date,hours_available,temperature_max_c,temperature_min_c,temperature_mean_c,humidity_max_pct,humidity_mean_pct,wind_mean_mps,solar_max_wm2,heat_index_max_c,wet_bulb_max_c,wbgt_max_c,wbgt_mean_c,utci_max_c,utci_mean_c,danger_hours,extreme_hours,night_temperature_min_c,daily_heat_level,is_dangerous_day,consecutive_danger_days,previous_day_wbgt_c,previous_day_utci_c,wbgt_3day_mean_c,utci_3day_mean_c,thermal_hazard_score,heat_duration_score,ward_id,ward_name,population,area_sq_km,children_0_6,elderly_60_plus,outdoor_workers,mean_ndvi,hospitals_per_100k,population_density,child_percentage,elderly_percentage,outdoor_worker_percentage,population_density_score,population_size_score,child_vulnerability_score,elderly_vulnerability_score,outdoor_worker_score,vegetation_deficiency_score,healthcare_deficiency_score,demographic_vulnerability_score,population_exposure_score,vulnerability_level,mortality_risk_index,risk_level,alert_colour,recommended_action,risk_rank_within_city,model_version,risk_interpretation
2024-05-02,24,37.94,19.11,28.64,32.15,18.53,4.2,1004.7,34.93,16.97,24.98,18.99,45.45,28.5,7,0,19.11,High,True,1,,,24.98,45.45,51.77,33.33,DEMO-003,Demo Ward C,91000,2.7,11800,7200,15200,0.11,0.8,33703.7,12.97,7.91,16.7,100.0,100.0,100.0,0.0,100.0,89.0,100.0,73.35,100.0,High,45.56,Moderate,Yellow,"Notify local health centres, increase water access and check vulnerable residents.",1,provisional-rule-based-v1,"Impact-risk ranking, not a predicted death count"
2024-05-02,24,37.94,19.11,28.64,32.15,18.53,4.2,1004.7,34.93,16.97,24.98,18.99,45.45,28.5,7,0,19.11,High,True,1,,,24.98,45.45,51.77,33.33,DEMO-005,Demo Ward E,76000,3.5,8900,6600,12100,0.15,1.5,21714.29,11.71,8.68,15.92,54.69,69.39,65.87,9.73,88.33,85.0,74.07,57.78,60.57,High,40.89,Moderate,Yellow,"Notify local health centres, increase water access and check vulnerable residents.",2,provisional-rule-based-v1,"Impact-risk ranking, not a predicted death count"
2024-05-02,24,37.94,19.11,28.64,32.15,18.53,4.2,1004.7,34.93,16.97,24.98,18.99,45.45,28.5,7,0,19.11,High,True,1,,,24.98,45.45,51.77,33.33,DEMO-001,Demo Ward A,65000,3.1,7200,6100,9800,0.18,1.2,20967.74,11.08,9.38,15.08,51.87,46.94,48.66,18.55,75.74,82.0,85.19,55.84,49.9,High,39.86,Moderate,Yellow,"Notify local health centres, increase water access and check vulnerable residents.",3,provisional-rule-based-v1,"Impact-risk ranking, not a predicted death count"
2024-05-02,24,37.94,19.11,28.64,32.15,18.53,4.2,1004.7,34.93,16.97,24.98,18.99,45.45,28.5,7,0,19.11,High,True,1,,,24.98,45.45,51.77,33.33,DEMO-004,Demo Ward D,53000,4.4,5100,8400,5900,0.31,2.4,12045.45,9.62,15.85,11.13,18.15,22.45,9.15,100.0,16.89,69.0,40.74,47.35,19.87,Moderate,36.64,Moderate,Yellow,"Notify local health centres, increase water access and check vulnerable residents.",4,provisional-rule-based-v1,"Impact-risk ranking, not a predicted death count"
2024-05-02,24,37.94,19.11,28.64,32.15,18.53,4.2,1004.7,34.93,16.97,24.98,18.99,45.45,28.5,7,0,19.11,High,True,1,,,24.98,45.45,51.77,33.33,DEMO-002,Demo Ward B,42000,5.8,3900,5200,4200,0.42,3.5,7241.38,9.29,12.38,10.0,0.0,0.0,0.0,56.3,0.0,58.0,0.0,22.78,0.0,Low,32.56,Moderate,Yellow,"Notify local health centres, increase water access and check vulnerable residents.",5,provisional-rule-based-v1,"Impact-risk ranking, not a predicted death count"
2024-05-03,24,40.15,21.84,31.32,25.54,15.05,4.72,908.5,36.65,16.93,25.28,20.2,47.56,31.48,8,3,21.84,Extreme,True,2,24.98,45.45,25.13,46.5,55.79,66.67,DEMO-003,Demo Ward C,91000,2.7,11800,7200,15200,0.11,0.8,33703.7,12.97,7.91,16.7,100.0,100.0,100.0,0.0,100.0,89.0,100.0,73.35,100.0,High,50.96,High,Orange,"Prepare cooling centres, shift outdoor work hours and increase hospital readiness.",1,provisional-rule-based-v1,"Impact-risk ranking, not a predicted death count"
2024-05-03,24,40.15,21.84,31.32,25.54,15.05,4.72,908.5,36.65,16.93,25.28,20.2,47.56,31.48,8,3,21.84,Extreme,True,2,24.98,45.45,25.13,46.5,55.79,66.67,DEMO-005,Demo Ward E,76000,3.5,8900,6600,12100,0.15,1.5,21714.29,11.71,8.68,15.92,54.69,69.39,65.87,9.73,88.33,85.0,74.07,57.78,60.57,High,45.92,Moderate,Yellow,"Notify local health centres, increase water access and check vulnerable residents.",2,provisional-rule-based-v1,"Impact-risk ranking, not a predicted death count"
2024-05-03,24,40.15,21.84,31.32,25.54,15.05,4.72,908.5,36.65,16.93,25.28,20.2,47.56,31.48,8,3,21.84,Extreme,True,2,24.98,45.45,25.13,46.5,55.79,66.67,DEMO-001,Demo Ward A,65000,3.1,7200,6100,9800,0.18,1.2,20967.74,11.08,9.38,15.08,51.87,46.94,48.66,18.55,75.74,82.0,85.19,55.84,49.9,High,44.81,Moderate,Yellow,"Notify local health centres, increase water access and check vulnerable residents.",3,provisional-rule-based-v1,"Impact-risk ranking, not a predicted death count"
2024-05-03,24,40.15,21.84,31.32,25.54,15.05,4.72,908.5,36.65,16.93,25.28,20.2,47.56,31.48,8,3,21.84,Extreme,True,2,24.98,45.45,25.13,46.5,55.79,66.67,DEMO-004,Demo Ward D,53000,4.4,5100,8400,5900,0.31,2.4,12045.45,9.62,15.85,11.13,18.15,22.45,9.15,100.0,16.89,69.0,40.74,47.35,19.87,Moderate,41.35,Moderate,Yellow,"Notify local health centres, increase water access and check vulnerable residents.",4,provisional-rule-based-v1,"Impact-risk ranking, not a predicted death count"
2024-05-03,24,40.15,21.84,31.32,25.54,15.05,4.72,908.5,36.65,16.93,25.28,20.2,47.56,31.48,8,3,21.84,Extreme,True,2,24.98,45.45,25.13,46.5,55.79,66.67,DEMO-002,Demo Ward B,42000,5.8,3900,5200,4200,0.42,3.5,7241.38,9.29,12.38,10.0,0.0,0.0,0.0,56.3,0.0,58.0,0.0,22.78,0.0,Low,36.95,Moderate,Yellow,"Notify local health centres, increase water access and check vulnerable residents.",5,provisional-rule-based-v1,"Impact-risk ranking, not a predicted death count"
2024-05-04,24,42.71,26.08,33.94,25.12,15.78,3.3,959.45,39.23,19.13,27.89,22.4,50.68,34.6,8,6,26.08,Extreme,True,3,25.28,47.56,26.05,47.9,67.97,100.0,DEMO-003,Demo Ward C,91000,2.7,11800,7200,15200,0.11,0.8,33703.7,12.97,7.91,16.7,100.0,100.0,100.0,0.0,100.0,89.0,100.0,73.35,100.0,High,64.35,High,Orange,"Prepare cooling centres, shift outdoor work hours and increase hospital readiness.",1,provisional-rule-based-v1,"Impact-risk ranking, not a predicted death count"
2024-05-04,24,42.71,26.08,33.94,25.12,15.78,3.3,959.45,39.23,19.13,27.89,22.4,50.68,34.6,8,6,26.08,Extreme,True,3,25.28,47.56,26.05,47.9,67.97,100.0,DEMO-005,Demo Ward E,76000,3.5,8900,6600,12100,0.15,1.5,21714.29,11.71,8.68,15.92,54.69,69.39,65.87,9.73,88.33,85.0,74.07,57.78,60.57,High,58.21,High,Orange,"Prepare cooling centres, shift outdoor work hours and increase hospital readiness.",2,provisional-rule-based-v1,"Impact-risk ranking, not a predicted death count"
2024-05-04,24,42.71,26.08,33.94,25.12,15.78,3.3,959.45,39.23,19.13,27.89,22.4,50.68,34.6,8,6,26.08,Extreme,True,3,25.28,47.56,26.05,47.9,67.97,100.0,DEMO-001,Demo Ward A,65000,3.1,7200,6100,9800,0.18,1.2,20967.74,11.08,9.38,15.08,51.87,46.94,48.66,18.55,75.74,82.0,85.19,55.84,49.9,High,56.86,High,Orange,"Prepare cooling centres, shift outdoor work hours and increase hospital readiness.",3,provisional-rule-based-v1,"Impact-risk ranking, not a predicted death count"
2024-05-04,24,42.71,26.08,33.94,25.12,15.78,3.3,959.45,39.23,19.13,27.89,22.4,50.68,34.6,8,6,26.08,Extreme,True,3,25.28,47.56,26.05,47.9,67.97,100.0,DEMO-004,Demo Ward D,53000,4.4,5100,8400,5900,0.31,2.4,12045.45,9.62,15.85,11.13,18.15,22.45,9.15,100.0,16.89,69.0,40.74,47.35,19.87,Moderate,52.64,High,Orange,"Prepare cooling centres, shift outdoor work hours and increase hospital readiness.",4,provisional-rule-based-v1,"Impact-risk ranking, not a predicted death count"
2024-05-04,24,42.71,26.08,33.94,25.12,15.78,3.3,959.45,39.23,19.13,27.89,22.4,50.68,34.6,8,6,26.08,Extreme,True,3,25.28,47.56,26.05,47.9,67.97,100.0,DEMO-002,Demo Ward B,42000,5.8,3900,5200,4200,0.42,3.5,7241.38,9.29,12.38,10.0,0.0,0.0,0.0,56.3,0.0,58.0,0.0,22.78,0.0,Low,47.28,Moderate,Yellow,"Notify local health centres, increase water access and check vulnerable residents.",5,provisional-rule-based-v1,"Impact-risk ranking, not a predicted death count"
2024-05-05,24,43.84,24.75,34.47,35.81,20.69,3.89,943.4,41.39,21.45,30.01,23.94,52.37,35.56,10,7,24.75,Extreme,True,4,27.89,50.68,27.73,50.2,77.52,100.0,DEMO-003,Demo Ward C,91000,2.7,11800,7200,15200,0.11,0.8,33703.7,12.97,7.91,16.7,100.0,100.0,100.0,0.0,100.0,89.0,100.0,73.35,100.0,High,73.39,High,Orange,"Prepare cooling centres, shift outdoor work hours and increase hospital readiness.",1,provisional-rule-based-v1,"Impact-risk ranking, not a predicted death count"
2024-05-05,24,43.84,24.75,34.47,35.81,20.69,3.89,943.4,41.39,21.45,30.01,23.94,52.37,35.56,10,7,24.75,Extreme,True,4,27.89,50.68,27.73,50.2,77.52,100.0,DEMO-005,Demo Ward E,76000,3.5,8900,6600,12100,0.15,1.5,21714.29,11.71,8.68,15.92,54.69,69.39,65.87,9.73,88.33,85.0,74.07,57.78,60.57,High,66.39,High,Orange,"Prepare cooling centres, shift outdoor work hours and increase hospital readiness.",2,provisional-rule-based-v1,"Impact-risk ranking, not a predicted death count"
2024-05-05,24,43.84,24.75,34.47,35.81,20.69,3.89,943.4,41.39,21.45,30.01,23.94,52.37,35.56,10,7,24.75,Extreme,True,4,27.89,50.68,27.73,50.2,77.52,100.0,DEMO-001,Demo Ward A,65000,3.1,7200,6100,9800,0.18,1.2,20967.74,11.08,9.38,15.08,51.87,46.94,48.66,18.55,75.74,82.0,85.19,55.84,49.9,High,64.85,High,Orange,"Prepare cooling centres, shift outdoor work hours and increase hospital readiness.",3,provisional-rule-based-v1,"Impact-risk ranking, not a predicted death count"
2024-05-05,24,43.84,24.75,34.47,35.81,20.69,3.89,943.4,41.39,21.45,30.01,23.94,52.37,35.56,10,7,24.75,Extreme,True,4,27.89,50.68,27.73,50.2,77.52,100.0,DEMO-004,Demo Ward D,53000,4.4,5100,8400,5900,0.31,2.4,12045.45,9.62,15.85,11.13,18.15,22.45,9.15,100.0,16.89,69.0,40.74,47.35,19.87,Moderate,60.04,High,Orange,"Prepare cooling centres, shift outdoor work hours and increase hospital readiness.",4,provisional-rule-based-v1,"Impact-risk ranking, not a predicted death count"
2024-05-05,24,43.84,24.75,34.47,35.81,20.69,3.89,943.4,41.39,21.45,30.01,23.94,52.37,35.56,10,7,24.75,Extreme,True,4,27.89,50.68,27.73,50.2,77.52,100.0,DEMO-002,Demo Ward B,42000,5.8,3900,5200,4200,0.42,3.5,7241.38,9.29,12.38,10.0,0.0,0.0,0.0,56.3,0.0,58.0,0.0,22.78,0.0,Low,53.92,High,Orange,"Prepare cooling centres, shift outdoor work hours and increase hospital readiness.",5,provisional-rule-based-v1,"Impact-risk ranking, not a predicted death count"
2024-05-06,24,43.03,26.86,34.93,32.61,20.65,3.79,928.4,40.95,21.67,29.91,24.39,51.56,36.15,10,7,26.86,Extreme,True,5,30.01,52.37,29.27,51.54,76.94,100.0,DEMO-003,Demo Ward C,91000,2.7,11800,7200,15200,0.11,0.8,33703.7,12.97,7.91,16.7,100.0,100.0,100.0,0.0,100.0,89.0,100.0,73.35,100.0,High,72.84,High,Orange,"Prepare cooling centres, shift outdoor work hours and increase hospital readiness.",1,provisional-rule-based-v1,"Impact-risk ranking, not a predicted death count"
2024-05-06,24,43.03,26.86,34.93,32.61,20.65,3.79,928.4,40.95,21.67,29.91,24.39,51.56,36.15,10,7,26.86,Extreme,True,5,30.01,52.37,29.27,51.54,76.94,100.0,DEMO-005,Demo Ward E,76000,3.5,8900,6600,12100,0.15,1.5,21714.29,11.71,8.68,15.92,54.69,69.39,65.87,9.73,88.33,85.0,74.07,57.78,60.57,High,65.89,High,Orange,"Prepare cooling centres, shift outdoor work hours and increase hospital readiness.",2,provisional-rule-based-v1,"Impact-risk ranking, not a predicted death count"
2024-05-06,24,43.03,26.86,34.93,32.61,20.65,3.79,928.4,40.95,21.67,29.91,24.39,51.56,36.15,10,7,26.86,Extreme,True,5,30.01,52.37,29.27,51.54,76.94,100.0,DEMO-001,Demo Ward A,65000,3.1,7200,6100,9800,0.18,1.2,20967.74,11.08,9.38,15.08,51.87,46.94,48.66,18.55,75.74,82.0,85.19,55.84,49.9,High,64.36,High,Orange,"Prepare cooling centres, shift outdoor work hours and increase hospital readiness.",3,provisional-rule-based-v1,"Impact-risk ranking, not a predicted death count"
2024-05-06,24,43.03,26.86,34.93,32.61,20.65,3.79,928.4,40.95,21.67,29.91,24.39,51.56,36.15,10,7,26.86,Extreme,True,5,30.01,52.37,29.27,51.54,76.94,100.0,DEMO-004,Demo Ward D,53000,4.4,5100,8400,5900,0.31,2.4,12045.45,9.62,15.85,11.13,18.15,22.45,9.15,100.0,16.89,69.0,40.74,47.35,19.87,Moderate,59.59,High,Orange,"Prepare cooling centres, shift outdoor work hours and increase hospital readiness.",4,provisional-rule-based-v1,"Impact-risk ranking, not a predicted death count"
2024-05-06,24,43.03,26.86,34.93,32.61,20.65,3.79,928.4,40.95,21.67,29.91,24.39,51.56,36.15,10,7,26.86,Extreme,True,5,30.01,52.37,29.27,51.54,76.94,100.0,DEMO-002,Demo Ward B,42000,5.8,3900,5200,4200,0.42,3.5,7241.38,9.29,12.38,10.0,0.0,0.0,0.0,56.3,0.0,58.0,0.0,22.78,0.0,Low,53.52,High,Orange,"Prepare cooling centres, shift outdoor work hours and increase hospital readiness.",5,provisional-rule-based-v1,"Impact-risk ranking, not a predicted death count"
2024-05-07,24,43.37,27.68,35.9,30.89,19.2,2.13,891.7,41.02,21.39,30.06,24.92,49.59,36.47,10,5,27.68,Extreme,True,6,29.91,51.56,29.99,51.17,77.23,100.0,DEMO-003,Demo Ward C,91000,2.7,11800,7200,15200,0.11,0.8,33703.7,12.97,7.91,16.7,100.0,100.0,100.0,0.0,100.0,89.0,100.0,73.35,100.0,High,73.11,High,Orange,"Prepare cooling centres, shift outdoor work hours and increase hospital readiness.",1,provisional-rule-based-v1,"Impact-risk ranking, not a predicted death count"
2024-05-07,24,43.37,27.68,35.9,30.89,19.2,2.13,891.7,41.02,21.39,30.06,24.92,49.59,36.47,10,5,27.68,Extreme,True,6,29.91,51.56,29.99,51.17,77.23,100.0,DEMO-005,Demo Ward E,76000,3.5,8900,6600,12100,0.15,1.5,21714.29,11.71,8.68,15.92,54.69,69.39,65.87,9.73,88.33,85.0,74.07,57.78,60.57,High,66.14,High,Orange,"Prepare cooling centres, shift outdoor work hours and increase hospital readiness.",2,provisional-rule-based-v1,"Impact-risk ranking, not a predicted death count"
2024-05-07,24,43.37,27.68,35.9,30.89,19.2,2.13,891.7,41.02,21.39,30.06,24.92,49.59,36.47,10,5,27.68,Extreme,True,6,29.91,51.56,29.99,51.17,77.23,100.0,DEMO-001,Demo Ward A,65000,3.1,7200,6100,9800,0.18,1.2,20967.74,11.08,9.38,15.08,51.87,46.94,48.66,18.55,75.74,82.0,85.19,55.84,49.9,High,64.61,High,Orange,"Prepare cooling centres, shift outdoor work hours and increase hospital readiness.",3,provisional-rule-based-v1,"Impact-risk ranking, not a predicted death count"
2024-05-07,24,43.37,27.68,35.9,30.89,19.2,2.13,891.7,41.02,21.39,30.06,24.92,49.59,36.47,10,5,27.68,Extreme,True,6,29.91,51.56,29.99,51.17,77.23,100.0,DEMO-004,Demo Ward D,53000,4.4,5100,8400,5900,0.31,2.4,12045.45,9.62,15.85,11.13,18.15,22.45,9.15,100.0,16.89,69.0,40.74,47.35,19.87,Moderate,59.82,High,Orange,"Prepare cooling centres, shift outdoor work hours and increase hospital readiness.",4,provisional-rule-based-v1,"Impact-risk ranking, not a predicted death count"
2024-05-07,24,43.37,27.68,35.9,30.89,19.2,2.13,891.7,41.02,21.39,30.06,24.92,49.59,36.47,10,5,27.68,Extreme,True,6,29.91,51.56,29.99,51.17,77.23,100.0,DEMO-002,Demo Ward B,42000,5.8,3900,5200,4200,0.42,3.5,7241.38,9.29,12.38,10.0,0.0,0.0,0.0,56.3,0.0,58.0,0.0,22.78,0.0,Low,53.72,High,Orange,"Prepare cooling centres, shift outdoor work hours and increase hospital readiness.",5,provisional-rule-based-v1,"Impact-risk ranking, not a predicted death count"
2024-05-08,24,43.13,27.43,35.02,30.64,19.31,3.29,898.8,40.13,20.37,29.25,24.09,50.79,35.31,10,5,27.43,Extreme,True,7,30.06,49.59,29.74,50.65,73.88,100.0,DEMO-003,Demo Ward C,91000,2.7,11800,7200,15200,0.11,0.8,33703.7,12.97,7.91,16.7,100.0,100.0,100.0,0.0,100.0,89.0,100.0,73.35,100.0,High,69.94,High,Orange,"Prepare cooling centres, shift outdoor work hours and increase hospital readiness.",1,provisional-rule-based-v1,"Impact-risk ranking, not a predicted death count"
2024-05-08,24,43.13,27.43,35.02,30.64,19.31,3.29,898.8,40.13,20.37,29.25,24.09,50.79,35.31,10,5,27.43,Extreme,True,7,30.06,49.59,29.74,50.65,73.88,100.0,DEMO-005,Demo Ward E,76000,3.5,8900,6600,12100,0.15,1.5,21714.29,11.71,8.68,15.92,54.69,69.39,65.87,9.73,88.33,85.0,74.07,57.78,60.57,High,63.27,High,Orange,"Prepare cooling centres, shift outdoor work hours and increase hospital readiness.",2,provisional-rule-based-v1,"Impact-risk ranking, not a predicted death count"
2024-05-08,24,43.13,27.43,35.02,30.64,19.31,3.29,898.8,40.13,20.37,29.25,24.09,50.79,35.31,10,5,27.43,Extreme,True,7,30.06,49.59,29.74,50.65,73.88,100.0,DEMO-001,Demo Ward A,65000,3.1,7200,6100,9800,0.18,1.2,20967.74,11.08,9.38,15.08,51.87,46.94,48.66,18.55,75.74,82.0,85.19,55.84,49.9,High,61.8,High,Orange,"Prepare cooling centres, shift outdoor work hours and increase hospital readiness.",3,provisional-rule-based-v1,"Impact-risk ranking, not a predicted death count"
2024-05-08,24,43.13,27.43,35.02,30.64,19.31,3.29,898.8,40.13,20.37,29.25,24.09,50.79,35.31,10,5,27.43,Extreme,True,7,30.06,49.59,29.74,50.65,73.88,100.0,DEMO-004,Demo Ward D,53000,4.4,5100,8400,5900,0.31,2.4,12045.45,9.62,15.85,11.13,18.15,22.45,9.15,100.0,16.89,69.0,40.74,47.35,19.87,Moderate,57.22,High,Orange,"Prepare cooling centres, shift outdoor work hours and increase hospital readiness.",4,provisional-rule-based-v1,"Impact-risk ranking, not a predicted death count"
2024-05-08,24,43.13,27.43,35.02,30.64,19.31,3.29,898.8,40.13,20.37,29.25,24.09,50.79,35.31,10,5,27.43,Extreme,True,7,30.06,49.59,29.74,50.65,73.88,100.0,DEMO-002,Demo Ward B,42000,5.8,3900,5200,4200,0.42,3.5,7241.38,9.29,12.38,10.0,0.0,0.0,0.0,56.3,0.0,58.0,0.0,22.78,0.0,Low,51.39,High,Orange,"Prepare cooling centres, shift outdoor work hours and increase hospital readiness.",5,provisional-rule-based-v1,"Impact-risk ranking, not a predicted death count"
2024-05-09,24,40.91,25.64,33.19,44.68,28.64,3.54,906.35,39.85,22.46,30.13,24.57,48.07,33.49,9,4,25.64,Extreme,True,8,29.25,50.79,29.81,49.48,75.75,100.0,DEMO-003,Demo Ward C,91000,2.7,11800,7200,15200,0.11,0.8,33703.7,12.97,7.91,16.7,100.0,100.0,100.0,0.0,100.0,89.0,100.0,73.35,100.0,High,71.71,High,Orange,"Prepare cooling centres, shift outdoor work hours and increase hospital readiness.",1,provisional-rule-based-v1,"Impact-risk ranking, not a predicted death count"
2024-05-09,24,40.91,25.64,33.19,44.68,28.64,3.54,906.35,39.85,22.46,30.13,24.57,48.07,33.49,9,4,25.64,Extreme,True,8,29.25,50.79,29.81,49.48,75.75,100.0,DEMO-005,Demo Ward E,76000,3.5,8900,6600,12100,0.15,1.5,21714.29,11.71,8.68,15.92,54.69,69.39,65.87,9.73,88.33,85.0,74.07,57.78,60.57,High,64.87,High,Orange,"Prepare cooling centres, shift outdoor work hours and increase hospital readiness.",2,provisional-rule-based-v1,"Impact-risk ranking, not a predicted death count"
2024-05-09,24,40.91,25.64,33.19,44.68,28.64,3.54,906.35,39.85,22.46,30.13,24.57,48.07,33.49,9,4,25.64,Extreme,True,8,29.25,50.79,29.81,49.48,75.75,100.0,DEMO-001,Demo Ward A,65000,3.1,7200,6100,9800,0.18,1.2,20967.74,11.08,9.38,15.08,51.87,46.94,48.66,18.55,75.74,82.0,85.19,55.84,49.9,High,63.37,High,Orange,"Prepare cooling centres, shift outdoor work hours and increase hospital readiness.",3,provisional-rule-based-v1,"Impact-risk ranking, not a predicted death count"
2024-05-09,24,40.91,25.64,33.19,44.68,28.64,3.54,906.35,39.85,22.46,30.13,24.57,48.07,33.49,9,4,25.64,Extreme,True,8,29.25,50.79,29.81,49.48,75.75,100.0,DEMO-004,Demo Ward D,53000,4.4,5100,8400,5900,0.31,2.4,12045.45,9.62,15.85,11.13,18.15,22.45,9.15,100.0,16.89,69.0,40.74,47.35,19.87,Moderate,58.67,High,Orange,"Prepare cooling centres, shift outdoor work hours and increase hospital readiness.",4,provisional-rule-based-v1,"Impact-risk ranking, not a predicted death count"
2024-05-09,24,40.91,25.64,33.19,44.68,28.64,3.54,906.35,39.85,22.46,30.13,24.57,48.07,33.49,9,4,25.64,Extreme,True,8,29.25,50.79,29.81,49.48,75.75,100.0,DEMO-002,Demo Ward B,42000,5.8,3900,5200,4200,0.42,3.5,7241.38,9.29,12.38,10.0,0.0,0.0,0.0,56.3,0.0,58.0,0.0,22.78,0.0,Low,52.69,High,Orange,"Prepare cooling centres, shift outdoor work hours and increase hospital readiness.",5,provisional-rule-based-v1,"Impact-risk ranking, not a predicted death count"
2024-05-10,24,41.9,26.61,34.37,41.21,27.33,3.04,898.53,40.38,22.21,30.7,25.28,48.15,34.97,9,4,26.61,Extreme,True,9,30.13,48.07,30.03,49.0,78.4,100.0,DEMO-003,Demo Ward C,91000,2.7,11800,7200,15200,0.11,0.8,33703.7,12.97,7.91,16.7,100.0,100.0,100.0,0.0,100.0,89.0,100.0,73.35,100.0,High,74.22,High,Orange,"Prepare cooling centres, shift outdoor work hours and increase hospital readiness.",1,provisional-rule-based-v1,"Impact-risk ranking, not a predicted death count"
2024-05-10,24,41.9,26.61,34.37,41.21,27.33,3.04,898.53,40.38,22.21,30.7,25.28,48.15,34.97,9,4,26.61,Extreme,True,9,30.13,48.07,30.03,49.0,78.4,100.0,DEMO-005,Demo Ward E,76000,3.5,8900,6600,12100,0.15,1.5,21714.29,11.71,8.68,15.92,54.69,69.39,65.87,9.73,88.33,85.0,74.07,57.78,60.57,High,67.14,High,Orange,"Prepare cooling centres, shift outdoor work hours and increase hospital readiness.",2,provisional-rule-based-v1,"Impact-risk ranking, not a predicted death count"
2024-05-10,24,41.9,26.61,34.37,41.21,27.33,3.04,898.53,40.38,22.21,30.7,25.28,48.15,34.97,9,4,26.61,Extreme,True,9,30.13,48.07,30.03,49.0,78.4,100.0,DEMO-001,Demo Ward A,65000,3.1,7200,6100,9800,0.18,1.2,20967.74,11.08,9.38,15.08,51.87,46.94,48.66,18.55,75.74,82.0,85.19,55.84,49.9,High,65.58,High,Orange,"Prepare cooling centres, shift outdoor work hours and increase hospital readiness.",3,provisional-rule-based-v1,"Impact-risk ranking, not a predicted death count"
2024-05-10,24,41.9,26.61,34.37,41.21,27.33,3.04,898.53,40.38,22.21,30.7,25.28,48.15,34.97,9,4,26.61,Extreme,True,9,30.13,48.07,30.03,49.0,78.4,100.0,DEMO-004,Demo Ward D,53000,4.4,5100,8400,5900,0.31,2.4,12045.45,9.62,15.85,11.13,18.15,22.45,9.15,100.0,16.89,69.0,40.74,47.35,19.87,Moderate,60.72,High,Orange,"Prepare cooling centres, shift outdoor work hours and increase hospital readiness.",4,provisional-rule-based-v1,"Impact-risk ranking, not a predicted death count"
2024-05-10,24,41.9,26.61,34.37,41.21,27.33,3.04,898.53,40.38,22.21,30.7,25.28,48.15,34.97,9,4,26.61,Extreme,True,9,30.13,48.07,30.03,49.0,78.4,100.0,DEMO-002,Demo Ward B,42000,5.8,3900,5200,4200,0.42,3.5,7241.38,9.29,12.38,10.0,0.0,0.0,0.0,56.3,0.0,58.0,0.0,22.78,0.0,Low,54.53,High,Orange,"Prepare cooling centres, shift outdoor work hours and increase hospital readiness.",5,provisional-rule-based-v1,"Impact-risk ranking, not a predicted death count"
2024-05-11,24,41.73,27.6,34.35,49.26,29.22,2.7,881.8,40.62,22.59,30.16,25.48,49.38,35.92,10,5,27.6,Extreme,True,10,30.7,48.15,30.33,48.53,77.31,100.0,DEMO-003,Demo Ward C,91000,2.7,11800,7200,15200,0.11,0.8,33703.7,12.97,7.91,16.7,100.0,100.0,100.0,0.0,100.0,89.0,100.0,73.35,100.0,High,73.19,High,Orange,"Prepare cooling centres, shift outdoor work hours and increase hospital readiness.",1,provisional-rule-based-v1,"Impact-risk ranking, not a predicted death count"
2024-05-11,24,41.73,27.6,34.35,49.26,29.22,2.7,881.8,40.62,22.59,30.16,25.48,49.38,35.92,10,5,27.6,Extreme,True,10,30.7,48.15,30.33,48.53,77.31,100.0,DEMO-005,Demo Ward E,76000,3.5,8900,6600,12100,0.15,1.5,21714.29,11.71,8.68,15.92,54.69,69.39,65.87,9.73,88.33,85.0,74.07,57.78,60.57,High,66.21,High,Orange,"Prepare cooling centres, shift outdoor work hours and increase hospital readiness.",2,provisional-rule-based-v1,"Impact-risk ranking, not a predicted death count"
2024-05-11,24,41.73,27.6,34.35,49.26,29.22,2.7,881.8,40.62,22.59,30.16,25.48,49.38,35.92,10,5,27.6,Extreme,True,10,30.7,48.15,30.33,48.53,77.31,100.0,DEMO-001,Demo Ward A,65000,3.1,7200,6100,9800,0.18,1.2,20967.74,11.08,9.38,15.08,51.87,46.94,48.66,18.55,75.74,82.0,85.19,55.84,49.9,High,64.67,High,Orange,"Prepare cooling centres, shift outdoor work hours and increase hospital readiness.",3,provisional-rule-based-v1,"Impact-risk ranking, not a predicted death count"
2024-05-11,24,41.73,27.6,34.35,49.26,29.22,2.7,881.8,40.62,22.59,30.16,25.48,49.38,35.92,10,5,27.6,Extreme,True,10,30.7,48.15,30.33,48.53,77.31,100.0,DEMO-004,Demo Ward D,53000,4.4,5100,8400,5900,0.31,2.4,12045.45,9.62,15.85,11.13,18.15,22.45,9.15,100.0,16.89,69.0,40.74,47.35,19.87,Moderate,59.88,High,Orange,"Prepare cooling centres, shift outdoor work hours and increase hospital readiness.",4,provisional-rule-based-v1,"Impact-risk ranking, not a predicted death count"
2024-05-11,24,41.73,27.6,34.35,49.26,29.22,2.7,881.8,40.62,22.59,30.16,25.48,49.38,35.92,10,5,27.6,Extreme,True,10,30.7,48.15,30.33,48.53,77.31,100.0,DEMO-002,Demo Ward B,42000,5.8,3900,5200,4200,0.42,3.5,7241.38,9.29,12.38,10.0,0.0,0.0,0.0,56.3,0.0,58.0,0.0,22.78,0.0,Low,53.77,High,Orange,"Prepare cooling centres, shift outdoor work hours and increase hospital readiness.",5,provisional-rule-based-v1,"Impact-risk ranking, not a predicted death count"
2024-05-12,24,41.92,27.78,34.88,38.97,24.38,2.61,860.75,40.37,21.99,29.71,25.1,49.17,36.45,10,5,27.78,Extreme,True,11,30.16,49.38,30.19,48.9,75.16,100.0,DEMO-003,Demo Ward C,91000,2.7,11800,7200,15200,0.11,0.8,33703.7,12.97,7.91,16.7,100.0,100.0,100.0,0.0,100.0,89.0,100.0,73.35,100.0,High,71.15,High,Orange,"Prepare cooling centres, shift outdoor work hours and increase hospital readiness.",1,provisional-rule-based-v1,"Impact-risk ranking, not a predicted death count"
2024-05-12,24,41.92,27.78,34.88,38.97,24.38,2.61,860.75,40.37,21.99,29.71,25.1,49.17,36.45,10,5,27.78,Extreme,True,11,30.16,49.38,30.19,48.9,75.16,100.0,DEMO-005,Demo Ward E,76000,3.5,8900,6600,12100,0.15,1.5,21714.29,11.71,8.68,15.92,54.69,69.39,65.87,9.73,88.33,85.0,74.07,57.78,60.57,High,64.37,High,Orange,"Prepare cooling centres, shift outdoor work hours and increase hospital readiness.",2,provisional-rule-based-v1,"Impact-risk ranking, not a predicted death count"
2024-05-12,24,41.92,27.78,34.88,38.97,24.38,2.61,860.75,40.37,21.99,29.71,25.1,49.17,36.45,10,5,27.78,Extreme,True,11,30.16,49.38,30.19,48.9,75.16,100.0,DEMO-001,Demo Ward A,65000,3.1,7200,6100,9800,0.18,1.2,20967.74,11.08,9.38,15.08,51.87,46.94,48.66,18.55,75.74,82.0,85.19,55.84,49.9,High,62.87,High,Orange,"Prepare cooling centres, shift outdoor work hours and increase hospital readiness.",3,provisional-rule-based-v1,"Impact-risk ranking, not a predicted death count"
2024-05-12,24,41.92,27.78,34.88,38.97,24.38,2.61,860.75,40.37,21.99,29.71,25.1,49.17,36.45,10,5,27.78,Extreme,True,11,30.16,49.38,30.19,48.9,75.16,100.0,DEMO-004,Demo Ward D,53000,4.4,5100,8400,5900,0.31,2.4,12045.45,9.62,15.85,11.13,18.15,22.45,9.15,100.0,16.89,69.0,40.74,47.35,19.87,Moderate,58.21,High,Orange,"Prepare cooling centres, shift outdoor work hours and increase hospital readiness.",4,provisional-rule-based-v1,"Impact-risk ranking, not a predicted death count"
2024-05-12,24,41.92,27.78,34.88,38.97,24.38,2.61,860.75,40.37,21.99,29.71,25.1,49.17,36.45,10,5,27.78,Extreme,True,11,30.16,49.38,30.19,48.9,75.16,100.0,DEMO-002,Demo Ward B,42000,5.8,3900,5200,4200,0.42,3.5,7241.38,9.29,12.38,10.0,0.0,0.0,0.0,56.3,0.0,58.0,0.0,22.78,0.0,Low,52.28,High,Orange,"Prepare cooling centres, shift outdoor work hours and increase hospital readiness.",5,provisional-rule-based-v1,"Impact-risk ranking, not a predicted death count"
2024-05-13,24,42.4,27.9,34.96,35.11,20.55,2.68,881.0,40.13,21.15,29.38,24.32,49.44,35.74,10,4,27.9,Extreme,True,12,29.71,49.17,29.75,49.33,73.93,100.0,DEMO-003,Demo Ward C,91000,2.7,11800,7200,15200,0.11,0.8,33703.7,12.97,7.91,16.7,100.0,100.0,100.0,0.0,100.0,89.0,100.0,73.35,100.0,High,69.99,High,Orange,"Prepare cooling centres, shift outdoor work hours and increase hospital readiness.",1,provisional-rule-based-v1,"Impact-risk ranking, not a predicted death count"
2024-05-13,24,42.4,27.9,34.96,35.11,20.55,2.68,881.0,40.13,21.15,29.38,24.32,49.44,35.74,10,4,27.9,Extreme,True,12,29.71,49.17,29.75,49.33,73.93,100.0,DEMO-005,Demo Ward E,76000,3.5,8900,6600,12100,0.15,1.5,21714.29,11.71,8.68,15.92,54.69,69.39,65.87,9.73,88.33,85.0,74.07,57.78,60.57,High,63.31,High,Orange,"Prepare cooling centres, shift outdoor work hours and increase hospital readiness.",2,provisional-rule-based-v1,"Impact-risk ranking, not a predicted death count"
2024-05-13,24,42.4,27.9,34.96,35.11,20.55,2.68,881.0,40.13,21.15,29.38,24.32,49.44,35.74,10,4,27.9,Extreme,True,12,29.71,49.17,29.75,49.33,73.93,100.0,DEMO-001,Demo Ward A,65000,3.1,7200,6100,9800,0.18,1.2,20967.74,11.08,9.38,15.08,51.87,46.94,48.66,18.55,75.74,82.0,85.19,55.84,49.9,High,61.84,High,Orange,"Prepare cooling centres, shift outdoor work hours and increase hospital readiness.",3,provisional-rule-based-v1,"Impact-risk ranking, not a predicted death count"
2024-05-13,24,42.4,27.9,34.96,35.11,20.55,2.68,881.0,40.13,21.15,29.38,24.32,49.44,35.74,10,4,27.9,Extreme,True,12,29.71,49.17,29.75,49.33,73.93,100.0,DEMO-004,Demo Ward D,53000,4.4,5100,8400,5900,0.31,2.4,12045.45,9.62,15.85,11.13,18.15,22.45,9.15,100.0,16.89,69.0,40.74,47.35,19.87,Moderate,57.26,High,Orange,"Prepare cooling centres, shift outdoor work hours and increase hospital readiness.",4,provisional-rule-based-v1,"Impact-risk ranking, not a predicted death count"
2024-05-13,24,42.4,27.9,34.96,35.11,20.55,2.68,881.0,40.13,21.15,29.38,24.32,49.44,35.74,10,4,27.9,Extreme,True,12,29.71,49.17,29.75,49.33,73.93,100.0,DEMO-002,Demo Ward B,42000,5.8,3900,5200,4200,0.42,3.5,7241.38,9.29,12.38,10.0,0.0,0.0,0.0,56.3,0.0,58.0,0.0,22.78,0.0,Low,51.42,High,Orange,"Prepare cooling centres, shift outdoor work hours and increase hospital readiness.",5,provisional-rule-based-v1,"Impact-risk ranking, not a predicted death count"
2024-05-14,24,43.09,25.36,34.47,25.99,15.96,3.63,920.97,39.99,20.09,28.76,22.96,51.32,35.42,10,7,25.36,Extreme,True,13,29.38,49.44,29.28,49.98,71.79,100.0,DEMO-003,Demo Ward C,91000,2.7,11800,7200,15200,0.11,0.8,33703.7,12.97,7.91,16.7,100.0,100.0,100.0,0.0,100.0,89.0,100.0,73.35,100.0,High,67.96,High,Orange,"Prepare cooling centres, shift outdoor work hours and increase hospital readiness.",1,provisional-rule-based-v1,"Impact-risk ranking, not a predicted death count"
2024-05-14,24,43.09,25.36,34.47,25.99,15.96,3.63,920.97,39.99,20.09,28.76,22.96,51.32,35.42,10,7,25.36,Extreme,True,13,29.38,49.44,29.28,49.98,71.79,100.0,DEMO-005,Demo Ward E,76000,3.5,8900,6600,12100,0.15,1.5,21714.29,11.71,8.68,15.92,54.69,69.39,65.87,9.73,88.33,85.0,74.07,57.78,60.57,High,61.48,High,Orange,"Prepare cooling centres, shift outdoor work hours and increase hospital readiness.",2,provisional-rule-based-v1,"Impact-risk ranking, not a predicted death count"
2024-05-14,24,43.09,25.36,34.47,25.99,15.96,3.63,920.97,39.99,20.09,28.76,22.96,51.32,35.42,10,7,25.36,Extreme,True,13,29.38,49.44,29.28,49.98,71.79,100.0,DEMO-001,Demo Ward A,65000,3.1,7200,6100,9800,0.18,1.2,20967.74,11.08,9.38,15.08,51.87,46.94,48.66,18.55,75.74,82.0,85.19,55.84,49.9,High,60.05,High,Orange,"Prepare cooling centres, shift outdoor work hours and increase hospital readiness.",3,provisional-rule-based-v1,"Impact-risk ranking, not a predicted death count"
2024-05-14,24,43.09,25.36,34.47,25.99,15.96,3.63,920.97,39.99,20.09,28.76,22.96,51.32,35.42,10,7,25.36,Extreme,True,13,29.38,49.44,29.28,49.98,71.79,100.0,DEMO-004,Demo Ward D,53000,4.4,5100,8400,5900,0.31,2.4,12045.45,9.62,15.85,11.13,18.15,22.45,9.15,100.0,16.89,69.0,40.74,47.35,19.87,Moderate,55.6,High,Orange,"Prepare cooling centres, shift outdoor work hours and increase hospital readiness.",4,provisional-rule-based-v1,"Impact-risk ranking, not a predicted death count"
2024-05-14,24,43.09,25.36,34.47,25.99,15.96,3.63,920.97,39.99,20.09,28.76,22.96,51.32,35.42,10,7,25.36,Extreme,True,13,29.38,49.44,29.28,49.98,71.79,100.0,DEMO-002,Demo Ward B,42000,5.8,3900,5200,4200,0.42,3.5,7241.38,9.29,12.38,10.0,0.0,0.0,0.0,56.3,0.0,58.0,0.0,22.78,0.0,Low,49.93,Moderate,Yellow,"Notify local health centres, increase water access and check vulnerable residents.",5,provisional-rule-based-v1,"Impact-risk ranking, not a predicted death count"
2024-05-15,24,43.64,27.18,35.3,18.78,11.8,2.83,957.12,39.9,19.3,28.61,22.61,51.93,36.43,10,7,27.18,Extreme,True,14,28.76,51.32,28.92,50.9,71.13,100.0,DEMO-003,Demo Ward C,91000,2.7,11800,7200,15200,0.11,0.8,33703.7,12.97,7.91,16.7,100.0,100.0,100.0,0.0,100.0,89.0,100.0,73.35,100.0,High,67.34,High,Orange,"Prepare cooling centres, shift outdoor work hours and increase hospital readiness.",1,provisional-rule-based-v1,"Impact-risk ranking, not a predicted death count"
2024-05-15,24,43.64,27.18,35.3,18.78,11.8,2.83,957.12,39.9,19.3,28.61,22.61,51.93,36.43,10,7,27.18,Extreme,True,14,28.76,51.32,28.92,50.9,71.13,100.0,DEMO-005,Demo Ward E,76000,3.5,8900,6600,12100,0.15,1.5,21714.29,11.71,8.68,15.92,54.69,69.39,65.87,9.73,88.33,85.0,74.07,57.78,60.57,High,60.92,High,Orange,"Prepare cooling centres, shift outdoor work hours and increase hospital readiness.",2,provisional-rule-based-v1,"Impact-risk ranking, not a predicted death count"
2024-05-15,24,43.64,27.18,35.3,18.78,11.8,2.83,957.12,39.9,19.3,28.61,22.61,51.93,36.43,10,7,27.18,Extreme,True,14,28.76,51.32,28.92,50.9,71.13,100.0,DEMO-001,Demo Ward A,65000,3.1,7200,6100,9800,0.18,1.2,20967.74,11.08,9.38,15.08,51.87,46.94,48.66,18.55,75.74,82.0,85.19,55.84,49.9,High,59.5,High,Orange,"Prepare cooling centres, shift outdoor work hours and increase hospital readiness.",3,provisional-rule-based-v1,"Impact-risk ranking, not a predicted death count"
2024-05-15,24,43.64,27.18,35.3,18.78,11.8,2.83,957.12,39.9,19.3,28.61,22.61,51.93,36.43,10,7,27.18,Extreme,True,14,28.76,51.32,28.92,50.9,71.13,100.0,DEMO-004,Demo Ward D,53000,4.4,5100,8400,5900,0.31,2.4,12045.45,9.62,15.85,11.13,18.15,22.45,9.15,100.0,16.89,69.0,40.74,47.35,19.87,Moderate,55.09,High,Orange,"Prepare cooling centres, shift outdoor work hours and increase hospital readiness.",4,provisional-rule-based-v1,"Impact-risk ranking, not a predicted death count"
2024-05-15,24,43.64,27.18,35.3,18.78,11.8,2.83,957.12,39.9,19.3,28.61,22.61,51.93,36.43,10,7,27.18,Extreme,True,14,28.76,51.32,28.92,50.9,71.13,100.0,DEMO-002,Demo Ward B,42000,5.8,3900,5200,4200,0.42,3.5,7241.38,9.29,12.38,10.0,0.0,0.0,0.0,56.3,0.0,58.0,0.0,22.78,0.0,Low,49.48,Moderate,Yellow,"Notify local health centres, increase water access and check vulnerable residents.",5,provisional-rule-based-v1,"Impact-risk ranking, not a predicted death count"
2024-05-16,24,44.87,26.63,36.64,16.08,12.45,2.36,923.33,41.7,21.01,29.88,23.91,52.46,37.75,10,8,26.63,Extreme,True,15,28.61,51.93,29.08,51.9,77.1,100.0,DEMO-003,Demo Ward C,91000,2.7,11800,7200,15200,0.11,0.8,33703.7,12.97,7.91,16.7,100.0,100.0,100.0,0.0,100.0,89.0,100.0,73.35,100.0,High,72.99,High,Orange,"Prepare cooling centres, shift outdoor work hours and increase hospital readiness.",1,provisional-rule-based-v1,"Impact-risk ranking, not a predicted death count"
2024-05-16,24,44.87,26.63,36.64,16.08,12.45,2.36,923.33,41.7,21.01,29.88,23.91,52.46,37.75,10,8,26.63,Extreme,True,15,28.61,51.93,29.08,51.9,77.1,100.0,DEMO-005,Demo Ward E,76000,3.5,8900,6600,12100,0.15,1.5,21714.29,11.71,8.68,15.92,54.69,69.39,65.87,9.73,88.33,85.0,74.07,57.78,60.57,High,66.03,High,Orange,"Prepare cooling centres, shift outdoor work hours and increase hospital readiness.",2,provisional-rule-based-v1,"Impact-risk ranking, not a predicted death count"
2024-05-16,24,44.87,26.63,36.64,16.08,12.45,2.36,923.33,41.7,21.01,29.88,23.91,52.46,37.75,10,8,26.63,Extreme,True,15,28.61,51.93,29.08,51.9,77.1,100.0,DEMO-001,Demo Ward A,65000,3.1,7200,6100,9800,0.18,1.2,20967.74,11.08,9.38,15.08,51.87,46.94,48.66,18.55,75.74,82.0,85.19,55.84,49.9,High,64.5,High,Orange,"Prepare cooling centres, shift outdoor work hours and increase hospital readiness.",3,provisional-rule-based-v1,"Impact-risk ranking, not a predicted death count"
2024-05-16,24,44.87,26.63,36.64,16.08,12.45,2.36,923.33,41.7,21.01,29.88,23.91,52.46,37.75,10,8,26.63,Extreme,True,15,28.61,51.93,29.08,51.9,77.1,100.0,DEMO-004,Demo Ward D,53000,4.4,5100,8400,5900,0.31,2.4,12045.45,9.62,15.85,11.13,18.15,22.45,9.15,100.0,16.89,69.0,40.74,47.35,19.87,Moderate,59.71,High,Orange,"Prepare cooling centres, shift outdoor work hours and increase hospital readiness.",4,provisional-rule-based-v1,"Impact-risk ranking, not a predicted death count"
2024-05-16,24,44.87,26.63,36.64,16.08,12.45,2.36,923.33,41.7,21.01,29.88,23.91,52.46,37.75,10,8,26.63,Extreme,True,15,28.61,51.93,29.08,51.9,77.1,100.0,DEMO-002,Demo Ward B,42000,5.8,3900,5200,4200,0.42,3.5,7241.38,9.29,12.38,10.0,0.0,0.0,0.0,56.3,0.0,58.0,0.0,22.78,0.0,Low,53.63,High,Orange,"Prepare cooling centres, shift outdoor work hours and increase hospital readiness.",5,provisional-rule-based-v1,"Impact-risk ranking, not a predicted death count"
2024-05-17,24,46.63,29.45,38.49,22.82,14.11,2.77,923.4,43.08,21.49,30.88,25.5,54.51,40.11,11,8,29.45,Extreme,True,16,29.88,52.46,29.79,52.97,81.78,100.0,DEMO-003,Demo Ward C,91000,2.7,11800,7200,15200,0.11,0.8,33703.7,12.97,7.91,16.7,100.0,100.0,100.0,0.0,100.0,89.0,100.0,73.35,100.0,High,77.42,Extreme,Red,"Activate the Heat Action Plan, open cooling centres and restrict peak-hour outdoor work.",1,provisional-rule-based-v1,"Impact-risk ranking, not a predicted death count"
2024-05-17,24,46.63,29.45,38.49,22.82,14.11,2.77,923.4,43.08,21.49,30.88,25.5,54.51,40.11,11,8,29.45,Extreme,True,16,29.88,52.46,29.79,52.97,81.78,100.0,DEMO-005,Demo Ward E,76000,3.5,8900,6600,12100,0.15,1.5,21714.29,11.71,8.68,15.92,54.69,69.39,65.87,9.73,88.33,85.0,74.07,57.78,60.57,High,70.04,High,Orange,"Prepare cooling centres, shift outdoor work hours and increase hospital readiness.",2,provisional-rule-based-v1,"Impact-risk ranking, not a predicted death count"
2024-05-17,24,46.63,29.45,38.49,22.82,14.11,2.77,923.4,43.08,21.49,30.88,25.5,54.51,40.11,11,8,29.45,Extreme,True,16,29.88,52.46,29.79,52.97,81.78,100.0,DEMO-001,Demo Ward A,65000,3.1,7200,6100,9800,0.18,1.2,20967.74,11.08,9.38,15.08,51.87,46.94,48.66,18.55,75.74,82.0,85.19,55.84,49.9,High,68.41,High,Orange,"Prepare cooling centres, shift outdoor work hours and increase hospital readiness.",3,provisional-rule-based-v1,"Impact-risk ranking, not a predicted death count"
2024-05-17,24,46.63,29.45,38.49,22.82,14.11,2.77,923.4,43.08,21.49,30.88,25.5,54.51,40.11,11,8,29.45,Extreme,True,16,29.88,52.46,29.79,52.97,81.78,100.0,DEMO-004,Demo Ward D,53000,4.4,5100,8400,5900,0.31,2.4,12045.45,9.62,15.85,11.13,18.15,22.45,9.15,100.0,16.89,69.0,40.74,47.35,19.87,Moderate,63.34,High,Orange,"Prepare cooling centres, shift outdoor work hours and increase hospital readiness.",4,provisional-rule-based-v1,"Impact-risk ranking, not a predicted death count"
2024-05-17,24,46.63,29.45,38.49,22.82,14.11,2.77,923.4,43.08,21.49,30.88,25.5,54.51,40.11,11,8,29.45,Extreme,True,16,29.88,52.46,29.79,52.97,81.78,100.0,DEMO-002,Demo Ward B,42000,5.8,3900,5200,4200,0.42,3.5,7241.38,9.29,12.38,10.0,0.0,0.0,0.0,56.3,0.0,58.0,0.0,22.78,0.0,Low,56.88,High,Orange,"Prepare cooling centres, shift outdoor work hours and increase hospital readiness.",5,provisional-rule-based-v1,"Impact-risk ranking, not a predicted death count"
2024-05-18,24,46.88,30.52,38.45,23.01,15.12,3.69,919.38,43.99,22.42,31.56,25.77,56.09,40.37,12,8,30.52,Extreme,True,17,30.88,54.51,30.77,54.35,84.72,100.0,DEMO-003,Demo Ward C,91000,2.7,11800,7200,15200,0.11,0.8,33703.7,12.97,7.91,16.7,100.0,100.0,100.0,0.0,100.0,89.0,100.0,73.35,100.0,High,80.2,Extreme,Red,"Activate the Heat Action Plan, open cooling centres and restrict peak-hour outdoor work.",1,provisional-rule-based-v1,"Impact-risk ranking, not a predicted death count"
2024-05-18,24,46.88,30.52,38.45,23.01,15.12,3.69,919.38,43.99,22.42,31.56,25.77,56.09,40.37,12,8,30.52,Extreme,True,17,30.88,54.51,30.77,54.35,84.72,100.0,DEMO-005,Demo Ward E,76000,3.5,8900,6600,12100,0.15,1.5,21714.29,11.71,8.68,15.92,54.69,69.39,65.87,9.73,88.33,85.0,74.07,57.78,60.57,High,72.56,High,Orange,"Prepare cooling centres, shift outdoor work hours and increase hospital readiness.",2,provisional-rule-based-v1,"Impact-risk ranking, not a predicted death count"
2024-05-18,24,46.88,30.52,38.45,23.01,15.12,3.69,919.38,43.99,22.42,31.56,25.77,56.09,40.37,12,8,30.52,Extreme,True,17,30.88,54.51,30.77,54.35,84.72,100.0,DEMO-001,Demo Ward A,65000,3.1,7200,6100,9800,0.18,1.2,20967.74,11.08,9.38,15.08,51.87,46.94,48.66,18.55,75.74,82.0,85.19,55.84,49.9,High,70.87,High,Orange,"Prepare cooling centres, shift outdoor work hours and increase hospital readiness.",3,provisional-rule-based-v1,"Impact-risk ranking, not a predicted death count"
2024-05-18,24,46.88,30.52,38.45,23.01,15.12,3.69,919.38,43.99,22.42,31.56,25.77,56.09,40.37,12,8,30.52,Extreme,True,17,30.88,54.51,30.77,54.35,84.72,100.0,DEMO-004,Demo Ward D,53000,4.4,5100,8400,5900,0.31,2.4,12045.45,9.62,15.85,11.13,18.15,22.45,9.15,100.0,16.89,69.0,40.74,47.35,19.87,Moderate,65.62,High,Orange,"Prepare cooling centres, shift outdoor work hours and increase hospital readiness.",4,provisional-rule-based-v1,"Impact-risk ranking, not a predicted death count"
2024-05-18,24,46.88,30.52,38.45,23.01,15.12,3.69,919.38,43.99,22.42,31.56,25.77,56.09,40.37,12,8,30.52,Extreme,True,17,30.88,54.51,30.77,54.35,84.72,100.0,DEMO-002,Demo Ward B,42000,5.8,3900,5200,4200,0.42,3.5,7241.38,9.29,12.38,10.0,0.0,0.0,0.0,56.3,0.0,58.0,0.0,22.78,0.0,Low,58.93,High,Orange,"Prepare cooling centres, shift outdoor work hours and increase hospital readiness.",5,provisional-rule-based-v1,"Impact-risk ranking, not a predicted death count"
2024-05-19,24,47.13,30.15,38.84,27.43,17.41,4.19,914.17,44.85,23.02,32.05,26.62,56.95,41.09,12,10,30.15,Extreme,True,18,31.56,56.09,31.5,55.85,86.88,100.0,DEMO-003,Demo Ward C,91000,2.7,11800,7200,15200,0.11,0.8,33703.7,12.97,7.91,16.7,100.0,100.0,100.0,0.0,100.0,89.0,100.0,73.35,100.0,High,82.25,Extreme,Red,"Activate the Heat Action Plan, open cooling centres and restrict peak-hour outdoor work.",1,provisional-rule-based-v1,"Impact-risk ranking, not a predicted death count"
2024-05-19,24,47.13,30.15,38.84,27.43,17.41,4.19,914.17,44.85,23.02,32.05,26.62,56.95,41.09,12,10,30.15,Extreme,True,18,31.56,56.09,31.5,55.85,86.88,100.0,DEMO-005,Demo Ward E,76000,3.5,8900,6600,12100,0.15,1.5,21714.29,11.71,8.68,15.92,54.69,69.39,65.87,9.73,88.33,85.0,74.07,57.78,60.57,High,74.41,High,Orange,"Prepare cooling centres, shift outdoor work hours and increase hospital readiness.",2,provisional-rule-based-v1,"Impact-risk ranking, not a predicted death count"
2024-05-19,24,47.13,30.15,38.84,27.43,17.41,4.19,914.17,44.85,23.02,32.05,26.62,56.95,41.09,12,10,30.15,Extreme,True,18,31.56,56.09,31.5,55.85,86.88,100.0,DEMO-001,Demo Ward A,65000,3.1,7200,6100,9800,0.18,1.2,20967.74,11.08,9.38,15.08,51.87,46.94,48.66,18.55,75.74,82.0,85.19,55.84,49.9,High,72.68,High,Orange,"Prepare cooling centres, shift outdoor work hours and increase hospital readiness.",3,provisional-rule-based-v1,"Impact-risk ranking, not a predicted death count"
2024-05-19,24,47.13,30.15,38.84,27.43,17.41,4.19,914.17,44.85,23.02,32.05,26.62,56.95,41.09,12,10,30.15,Extreme,True,18,31.56,56.09,31.5,55.85,86.88,100.0,DEMO-004,Demo Ward D,53000,4.4,5100,8400,5900,0.31,2.4,12045.45,9.62,15.85,11.13,18.15,22.45,9.15,100.0,16.89,69.0,40.74,47.35,19.87,Moderate,67.29,High,Orange,"Prepare cooling centres, shift outdoor work hours and increase hospital readiness.",4,provisional-rule-based-v1,"Impact-risk ranking, not a predicted death count"
2024-05-19,24,47.13,30.15,38.84,27.43,17.41,4.19,914.17,44.85,23.02,32.05,26.62,56.95,41.09,12,10,30.15,Extreme,True,18,31.56,56.09,31.5,55.85,86.88,100.0,DEMO-002,Demo Ward B,42000,5.8,3900,5200,4200,0.42,3.5,7241.38,9.29,12.38,10.0,0.0,0.0,0.0,56.3,0.0,58.0,0.0,22.78,0.0,Low,60.43,High,Orange,"Prepare cooling centres, shift outdoor work hours and increase hospital readiness.",5,provisional-rule-based-v1,"Impact-risk ranking, not a predicted death count"
2024-05-20,24,47.01,31.36,39.07,28.84,16.48,4.33,922.75,44.02,22.35,31.51,26.43,56.79,41.15,12,9,31.36,Extreme,True,19,32.05,56.95,31.71,56.61,84.55,100.0,DEMO-003,Demo Ward C,91000,2.7,11800,7200,15200,0.11,0.8,33703.7,12.97,7.91,16.7,100.0,100.0,100.0,0.0,100.0,89.0,100.0,73.35,100.0,High,80.04,Extreme,Red,"Activate the Heat Action Plan, open cooling centres and restrict peak-hour outdoor work.",1,provisional-rule-based-v1,"Impact-risk ranking, not a predicted death count"
2024-05-20,24,47.01,31.36,39.07,28.84,16.48,4.33,922.75,44.02,22.35,31.51,26.43,56.79,41.15,12,9,31.36,Extreme,True,19,32.05,56.95,31.71,56.61,84.55,100.0,DEMO-005,Demo Ward E,76000,3.5,8900,6600,12100,0.15,1.5,21714.29,11.71,8.68,15.92,54.69,69.39,65.87,9.73,88.33,85.0,74.07,57.78,60.57,High,72.41,High,Orange,"Prepare cooling centres, shift outdoor work hours and increase hospital readiness.",2,provisional-rule-based-v1,"Impact-risk ranking, not a predicted death count"
2024-05-20,24,47.01,31.36,39.07,28.84,16.48,4.33,922.75,44.02,22.35,31.51,26.43,56.79,41.15,12,9,31.36,Extreme,True,19,32.05,56.95,31.71,56.61,84.55,100.0,DEMO-001,Demo Ward A,65000,3.1,7200,6100,9800,0.18,1.2,20967.74,11.08,9.38,15.08,51.87,46.94,48.66,18.55,75.74,82.0,85.19,55.84,49.9,High,70.73,High,Orange,"Prepare cooling centres, shift outdoor work hours and increase hospital readiness.",3,provisional-rule-based-v1,"Impact-risk ranking, not a predicted death count"
2024-05-20,24,47.01,31.36,39.07,28.84,16.48,4.33,922.75,44.02,22.35,31.51,26.43,56.79,41.15,12,9,31.36,Extreme,True,19,32.05,56.95,31.71,56.61,84.55,100.0,DEMO-004,Demo Ward D,53000,4.4,5100,8400,5900,0.31,2.4,12045.45,9.62,15.85,11.13,18.15,22.45,9.15,100.0,16.89,69.0,40.74,47.35,19.87,Moderate,65.48,High,Orange,"Prepare cooling centres, shift outdoor work hours and increase hospital readiness.",4,provisional-rule-based-v1,"Impact-risk ranking, not a predicted death count"
2024-05-20,24,47.01,31.36,39.07,28.84,16.48,4.33,922.75,44.02,22.35,31.51,26.43,56.79,41.15,12,9,31.36,Extreme,True,19,32.05,56.95,31.71,56.61,84.55,100.0,DEMO-002,Demo Ward B,42000,5.8,3900,5200,4200,0.42,3.5,7241.38,9.29,12.38,10.0,0.0,0.0,0.0,56.3,0.0,58.0,0.0,22.78,0.0,Low,58.81,High,Orange,"Prepare cooling centres, shift outdoor work hours and increase hospital readiness.",5,provisional-rule-based-v1,"Impact-risk ranking, not a predicted death count"
2024-05-21,24,45.96,30.97,37.88,21.81,14.96,2.65,923.5,42.52,21.15,30.86,25.38,53.33,39.34,10,8,30.97,Extreme,True,20,31.51,56.79,31.47,55.69,81.49,100.0,DEMO-003,Demo Ward C,91000,2.7,11800,7200,15200,0.11,0.8,33703.7,12.97,7.91,16.7,100.0,100.0,100.0,0.0,100.0,89.0,100.0,73.35,100.0,High,77.15,Extreme,Red,"Activate the Heat Action Plan, open cooling centres and restrict peak-hour outdoor work.",1,provisional-rule-based-v1,"Impact-risk ranking, not a predicted death count"
2024-05-21,24,45.96,30.97,37.88,21.81,14.96,2.65,923.5,42.52,21.15,30.86,25.38,53.33,39.34,10,8,30.97,Extreme,True,20,31.51,56.79,31.47,55.69,81.49,100.0,DEMO-005,Demo Ward E,76000,3.5,8900,6600,12100,0.15,1.5,21714.29,11.71,8.68,15.92,54.69,69.39,65.87,9.73,88.33,85.0,74.07,57.78,60.57,High,69.79,High,Orange,"Prepare cooling centres, shift outdoor work hours and increase hospital readiness.",2,provisional-rule-based-v1,"Impact-risk ranking, not a predicted death count"
2024-05-21,24,45.96,30.97,37.88,21.81,14.96,2.65,923.5,42.52,21.15,30.86,25.38,53.33,39.34,10,8,30.97,Extreme,True,20,31.51,56.79,31.47,55.69,81.49,100.0,DEMO-001,Demo Ward A,65000,3.1,7200,6100,9800,0.18,1.2,20967.74,11.08,9.38,15.08,51.87,46.94,48.66,18.55,75.74,82.0,85.19,55.84,49.9,High,68.17,High,Orange,"Prepare cooling centres, shift outdoor work hours and increase hospital readiness.",3,provisional-rule-based-v1,"Impact-risk ranking, not a predicted death count"
2024-05-21,24,45.96,30.97,37.88,21.81,14.96,2.65,923.5,42.52,21.15,30.86,25.38,53.33,39.34,10,8,30.97,Extreme,True,20,31.51,56.79,31.47,55.69,81.49,100.0,DEMO-004,Demo Ward D,53000,4.4,5100,8400,5900,0.31,2.4,12045.45,9.62,15.85,11.13,18.15,22.45,9.15,100.0,16.89,69.0,40.74,47.35,19.87,Moderate,63.11,High,Orange,"Prepare cooling centres, shift outdoor work hours and increase hospital readiness.",4,provisional-rule-based-v1,"Impact-risk ranking, not a predicted death count"
2024-05-21,24,45.96,30.97,37.88,21.81,14.96,2.65,923.5,42.52,21.15,30.86,25.38,53.33,39.34,10,8,30.97,Extreme,True,20,31.51,56.79,31.47,55.69,81.49,100.0,DEMO-002,Demo Ward B,42000,5.8,3900,5200,4200,0.42,3.5,7241.38,9.29,12.38,10.0,0.0,0.0,0.0,56.3,0.0,58.0,0.0,22.78,0.0,Low,56.68,High,Orange,"Prepare cooling centres, shift outdoor work hours and increase hospital readiness.",5,provisional-rule-based-v1,"Impact-risk ranking, not a predicted death count"
2024-05-22,24,45.02,29.17,37.36,26.9,18.14,3.29,883.28,42.57,21.94,30.84,25.72,52.79,38.43,11,7,29.17,Extreme,True,21,30.86,53.33,31.07,54.3,81.42,100.0,DEMO-003,Demo Ward C,91000,2.7,11800,7200,15200,0.11,0.8,33703.7,12.97,7.91,16.7,100.0,100.0,100.0,0.0,100.0,89.0,100.0,73.35,100.0,High,77.08,Extreme,Red,"Activate the Heat Action Plan, open cooling centres and restrict peak-hour outdoor work.",1,provisional-rule-based-v1,"Impact-risk ranking, not a predicted death count"
2024-05-22,24,45.02,29.17,37.36,26.9,18.14,3.29,883.28,42.57,21.94,30.84,25.72,52.79,38.43,11,7,29.17,Extreme,True,21,30.86,53.33,31.07,54.3,81.42,100.0,DEMO-005,Demo Ward E,76000,3.5,8900,6600,12100,0.15,1.5,21714.29,11.71,8.68,15.92,54.69,69.39,65.87,9.73,88.33,85.0,74.07,57.78,60.57,High,69.73,High,Orange,"Prepare cooling centres, shift outdoor work hours and increase hospital readiness.",2,provisional-rule-based-v1,"Impact-risk ranking, not a predicted death count"
2024-05-22,24,45.02,29.17,37.36,26.9,18.14,3.29,883.28,42.57,21.94,30.84,25.72,52.79,38.43,11,7,29.17,Extreme,True,21,30.86,53.33,31.07,54.3,81.42,100.0,DEMO-001,Demo Ward A,65000,3.1,7200,6100,9800,0.18,1.2,20967.74,11.08,9.38,15.08,51.87,46.94,48.66,18.55,75.74,82.0,85.19,55.84,49.9,High,68.11,High,Orange,"Prepare cooling centres, shift outdoor work hours and increase hospital readiness.",3,provisional-rule-based-v1,"Impact-risk ranking, not a predicted death count"
2024-05-22,24,45.02,29.17,37.36,26.9,18.14,3.29,883.28,42.57,21.94,30.84,25.72,52.79,38.43,11,7,29.17,Extreme,True,21,30.86,53.33,31.07,54.3,81.42,100.0,DEMO-004,Demo Ward D,53000,4.4,5100,8400,5900,0.31,2.4,12045.45,9.62,15.85,11.13,18.15,22.45,9.15,100.0,16.89,69.0,40.74,47.35,19.87,Moderate,63.06,High,Orange,"Prepare cooling centres, shift outdoor work hours and increase hospital readiness.",4,provisional-rule-based-v1,"Impact-risk ranking, not a predicted death count"
2024-05-22,24,45.02,29.17,37.36,26.9,18.14,3.29,883.28,42.57,21.94,30.84,25.72,52.79,38.43,11,7,29.17,Extreme,True,21,30.86,53.33,31.07,54.3,81.42,100.0,DEMO-002,Demo Ward B,42000,5.8,3900,5200,4200,0.42,3.5,7241.38,9.29,12.38,10.0,0.0,0.0,0.0,56.3,0.0,58.0,0.0,22.78,0.0,Low,56.63,High,Orange,"Prepare cooling centres, shift outdoor work hours and increase hospital readiness.",5,provisional-rule-based-v1,"Impact-risk ranking, not a predicted death count"
2024-05-23,24,43.06,30.51,36.76,45.92,29.06,4.82,892.47,43.88,24.69,31.91,27.59,51.75,38.24,10,7,30.51,Extreme,True,22,30.84,52.79,31.2,52.62,85.99,100.0,DEMO-003,Demo Ward C,91000,2.7,11800,7200,15200,0.11,0.8,33703.7,12.97,7.91,16.7,100.0,100.0,100.0,0.0,100.0,89.0,100.0,73.35,100.0,High,81.41,Extreme,Red,"Activate the Heat Action Plan, open cooling centres and restrict peak-hour outdoor work.",1,provisional-rule-based-v1,"Impact-risk ranking, not a predicted death count"
2024-05-23,24,43.06,30.51,36.76,45.92,29.06,4.82,892.47,43.88,24.69,31.91,27.59,51.75,38.24,10,7,30.51,Extreme,True,22,30.84,52.79,31.2,52.62,85.99,100.0,DEMO-005,Demo Ward E,76000,3.5,8900,6600,12100,0.15,1.5,21714.29,11.71,8.68,15.92,54.69,69.39,65.87,9.73,88.33,85.0,74.07,57.78,60.57,High,73.64,High,Orange,"Prepare cooling centres, shift outdoor work hours and increase hospital readiness.",2,provisional-rule-based-v1,"Impact-risk ranking, not a predicted death count"
2024-05-23,24,43.06,30.51,36.76,45.92,29.06,4.82,892.47,43.88,24.69,31.91,27.59,51.75,38.24,10,7,30.51,Extreme,True,22,30.84,52.79,31.2,52.62,85.99,100.0,DEMO-001,Demo Ward A,65000,3.1,7200,6100,9800,0.18,1.2,20967.74,11.08,9.38,15.08,51.87,46.94,48.66,18.55,75.74,82.0,85.19,55.84,49.9,High,71.93,High,Orange,"Prepare cooling centres, shift outdoor work hours and increase hospital readiness.",3,provisional-rule-based-v1,"Impact-risk ranking, not a predicted death count"
2024-05-23,24,43.06,30.51,36.76,45.92,29.06,4.82,892.47,43.88,24.69,31.91,27.59,51.75,38.24,10,7,30.51,Extreme,True,22,30.84,52.79,31.2,52.62,85.99,100.0,DEMO-004,Demo Ward D,53000,4.4,5100,8400,5900,0.31,2.4,12045.45,9.62,15.85,11.13,18.15,22.45,9.15,100.0,16.89,69.0,40.74,47.35,19.87,Moderate,66.6,High,Orange,"Prepare cooling centres, shift outdoor work hours and increase hospital readiness.",4,provisional-rule-based-v1,"Impact-risk ranking, not a predicted death count"
2024-05-23,24,43.06,30.51,36.76,45.92,29.06,4.82,892.47,43.88,24.69,31.91,27.59,51.75,38.24,10,7,30.51,Extreme,True,22,30.84,52.79,31.2,52.62,85.99,100.0,DEMO-002,Demo Ward B,42000,5.8,3900,5200,4200,0.42,3.5,7241.38,9.29,12.38,10.0,0.0,0.0,0.0,56.3,0.0,58.0,0.0,22.78,0.0,Low,59.81,High,Orange,"Prepare cooling centres, shift outdoor work hours and increase hospital readiness.",5,provisional-rule-based-v1,"Impact-risk ranking, not a predicted death count"
2024-05-24,24,43.11,30.12,36.74,46.07,30.24,3.39,895.08,43.79,24.77,32.54,27.83,50.71,38.28,11,6,30.12,Extreme,True,23,31.91,51.75,31.76,51.75,88.32,100.0,DEMO-003,Demo Ward C,91000,2.7,11800,7200,15200,0.11,0.8,33703.7,12.97,7.91,16.7,100.0,100.0,100.0,0.0,100.0,89.0,100.0,73.35,100.0,High,83.61,Extreme,Red,"Activate the Heat Action Plan, open cooling centres and restrict peak-hour outdoor work.",1,provisional-rule-based-v1,"Impact-risk ranking, not a predicted death count"
2024-05-24,24,43.11,30.12,36.74,46.07,30.24,3.39,895.08,43.79,24.77,32.54,27.83,50.71,38.28,11,6,30.12,Extreme,True,23,31.91,51.75,31.76,51.75,88.32,100.0,DEMO-005,Demo Ward E,76000,3.5,8900,6600,12100,0.15,1.5,21714.29,11.71,8.68,15.92,54.69,69.39,65.87,9.73,88.33,85.0,74.07,57.78,60.57,High,75.64,Extreme,Red,"Activate the Heat Action Plan, open cooling centres and restrict peak-hour outdoor work.",2,provisional-rule-based-v1,"Impact-risk ranking, not a predicted death count"
2024-05-24,24,43.11,30.12,36.74,46.07,30.24,3.39,895.08,43.79,24.77,32.54,27.83,50.71,38.28,11,6,30.12,Extreme,True,23,31.91,51.75,31.76,51.75,88.32,100.0,DEMO-001,Demo Ward A,65000,3.1,7200,6100,9800,0.18,1.2,20967.74,11.08,9.38,15.08,51.87,46.94,48.66,18.55,75.74,82.0,85.19,55.84,49.9,High,73.88,High,Orange,"Prepare cooling centres, shift outdoor work hours and increase hospital readiness.",3,provisional-rule-based-v1,"Impact-risk ranking, not a predicted death count"
2024-05-24,24,43.11,30.12,36.74,46.07,30.24,3.39,895.08,43.79,24.77,32.54,27.83,50.71,38.28,11,6,30.12,Extreme,True,23,31.91,51.75,31.76,51.75,88.32,100.0,DEMO-004,Demo Ward D,53000,4.4,5100,8400,5900,0.31,2.4,12045.45,9.62,15.85,11.13,18.15,22.45,9.15,100.0,16.89,69.0,40.74,47.35,19.87,Moderate,68.4,High,Orange,"Prepare cooling centres, shift outdoor work hours and increase hospital readiness.",4,provisional-rule-based-v1,"Impact-risk ranking, not a predicted death count"
2024-05-24,24,43.11,30.12,36.74,46.07,30.24,3.39,895.08,43.79,24.77,32.54,27.83,50.71,38.28,11,6,30.12,Extreme,True,23,31.91,51.75,31.76,51.75,88.32,100.0,DEMO-002,Demo Ward B,42000,5.8,3900,5200,4200,0.42,3.5,7241.38,9.29,12.38,10.0,0.0,0.0,0.0,56.3,0.0,58.0,0.0,22.78,0.0,Low,61.43,High,Orange,"Prepare cooling centres, shift outdoor work hours and increase hospital readiness.",5,provisional-rule-based-v1,"Impact-risk ranking, not a predicted death count"
2024-05-25,24,46.22,30.3,38.26,41.52,23.1,3.5,866.28,44.88,23.89,32.21,27.34,54.56,40.39,12,8,30.3,Extreme,True,24,32.54,50.71,32.22,52.34,87.49,100.0,DEMO-003,Demo Ward C,91000,2.7,11800,7200,15200,0.11,0.8,33703.7,12.97,7.91,16.7,100.0,100.0,100.0,0.0,100.0,89.0,100.0,73.35,100.0,High,82.83,Extreme,Red,"Activate the Heat Action Plan, open cooling centres and restrict peak-hour outdoor work.",1,provisional-rule-based-v1,"Impact-risk ranking, not a predicted death count"
2024-05-25,24,46.22,30.3,38.26,41.52,23.1,3.5,866.28,44.88,23.89,32.21,27.34,54.56,40.39,12,8,30.3,Extreme,True,24,32.54,50.71,32.22,52.34,87.49,100.0,DEMO-005,Demo Ward E,76000,3.5,8900,6600,12100,0.15,1.5,21714.29,11.71,8.68,15.92,54.69,69.39,65.87,9.73,88.33,85.0,74.07,57.78,60.57,High,74.93,High,Orange,"Prepare cooling centres, shift outdoor work hours and increase hospital readiness.",2,provisional-rule-based-v1,"Impact-risk ranking, not a predicted death count"
2024-05-25,24,46.22,30.3,38.26,41.52,23.1,3.5,866.28,44.88,23.89,32.21,27.34,54.56,40.39,12,8,30.3,Extreme,True,24,32.54,50.71,32.22,52.34,87.49,100.0,DEMO-001,Demo Ward A,65000,3.1,7200,6100,9800,0.18,1.2,20967.74,11.08,9.38,15.08,51.87,46.94,48.66,18.55,75.74,82.0,85.19,55.84,49.9,High,73.19,High,Orange,"Prepare cooling centres, shift outdoor work hours and increase hospital readiness.",3,provisional-rule-based-v1,"Impact-risk ranking, not a predicted death count"
2024-05-25,24,46.22,30.3,38.26,41.52,23.1,3.5,866.28,44.88,23.89,32.21,27.34,54.56,40.39,12,8,30.3,Extreme,True,24,32.54,50.71,32.22,52.34,87.49,100.0,DEMO-004,Demo Ward D,53000,4.4,5100,8400,5900,0.31,2.4,12045.45,9.62,15.85,11.13,18.15,22.45,9.15,100.0,16.89,69.0,40.74,47.35,19.87,Moderate,67.76,High,Orange,"Prepare cooling centres, shift outdoor work hours and increase hospital readiness.",4,provisional-rule-based-v1,"Impact-risk ranking, not a predicted death count"
2024-05-25,24,46.22,30.3,38.26,41.52,23.1,3.5,866.28,44.88,23.89,32.21,27.34,54.56,40.39,12,8,30.3,Extreme,True,24,32.54,50.71,32.22,52.34,87.49,100.0,DEMO-002,Demo Ward B,42000,5.8,3900,5200,4200,0.42,3.5,7241.38,9.29,12.38,10.0,0.0,0.0,0.0,56.3,0.0,58.0,0.0,22.78,0.0,Low,60.85,High,Orange,"Prepare cooling centres, shift outdoor work hours and increase hospital readiness.",5,provisional-rule-based-v1,"Impact-risk ranking, not a predicted death count"
2024-05-26,24,47.84,30.06,39.23,25.56,16.72,3.81,977.4,45.6,23.37,32.2,26.76,57.47,41.9,13,10,30.06,Extreme,True,25,32.21,54.56,32.32,54.25,87.73,100.0,DEMO-003,Demo Ward C,91000,2.7,11800,7200,15200,0.11,0.8,33703.7,12.97,7.91,16.7,100.0,100.0,100.0,0.0,100.0,89.0,100.0,73.35,100.0,High,83.05,Extreme,Red,"Activate the Heat Action Plan, open cooling centres and restrict peak-hour outdoor work.",1,provisional-rule-based-v1,"Impact-risk ranking, not a predicted death count"
2024-05-26,24,47.84,30.06,39.23,25.56,16.72,3.81,977.4,45.6,23.37,32.2,26.76,57.47,41.9,13,10,30.06,Extreme,True,25,32.21,54.56,32.32,54.25,87.73,100.0,DEMO-005,Demo Ward E,76000,3.5,8900,6600,12100,0.15,1.5,21714.29,11.71,8.68,15.92,54.69,69.39,65.87,9.73,88.33,85.0,74.07,57.78,60.57,High,75.13,Extreme,Red,"Activate the Heat Action Plan, open cooling centres and restrict peak-hour outdoor work.",2,provisional-rule-based-v1,"Impact-risk ranking, not a predicted death count"
2024-05-26,24,47.84,30.06,39.23,25.56,16.72,3.81,977.4,45.6,23.37,32.2,26.76,57.47,41.9,13,10,30.06,Extreme,True,25,32.21,54.56,32.32,54.25,87.73,100.0,DEMO-001,Demo Ward A,65000,3.1,7200,6100,9800,0.18,1.2,20967.74,11.08,9.38,15.08,51.87,46.94,48.66,18.55,75.74,82.0,85.19,55.84,49.9,High,73.39,High,Orange,"Prepare cooling centres, shift outdoor work hours and increase hospital readiness.",3,provisional-rule-based-v1,"Impact-risk ranking, not a predicted death count"
2024-05-26,24,47.84,30.06,39.23,25.56,16.72,3.81,977.4,45.6,23.37,32.2,26.76,57.47,41.9,13,10,30.06,Extreme,True,25,32.21,54.56,32.32,54.25,87.73,100.0,DEMO-004,Demo Ward D,53000,4.4,5100,8400,5900,0.31,2.4,12045.45,9.62,15.85,11.13,18.15,22.45,9.15,100.0,16.89,69.0,40.74,47.35,19.87,Moderate,67.95,High,Orange,"Prepare cooling centres, shift outdoor work hours and increase hospital readiness.",4,provisional-rule-based-v1,"Impact-risk ranking, not a predicted death count"
2024-05-26,24,47.84,30.06,39.23,25.56,16.72,3.81,977.4,45.6,23.37,32.2,26.76,57.47,41.9,13,10,30.06,Extreme,True,25,32.21,54.56,32.32,54.25,87.73,100.0,DEMO-002,Demo Ward B,42000,5.8,3900,5200,4200,0.42,3.5,7241.38,9.29,12.38,10.0,0.0,0.0,0.0,56.3,0.0,58.0,0.0,22.78,0.0,Low,61.02,High,Orange,"Prepare cooling centres, shift outdoor work hours and increase hospital readiness.",5,provisional-rule-based-v1,"Impact-risk ranking, not a predicted death count"
2024-05-27,24,47.76,29.91,39.37,32.81,15.79,3.18,948.6,44.39,22.5,31.89,26.44,56.79,41.39,12,9,29.91,Extreme,True,26,32.2,57.47,32.1,56.27,86.11,100.0,DEMO-003,Demo Ward C,91000,2.7,11800,7200,15200,0.11,0.8,33703.7,12.97,7.91,16.7,100.0,100.0,100.0,0.0,100.0,89.0,100.0,73.35,100.0,High,81.52,Extreme,Red,"Activate the Heat Action Plan, open cooling centres and restrict peak-hour outdoor work.",1,provisional-rule-based-v1,"Impact-risk ranking, not a predicted death count"
2024-05-27,24,47.76,29.91,39.37,32.81,15.79,3.18,948.6,44.39,22.5,31.89,26.44,56.79,41.39,12,9,29.91,Extreme,True,26,32.2,57.47,32.1,56.27,86.11,100.0,DEMO-005,Demo Ward E,76000,3.5,8900,6600,12100,0.15,1.5,21714.29,11.71,8.68,15.92,54.69,69.39,65.87,9.73,88.33,85.0,74.07,57.78,60.57,High,73.75,High,Orange,"Prepare cooling centres, shift outdoor work hours and increase hospital readiness.",2,provisional-rule-based-v1,"Impact-risk ranking, not a predicted death count"
2024-05-27,24,47.76,29.91,39.37,32.81,15.79,3.18,948.6,44.39,22.5,31.89,26.44,56.79,41.39,12,9,29.91,Extreme,True,26,32.2,57.47,32.1,56.27,86.11,100.0,DEMO-001,Demo Ward A,65000,3.1,7200,6100,9800,0.18,1.2,20967.74,11.08,9.38,15.08,51.87,46.94,48.66,18.55,75.74,82.0,85.19,55.84,49.9,High,72.03,High,Orange,"Prepare cooling centres, shift outdoor work hours and increase hospital readiness.",3,provisional-rule-based-v1,"Impact-risk ranking, not a predicted death count"
2024-05-27,24,47.76,29.91,39.37,32.81,15.79,3.18,948.6,44.39,22.5,31.89,26.44,56.79,41.39,12,9,29.91,Extreme,True,26,32.2,57.47,32.1,56.27,86.11,100.0,DEMO-004,Demo Ward D,53000,4.4,5100,8400,5900,0.31,2.4,12045.45,9.62,15.85,11.13,18.15,22.45,9.15,100.0,16.89,69.0,40.74,47.35,19.87,Moderate,66.69,High,Orange,"Prepare cooling centres, shift outdoor work hours and increase hospital readiness.",4,provisional-rule-based-v1,"Impact-risk ranking, not a predicted death count"
2024-05-27,24,47.76,29.91,39.37,32.81,15.79,3.18,948.6,44.39,22.5,31.89,26.44,56.79,41.39,12,9,29.91,Extreme,True,26,32.2,57.47,32.1,56.27,86.11,100.0,DEMO-002,Demo Ward B,42000,5.8,3900,5200,4200,0.42,3.5,7241.38,9.29,12.38,10.0,0.0,0.0,0.0,56.3,0.0,58.0,0.0,22.78,0.0,Low,59.89,High,Orange,"Prepare cooling centres, shift outdoor work hours and increase hospital readiness.",5,provisional-rule-based-v1,"Impact-risk ranking, not a predicted death count"
2024-05-28,24,48.5,31.94,40.32,14.38,9.69,2.73,995.9,43.9,21.29,31.48,25.63,57.98,42.39,14,10,31.94,Extreme,True,27,31.89,56.79,31.86,57.41,84.39,100.0,DEMO-003,Demo Ward C,91000,2.7,11800,7200,15200,0.11,0.8,33703.7,12.97,7.91,16.7,100.0,100.0,100.0,0.0,100.0,89.0,100.0,73.35,100.0,High,79.89,Extreme,Red,"Activate the Heat Action Plan, open cooling centres and restrict peak-hour outdoor work.",1,provisional-rule-based-v1,"Impact-risk ranking, not a predicted death count"
2024-05-28,24,48.5,31.94,40.32,14.38,9.69,2.73,995.9,43.9,21.29,31.48,25.63,57.98,42.39,14,10,31.94,Extreme,True,27,31.89,56.79,31.86,57.41,84.39,100.0,DEMO-005,Demo Ward E,76000,3.5,8900,6600,12100,0.15,1.5,21714.29,11.71,8.68,15.92,54.69,69.39,65.87,9.73,88.33,85.0,74.07,57.78,60.57,High,72.27,High,Orange,"Prepare cooling centres, shift outdoor work hours and increase hospital readiness.",2,provisional-rule-based-v1,"Impact-risk ranking, not a predicted death count"
2024-05-28,24,48.5,31.94,40.32,14.38,9.69,2.73,995.9,43.9,21.29,31.48,25.63,57.98,42.39,14,10,31.94,Extreme,True,27,31.89,56.79,31.86,57.41,84.39,100.0,DEMO-001,Demo Ward A,65000,3.1,7200,6100,9800,0.18,1.2,20967.74,11.08,9.38,15.08,51.87,46.94,48.66,18.55,75.74,82.0,85.19,55.84,49.9,High,70.59,High,Orange,"Prepare cooling centres, shift outdoor work hours and increase hospital readiness.",3,provisional-rule-based-v1,"Impact-risk ranking, not a predicted death count"
2024-05-28,24,48.5,31.94,40.32,14.38,9.69,2.73,995.9,43.9,21.29,31.48,25.63,57.98,42.39,14,10,31.94,Extreme,True,27,31.89,56.79,31.86,57.41,84.39,100.0,DEMO-004,Demo Ward D,53000,4.4,5100,8400,5900,0.31,2.4,12045.45,9.62,15.85,11.13,18.15,22.45,9.15,100.0,16.89,69.0,40.74,47.35,19.87,Moderate,65.36,High,Orange,"Prepare cooling centres, shift outdoor work hours and increase hospital readiness.",4,provisional-rule-based-v1,"Impact-risk ranking, not a predicted death count"
2024-05-28,24,48.5,31.94,40.32,14.38,9.69,2.73,995.9,43.9,21.29,31.48,25.63,57.98,42.39,14,10,31.94,Extreme,True,27,31.89,56.79,31.86,57.41,84.39,100.0,DEMO-002,Demo Ward B,42000,5.8,3900,5200,4200,0.42,3.5,7241.38,9.29,12.38,10.0,0.0,0.0,0.0,56.3,0.0,58.0,0.0,22.78,0.0,Low,58.7,High,Orange,"Prepare cooling centres, shift outdoor work hours and increase hospital readiness.",5,provisional-rule-based-v1,"Impact-risk ranking, not a predicted death count"
2024-05-29,24,48.07,30.23,39.82,15.97,11.16,3.31,966.55,44.25,21.94,31.48,25.65,57.26,41.55,14,9,30.23,Extreme,True,28,31.48,57.98,31.62,57.34,84.52,100.0,DEMO-003,Demo Ward C,91000,2.7,11800,7200,15200,0.11,0.8,33703.7,12.97,7.91,16.7,100.0,100.0,100.0,0.0,100.0,89.0,100.0,73.35,100.0,High,80.02,Extreme,Red,"Activate the Heat Action Plan, open cooling centres and restrict peak-hour outdoor work.",1,provisional-rule-based-v1,"Impact-risk ranking, not a predicted death count"
2024-05-29,24,48.07,30.23,39.82,15.97,11.16,3.31,966.55,44.25,21.94,31.48,25.65,57.26,41.55,14,9,30.23,Extreme,True,28,31.48,57.98,31.62,57.34,84.52,100.0,DEMO-005,Demo Ward E,76000,3.5,8900,6600,12100,0.15,1.5,21714.29,11.71,8.68,15.92,54.69,69.39,65.87,9.73,88.33,85.0,74.07,57.78,60.57,High,72.38,High,Orange,"Prepare cooling centres, shift outdoor work hours and increase hospital readiness.",2,provisional-rule-based-v1,"Impact-risk ranking, not a predicted death count"
2024-05-29,24,48.07,30.23,39.82,15.97,11.16,3.31,966.55,44.25,21.94,31.48,25.65,57.26,41.55,14,9,30.23,Extreme,True,28,31.48,57.98,31.62,57.34,84.52,100.0,DEMO-001,Demo Ward A,65000,3.1,7200,6100,9800,0.18,1.2,20967.74,11.08,9.38,15.08,51.87,46.94,48.66,18.55,75.74,82.0,85.19,55.84,49.9,High,70.7,High,Orange,"Prepare cooling centres, shift outdoor work hours and increase hospital readiness.",3,provisional-rule-based-v1,"Impact-risk ranking, not a predicted death count"
2024-05-29,24,48.07,30.23,39.82,15.97,11.16,3.31,966.55,44.25,21.94,31.48,25.65,57.26,41.55,14,9,30.23,Extreme,True,28,31.48,57.98,31.62,57.34,84.52,100.0,DEMO-004,Demo Ward D,53000,4.4,5100,8400,5900,0.31,2.4,12045.45,9.62,15.85,11.13,18.15,22.45,9.15,100.0,16.89,69.0,40.74,47.35,19.87,Moderate,65.46,High,Orange,"Prepare cooling centres, shift outdoor work hours and increase hospital readiness.",4,provisional-rule-based-v1,"Impact-risk ranking, not a predicted death count"
2024-05-29,24,48.07,30.23,39.82,15.97,11.16,3.31,966.55,44.25,21.94,31.48,25.65,57.26,41.55,14,9,30.23,Extreme,True,28,31.48,57.98,31.62,57.34,84.52,100.0,DEMO-002,Demo Ward B,42000,5.8,3900,5200,4200,0.42,3.5,7241.38,9.29,12.38,10.0,0.0,0.0,0.0,56.3,0.0,58.0,0.0,22.78,0.0,Low,58.79,High,Orange,"Prepare cooling centres, shift outdoor work hours and increase hospital readiness.",5,provisional-rule-based-v1,"Impact-risk ranking, not a predicted death count"
2024-05-30,24,47.77,32.37,39.49,25.47,13.15,4.59,950.55,44.72,24.39,32.05,25.84,57.15,41.57,11,9,32.37,Extreme,True,29,31.48,57.26,31.67,57.46,86.83,100.0,DEMO-003,Demo Ward C,91000,2.7,11800,7200,15200,0.11,0.8,33703.7,12.97,7.91,16.7,100.0,100.0,100.0,0.0,100.0,89.0,100.0,73.35,100.0,High,82.2,Extreme,Red,"Activate the Heat Action Plan, open cooling centres and restrict peak-hour outdoor work.",1,provisional-rule-based-v1,"Impact-risk ranking, not a predicted death count"
2024-05-30,24,47.77,32.37,39.49,25.47,13.15,4.59,950.55,44.72,24.39,32.05,25.84,57.15,41.57,11,9,32.37,Extreme,True,29,31.48,57.26,31.67,57.46,86.83,100.0,DEMO-005,Demo Ward E,76000,3.5,8900,6600,12100,0.15,1.5,21714.29,11.71,8.68,15.92,54.69,69.39,65.87,9.73,88.33,85.0,74.07,57.78,60.57,High,74.36,High,Orange,"Prepare cooling centres, shift outdoor work hours and increase hospital readiness.",2,provisional-rule-based-v1,"Impact-risk ranking, not a predicted death count"
2024-05-30,24,47.77,32.37,39.49,25.47,13.15,4.59,950.55,44.72,24.39,32.05,25.84,57.15,41.57,11,9,32.37,Extreme,True,29,31.48,57.26,31.67,57.46,86.83,100.0,DEMO-001,Demo Ward A,65000,3.1,7200,6100,9800,0.18,1.2,20967.74,11.08,9.38,15.08,51.87,46.94,48.66,18.55,75.74,82.0,85.19,55.84,49.9,High,72.64,High,Orange,"Prepare cooling centres, shift outdoor work hours and increase hospital readiness.",3,provisional-rule-based-v1,"Impact-risk ranking, not a predicted death count"
2024-05-30,24,47.77,32.37,39.49,25.47,13.15,4.59,950.55,44.72,24.39,32.05,25.84,57.15,41.57,11,9,32.37,Extreme,True,29,31.48,57.26,31.67,57.46,86.83,100.0,DEMO-004,Demo Ward D,53000,4.4,5100,8400,5900,0.31,2.4,12045.45,9.62,15.85,11.13,18.15,22.45,9.15,100.0,16.89,69.0,40.74,47.35,19.87,Moderate,67.25,High,Orange,"Prepare cooling centres, shift outdoor work hours and increase hospital readiness.",4,provisional-rule-based-v1,"Impact-risk ranking, not a predicted death count"
2024-05-30,24,47.77,32.37,39.49,25.47,13.15,4.59,950.55,44.72,24.39,32.05,25.84,57.15,41.57,11,9,32.37,Extreme,True,29,31.48,57.26,31.67,57.46,86.83,100.0,DEMO-002,Demo Ward B,42000,5.8,3900,5200,4200,0.42,3.5,7241.38,9.29,12.38,10.0,0.0,0.0,0.0,56.3,0.0,58.0,0.0,22.78,0.0,Low,60.4,High,Orange,"Prepare cooling centres, shift outdoor work hours and increase hospital readiness.",5,provisional-rule-based-v1,"Impact-risk ranking, not a predicted death count"
2024-05-31,24,48.21,30.67,39.45,18.35,9.84,3.66,967.08,43.71,21.21,31.18,24.96,58.17,41.41,12,10,30.67,Extreme,True,30,32.05,57.15,31.57,57.53,83.19,100.0,DEMO-003,Demo Ward C,91000,2.7,11800,7200,15200,0.11,0.8,33703.7,12.97,7.91,16.7,100.0,100.0,100.0,0.0,100.0,89.0,100.0,73.35,100.0,High,78.76,Extreme,Red,"Activate the Heat Action Plan, open cooling centres and restrict peak-hour outdoor work.",1,provisional-rule-based-v1,"Impact-risk ranking, not a predicted death count"
2024-05-31,24,48.21,30.67,39.45,18.35,9.84,3.66,967.08,43.71,21.21,31.18,24.96,58.17,41.41,12,10,30.67,Extreme,True,30,32.05,57.15,31.57,57.53,83.19,100.0,DEMO-005,Demo Ward E,76000,3.5,8900,6600,12100,0.15,1.5,21714.29,11.71,8.68,15.92,54.69,69.39,65.87,9.73,88.33,85.0,74.07,57.78,60.57,High,71.25,High,Orange,"Prepare cooling centres, shift outdoor work hours and increase hospital readiness.",2,provisional-rule-based-v1,"Impact-risk ranking, not a predicted death count"
2024-05-31,24,48.21,30.67,39.45,18.35,9.84,3.66,967.08,43.71,21.21,31.18,24.96,58.17,41.41,12,10,30.67,Extreme,True,30,32.05,57.15,31.57,57.53,83.19,100.0,DEMO-001,Demo Ward A,65000,3.1,7200,6100,9800,0.18,1.2,20967.74,11.08,9.38,15.08,51.87,46.94,48.66,18.55,75.74,82.0,85.19,55.84,49.9,High,69.59,High,Orange,"Prepare cooling centres, shift outdoor work hours and increase hospital readiness.",3,provisional-rule-based-v1,"Impact-risk ranking, not a predicted death count"
2024-05-31,24,48.21,30.67,39.45,18.35,9.84,3.66,967.08,43.71,21.21,31.18,24.96,58.17,41.41,12,10,30.67,Extreme,True,30,32.05,57.15,31.57,57.53,83.19,100.0,DEMO-004,Demo Ward D,53000,4.4,5100,8400,5900,0.31,2.4,12045.45,9.62,15.85,11.13,18.15,22.45,9.15,100.0,16.89,69.0,40.74,47.35,19.87,Moderate,64.43,High,Orange,"Prepare cooling centres, shift outdoor work hours and increase hospital readiness.",4,provisional-rule-based-v1,"Impact-risk ranking, not a predicted death count"
2024-05-31,24,48.21,30.67,39.45,18.35,9.84,3.66,967.08,43.71,21.21,31.18,24.96,58.17,41.41,12,10,30.67,Extreme,True,30,32.05,57.15,31.57,57.53,83.19,100.0,DEMO-002,Demo Ward B,42000,5.8,3900,5200,4200,0.42,3.5,7241.38,9.29,12.38,10.0,0.0,0.0,0.0,56.3,0.0,58.0,0.0,22.78,0.0,Low,57.86,High,Orange,"Prepare cooling centres, shift outdoor work hours and increase hospital readiness.",5,provisional-rule-based-v1,"Impact-risk ranking, not a predicted death count"
