ward_id,ward_name,forecast_date,temperature_max_c,humidity_mean_pct,wbgt_max_c,utci_max_c,thermal_hazard_score,danger_hours,extreme_hours,consecutive_danger_days,population_estimate_2020,mortality_risk_index,evidence_relative_risk,evidence_relative_increase_pct,calibrated_mortality_risk_index,calibrated_risk_level,calibrated_alert_code,calibrated_recommended_action
261,JIWANPUR,2026-08-31,35.2,66.04,31.03,43.17,73.97,9,1,4,126083,72.52,1.27,27.03,92.1,Extreme,RED,Activate emergency heat response; expand cooling centres and ambulance readiness; suspend strenuous outdoor work; issue regional alerts and initiate hospital surge protocols.
236,RAGHUBAR PURA,2026-08-31,36.0,63.83,31.27,43.62,75.72,9,2,4,78317,72.3,1.27,27.03,91.82,Extreme,RED,Activate emergency heat response; expand cooling centres and ambulance readiness; suspend strenuous outdoor work; issue regional alerts and initiate hospital surge protocols.
241,DILSHAD GARDEN,2026-08-31,36.0,63.83,31.27,43.62,75.72,9,2,4,108201,72.26,1.27,27.03,91.77,Extreme,RED,Activate emergency heat response; expand cooling centres and ambulance readiness; suspend strenuous outdoor work; issue regional alerts and initiate hospital surge protocols.
239,VIVEK VIHAR,2026-08-31,36.0,63.83,31.27,43.62,75.72,9,2,4,114087,71.98,1.27,27.03,91.41,Extreme,RED,Activate emergency heat response; expand cooling centres and ambulance readiness; suspend strenuous outdoor work; issue regional alerts and initiate hospital surge protocols.
265,SHIV VIHAR,2026-08-31,35.2,66.04,31.03,43.17,73.97,9,1,4,109480,71.86,1.27,27.03,91.26,Extreme,RED,Activate emergency heat response; expand cooling centres and ambulance readiness; suspend strenuous outdoor work; issue regional alerts and initiate hospital surge protocols.
251,NEW USMANPUR,2026-08-31,36.0,63.83,31.27,43.62,75.72,9,2,4,96722,71.66,1.27,27.03,91.01,Extreme,RED,Activate emergency heat response; expand cooling centres and ambulance readiness; suspend strenuous outdoor work; issue regional alerts and initiate hospital surge protocols.
256,YAMUNA VIHAR,2026-08-31,35.2,66.04,31.03,43.17,73.97,9,1,4,102218,71.57,1.27,27.03,90.89,Extreme,RED,Activate emergency heat response; expand cooling centres and ambulance readiness; suspend strenuous outdoor work; issue regional alerts and initiate hospital surge protocols.
268,MUSTAFABAD,2026-08-31,35.2,66.04,31.03,43.17,73.97,9,1,4,96023,71.33,1.27,27.03,90.59,Extreme,RED,Activate emergency heat response; expand cooling centres and ambulance readiness; suspend strenuous outdoor work; issue regional alerts and initiate hospital surge protocols.
258,KARDAM PURI,2026-08-31,35.2,66.04,31.03,43.17,73.97,9,1,4,91038,71.13,1.27,27.03,90.34,Extreme,RED,Activate emergency heat response; expand cooling centres and ambulance readiness; suspend strenuous outdoor work; issue regional alerts and initiate hospital surge protocols.
262,GOKALPUR,2026-08-31,35.2,66.04,31.03,43.17,73.97,9,1,4,90241,71.1,1.27,27.03,90.3,Extreme,RED,Activate emergency heat response; expand cooling centres and ambulance readiness; suspend strenuous outdoor work; issue regional alerts and initiate hospital surge protocols.
227,I.P EXTENTION,2026-08-31,36.0,63.83,31.27,43.62,75.72,9,2,4,150274,70.98,1.27,27.03,90.14,Extreme,RED,Activate emergency heat response; expand cooling centres and ambulance readiness; suspend strenuous outdoor work; issue regional alerts and initiate hospital surge protocols.
248,WELCOME COLONY,2026-08-31,36.0,63.83,31.27,43.62,75.72,9,2,4,64216,70.98,1.27,27.03,90.14,Extreme,RED,Activate emergency heat response; expand cooling centres and ambulance readiness; suspend strenuous outdoor work; issue regional alerts and initiate hospital surge protocols.
271,KARAWAL NAGAR WEST,2026-08-31,35.2,66.04,31.03,43.17,73.97,9,1,4,108660,70.92,1.27,27.03,90.07,Extreme,RED,Activate emergency heat response; expand cooling centres and ambulance readiness; suspend strenuous outdoor work; issue regional alerts and initiate hospital surge protocols.
247,RAM NAGAR,2026-08-31,36.0,63.83,31.27,43.62,75.72,9,2,4,80031,70.86,1.27,27.03,89.99,Extreme,RED,Activate emergency heat response; expand cooling centres and ambulance readiness; suspend strenuous outdoor work; issue regional alerts and initiate hospital surge protocols.
235,AZAD NAGAR,2026-08-31,36.0,63.83,31.27,43.62,75.72,9,2,4,49058,70.79,1.27,27.03,89.9,Extreme,RED,Activate emergency heat response; expand cooling centres and ambulance readiness; suspend strenuous outdoor work; issue regional alerts and initiate hospital surge protocols.
214,KHICHRIPUR,2026-08-31,36.1,64.54,31.38,43.73,76.21,10,3,4,140933,70.65,1.27,27.03,89.73,Extreme,RED,Activate emergency heat response; expand cooling centres and ambulance readiness; suspend strenuous outdoor work; issue regional alerts and initiate hospital surge protocols.
266,KARAWAL NAGAR EAST,2026-08-31,35.2,66.04,31.03,43.17,73.97,9,1,4,76497,70.55,1.27,27.03,89.6,Extreme,RED,Activate emergency heat response; expand cooling centres and ambulance readiness; suspend strenuous outdoor work; issue regional alerts and initiate hospital surge protocols.
269,KHAJOORI KHAS,2026-08-31,35.2,66.04,31.03,43.17,73.97,9,1,4,73513,70.44,1.27,27.03,89.46,Extreme,RED,Activate emergency heat response; expand cooling centres and ambulance readiness; suspend strenuous outdoor work; issue regional alerts and initiate hospital surge protocols.
229,KRISHNA  NAGAR,2026-08-31,36.0,63.83,31.27,43.62,75.72,9,2,4,88882,70.29,1.27,27.03,89.27,Extreme,RED,Activate emergency heat response; expand cooling centres and ambulance readiness; suspend strenuous outdoor work; issue regional alerts and initiate hospital surge protocols.
233,DHARAMPURA,2026-08-31,36.0,63.83,31.27,43.62,75.72,9,2,4,58150,70.24,1.27,27.03,89.2,Extreme,RED,Activate emergency heat response; expand cooling centres and ambulance readiness; suspend strenuous outdoor work; issue regional alerts and initiate hospital surge protocols.
250,ZAFFRABAD,2026-08-31,36.0,63.83,31.27,43.62,75.72,9,2,4,26285,70.19,1.27,27.03,89.14,Extreme,RED,Activate emergency heat response; expand cooling centres and ambulance readiness; suspend strenuous outdoor work; issue regional alerts and initiate hospital surge protocols.
245,DURGA PURI,2026-08-31,36.0,63.83,31.27,43.62,75.72,9,2,4,47813,70.17,1.27,27.03,89.12,Extreme,RED,Activate emergency heat response; expand cooling centres and ambulance readiness; suspend strenuous outdoor work; issue regional alerts and initiate hospital surge protocols.
246,ASHOK NAGAR,2026-08-31,35.2,66.04,31.03,43.17,73.97,9,1,4,60768,69.93,1.27,27.03,88.81,Extreme,RED,Activate emergency heat response; expand cooling centres and ambulance readiness; suspend strenuous outdoor work; issue regional alerts and initiate hospital surge protocols.
97,KIRTI NAGAR,2026-08-31,35.8,61.42,31.24,43.79,75.8,11,2,4,116265,69.89,1.27,27.03,88.76,Extreme,RED,Activate emergency heat response; expand cooling centres and ambulance readiness; suspend strenuous outdoor work; issue regional alerts and initiate hospital surge protocols.
249,CHAUHAN BANGER,2026-08-31,36.0,63.83,31.27,43.62,75.72,9,2,4,31858,69.85,1.27,27.03,88.71,Extreme,RED,Activate emergency heat response; expand cooling centres and ambulance readiness; suspend strenuous outdoor work; issue regional alerts and initiate hospital surge protocols.
255,GHONDA,2026-08-31,35.2,66.04,31.03,43.17,73.97,9,1,4,46069,69.35,1.27,27.03,88.07,Extreme,RED,Activate emergency heat response; expand cooling centres and ambulance readiness; suspend strenuous outdoor work; issue regional alerts and initiate hospital surge protocols.
100,KARAM PURA,2026-08-31,35.8,61.42,31.24,43.79,75.8,11,2,4,85704,69.31,1.27,27.03,88.02,Extreme,RED,Activate emergency heat response; expand cooling centres and ambulance readiness; suspend strenuous outdoor work; issue regional alerts and initiate hospital surge protocols.
91,KAROL BAGH,2026-08-31,35.8,61.42,31.24,43.79,75.8,11,2,4,86110,69.24,1.27,27.03,87.93,Extreme,RED,Activate emergency heat response; expand cooling centres and ambulance readiness; suspend strenuous outdoor work; issue regional alerts and initiate hospital surge protocols.
228,PREET VIHAR,2026-08-31,36.0,63.83,31.27,43.62,75.72,9,2,4,111517,69.19,1.27,27.03,87.87,Extreme,RED,Activate emergency heat response; expand cooling centres and ambulance readiness; suspend strenuous outdoor work; issue regional alerts and initiate hospital surge protocols.
230,GEETA COLONY,2026-08-31,36.0,63.83,31.27,43.62,75.72,9,2,4,55717,69.11,1.27,27.03,87.77,Extreme,RED,Activate emergency heat response; expand cooling centres and ambulance readiness; suspend strenuous outdoor work; issue regional alerts and initiate hospital surge protocols.
257,SUBHASH MOHALLA,2026-08-31,35.2,66.04,31.03,43.17,73.97,9,1,4,38002,69.03,1.27,27.03,87.67,Extreme,RED,Activate emergency heat response; expand cooling centres and ambulance readiness; suspend strenuous outdoor work; issue regional alerts and initiate hospital surge protocols.
270,TUKHMIR PUR,2026-08-31,35.2,66.04,31.03,43.17,73.97,9,1,4,33834,68.87,1.27,27.03,87.46,Extreme,RED,Activate emergency heat response; expand cooling centres and ambulance readiness; suspend strenuous outdoor work; issue regional alerts and initiate hospital surge protocols.
225,ANAND VIHAR,2026-08-31,36.0,63.83,31.27,43.62,75.72,9,2,4,120989,68.81,1.27,27.03,87.39,Extreme,RED,Activate emergency heat response; expand cooling centres and ambulance readiness; suspend strenuous outdoor work; issue regional alerts and initiate hospital surge protocols.
121,KUNWAR SINGH NAGAR,2026-08-31,35.3,60.79,31.11,43.59,74.89,11,1,4,155525,68.81,1.27,27.03,87.39,Extreme,RED,Activate emergency heat response; expand cooling centres and ambulance readiness; suspend strenuous outdoor work; issue regional alerts and initiate hospital surge protocols.
253,BHAJANPURA,2026-08-31,35.2,66.04,31.03,43.17,73.97,9,1,4,59706,68.77,1.27,27.03,87.34,Extreme,RED,Activate emergency heat response; expand cooling centres and ambulance readiness; suspend strenuous outdoor work; issue regional alerts and initiate hospital surge protocols.
254,BRAHAM PURI,2026-08-31,35.2,66.04,31.03,43.17,73.97,9,1,4,54813,68.68,1.27,27.03,87.22,Extreme,RED,Activate emergency heat response; expand cooling centres and ambulance readiness; suspend strenuous outdoor work; issue regional alerts and initiate hospital surge protocols.
109,JANAK PURI NORTH,2026-08-31,35.3,60.79,31.11,43.59,74.89,11,1,4,102812,68.62,1.27,27.03,87.15,Extreme,RED,Activate emergency heat response; expand cooling centres and ambulance readiness; suspend strenuous outdoor work; issue regional alerts and initiate hospital surge protocols.
243,NAND NAGRI,2026-08-31,35.2,66.04,31.03,43.17,73.97,9,1,4,34381,68.57,1.27,27.03,87.08,Extreme,RED,Activate emergency heat response; expand cooling centres and ambulance readiness; suspend strenuous outdoor work; issue regional alerts and initiate hospital surge protocols.
237,SHAHDARA,2026-08-31,36.0,63.83,31.27,43.62,75.72,9,2,4,39221,68.47,1.27,27.03,86.96,Extreme,RED,Activate emergency heat response; expand cooling centres and ambulance readiness; suspend strenuous outdoor work; issue regional alerts and initiate hospital surge protocols.
90,MODEL BASTI,2026-08-31,35.8,61.42,31.24,43.79,75.8,11,2,4,57887,68.45,1.27,27.03,86.93,Extreme,RED,Activate emergency heat response; expand cooling centres and ambulance readiness; suspend strenuous outdoor work; issue regional alerts and initiate hospital surge protocols.
219,MAYUR VIHAR PHASE II,2026-08-31,36.0,63.83,31.27,43.62,75.72,9,2,4,80370,68.37,1.27,27.03,86.83,Extreme,RED,Activate emergency heat response; expand cooling centres and ambulance readiness; suspend strenuous outdoor work; issue regional alerts and initiate hospital surge protocols.
105,RAJOURI GARDEN,2026-08-31,35.3,60.79,31.11,43.59,74.89,11,1,4,84991,68.33,1.27,27.03,86.78,Extreme,RED,Activate emergency heat response; expand cooling centres and ambulance readiness; suspend strenuous outdoor work; issue regional alerts and initiate hospital surge protocols.
272,SONIA VIHAR,2026-08-31,35.2,66.04,31.03,43.17,73.97,9,1,4,161026,68.16,1.27,27.03,86.56,Extreme,RED,Activate emergency heat response; expand cooling centres and ambulance readiness; suspend strenuous outdoor work; issue regional alerts and initiate hospital surge protocols.
259,JANTA COLONY,2026-08-31,36.0,63.83,31.27,43.62,75.72,9,2,4,27708,68.08,1.27,27.03,86.46,Extreme,RED,Activate emergency heat response; expand cooling centres and ambulance readiness; suspend strenuous outdoor work; issue regional alerts and initiate hospital surge protocols.
234,GANDHI NAGAR,2026-08-31,36.0,63.83,31.27,43.62,75.72,9,2,4,41328,68.06,1.27,27.03,86.44,Extreme,RED,Activate emergency heat response; expand cooling centres and ambulance readiness; suspend strenuous outdoor work; issue regional alerts and initiate hospital surge protocols.
267,NEHRU VIHAR,2026-08-31,35.2,66.04,31.03,43.17,73.97,9,1,4,11931,68.05,1.27,27.03,86.42,Extreme,RED,Activate emergency heat response; expand cooling centres and ambulance readiness; suspend strenuous outdoor work; issue regional alerts and initiate hospital surge protocols.
114,TILAK NAGAR,2026-08-31,35.3,60.79,31.11,43.59,74.89,11,1,4,62601,68.02,1.27,27.03,86.39,Extreme,RED,Activate emergency heat response; expand cooling centres and ambulance readiness; suspend strenuous outdoor work; issue regional alerts and initiate hospital surge protocols.
252,MAUJPUR,2026-08-31,35.2,66.04,31.03,43.17,73.97,9,1,4,38691,68.02,1.27,27.03,86.39,Extreme,RED,Activate emergency heat response; expand cooling centres and ambulance readiness; suspend strenuous outdoor work; issue regional alerts and initiate hospital surge protocols.
263,SABOLI,2026-08-31,35.2,66.04,31.03,43.17,73.97,9,1,4,77424,67.96,1.27,27.03,86.31,Extreme,RED,Activate emergency heat response; expand cooling centres and ambulance readiness; suspend strenuous outdoor work; issue regional alerts and initiate hospital surge protocols.
122,HASTSAL,2026-08-31,35.3,60.79,31.11,43.59,74.89,11,1,4,165865,67.9,1.27,27.03,86.23,Extreme,RED,Activate emergency heat response; expand cooling centres and ambulance readiness; suspend strenuous outdoor work; issue regional alerts and initiate hospital surge protocols.
UNNUMBERED_001,Unnamed Boundary (UNNUMBERED_001),2026-08-31,36.0,63.83,31.27,43.62,75.72,9,2,4,460701,67.88,1.27,27.03,86.21,Extreme,RED,Activate emergency heat response; expand cooling centres and ambulance readiness; suspend strenuous outdoor work; issue regional alerts and initiate hospital surge protocols.
209,MAYUR VIHAR PHASE-I,2026-08-31,36.1,64.54,31.38,43.73,76.21,10,3,4,57298,67.88,1.27,27.03,86.21,Extreme,RED,Activate emergency heat response; expand cooling centres and ambulance readiness; suspend strenuous outdoor work; issue regional alerts and initiate hospital surge protocols.
101,RAJA GARDEN,2026-08-31,35.8,61.42,31.24,43.79,75.8,11,2,4,72850,67.86,1.27,27.03,86.18,Extreme,RED,Activate emergency heat response; expand cooling centres and ambulance readiness; suspend strenuous outdoor work; issue regional alerts and initiate hospital surge protocols.
231,GHONDLI,2026-08-31,36.0,63.83,31.27,43.62,75.72,9,2,4,41086,67.81,1.27,27.03,86.12,Extreme,RED,Activate emergency heat response; expand cooling centres and ambulance readiness; suspend strenuous outdoor work; issue regional alerts and initiate hospital surge protocols.
62,RAMPURA,2026-08-31,35.3,61.67,31.07,43.32,74.39,11,2,4,90152,67.81,1.27,27.03,86.12,Extreme,RED,Activate emergency heat response; expand cooling centres and ambulance readiness; suspend strenuous outdoor work; issue regional alerts and initiate hospital surge protocols.
220,PATPARGANJ,2026-08-31,36.1,64.54,31.38,43.73,76.21,10,3,4,53355,67.68,1.27,27.03,85.95,Extreme,RED,Activate emergency heat response; expand cooling centres and ambulance readiness; suspend strenuous outdoor work; issue regional alerts and initiate hospital surge protocols.
13,DHIR PUR,2026-08-31,35.3,61.67,31.07,43.32,74.39,11,2,4,148704,67.65,1.27,27.03,85.92,Extreme,RED,Activate emergency heat response; expand cooling centres and ambulance readiness; suspend strenuous outdoor work; issue regional alerts and initiate hospital surge protocols.
74,INDER LOK COLONY,2026-08-31,35.8,61.42,31.24,43.79,75.8,11,2,4,76515,67.63,1.27,27.03,85.89,Extreme,RED,Activate emergency heat response; expand cooling centres and ambulance readiness; suspend strenuous outdoor work; issue regional alerts and initiate hospital surge protocols.
199,TEKHAND,2026-08-31,35.6,65.67,31.28,43.27,75.54,9,2,4,104835,67.58,1.27,27.03,85.83,Extreme,RED,Activate emergency heat response; expand cooling centres and ambulance readiness; suspend strenuous outdoor work; issue regional alerts and initiate hospital surge protocols.
19,BHALSWA,2026-08-31,35.3,61.67,31.07,43.32,74.39,11,2,4,108217,67.56,1.27,27.03,85.8,Extreme,RED,Activate emergency heat response; expand cooling centres and ambulance readiness; suspend strenuous outdoor work; issue regional alerts and initiate hospital surge protocols.
238,JHILMIL,2026-08-31,36.0,63.83,31.27,43.62,75.72,9,2,4,45475,67.49,1.27,27.03,85.71,Extreme,RED,Activate emergency heat response; expand cooling centres and ambulance readiness; suspend strenuous outdoor work; issue regional alerts and initiate hospital surge protocols.
108,KHYALA,2026-08-31,35.3,60.79,31.11,43.59,74.89,11,1,4,55523,67.42,1.27,27.03,85.62,Extreme,RED,Activate emergency heat response; expand cooling centres and ambulance readiness; suspend strenuous outdoor work; issue regional alerts and initiate hospital surge protocols.
63,KOHAT ENCLAVE,2026-08-31,35.3,61.67,31.07,43.32,74.39,11,2,4,75644,67.42,1.27,27.03,85.62,Extreme,RED,Activate emergency heat response; expand cooling centres and ambulance readiness; suspend strenuous outdoor work; issue regional alerts and initiate hospital surge protocols.
103,PUNJABI BAGH,2026-08-31,35.8,61.42,31.24,43.79,75.8,11,2,4,85113,67.36,1.27,27.03,85.55,Extreme,RED,Activate emergency heat response; expand cooling centres and ambulance readiness; suspend strenuous outdoor work; issue regional alerts and initiate hospital surge protocols.
25,POOTH KALAN,2026-08-31,34.2,67.88,31.01,42.79,73.48,12,1,4,179997,67.36,1.27,27.03,85.55,Extreme,RED,Activate emergency heat response; expand cooling centres and ambulance readiness; suspend strenuous outdoor work; issue regional alerts and initiate hospital surge protocols.
224,PANDAV NAGAR,2026-08-31,36.0,63.83,31.27,43.62,75.72,9,2,4,59364,67.35,1.27,27.03,85.53,Extreme,RED,Activate emergency heat response; expand cooling centres and ambulance readiness; suspend strenuous outdoor work; issue regional alerts and initiate hospital surge protocols.
98,MANSAROWER GARDEN,2026-08-31,35.8,61.42,31.24,43.79,75.8,11,2,4,54546,67.32,1.27,27.03,85.5,Extreme,RED,Activate emergency heat response; expand cooling centres and ambulance readiness; suspend strenuous outdoor work; issue regional alerts and initiate hospital surge protocols.
222,LAXMI NAGAR,2026-08-31,36.0,63.83,31.27,43.62,75.72,9,2,4,35279,67.24,1.27,27.03,85.39,Extreme,RED,Activate emergency heat response; expand cooling centres and ambulance readiness; suspend strenuous outdoor work; issue regional alerts and initiate hospital surge protocols.
137,ROSHANPURA,2026-08-31,34.0,69.92,31.08,42.92,73.98,10,1,4,187037,67.18,1.27,27.03,85.32,Extreme,RED,Activate emergency heat response; expand cooling centres and ambulance readiness; suspend strenuous outdoor work; issue regional alerts and initiate hospital surge protocols.
149,RAJENDER NAGAR,2026-08-31,35.8,61.42,31.24,43.79,75.8,11,2,4,98729,67.13,1.27,27.03,85.26,Extreme,RED,Activate emergency heat response; expand cooling centres and ambulance readiness; suspend strenuous outdoor work; issue regional alerts and initiate hospital surge protocols.
60,SARASWATI VIHAR,2026-08-31,35.3,61.67,31.07,43.32,74.39,11,2,4,109352,67.12,1.27,27.03,85.24,Extreme,RED,Activate emergency heat response; expand cooling centres and ambulance readiness; suspend strenuous outdoor work; issue regional alerts and initiate hospital surge protocols.
106,TAGORE GARDEN,2026-08-31,35.3,60.79,31.11,43.59,74.89,11,1,4,34732,67.11,1.27,27.03,85.23,Extreme,RED,Activate emergency heat response; expand cooling centres and ambulance readiness; suspend strenuous outdoor work; issue regional alerts and initiate hospital surge protocols.
59,RANI BAGH,2026-08-31,35.3,61.67,31.07,43.32,74.39,11,2,4,99116,67.11,1.27,27.03,85.23,Extreme,RED,Activate emergency heat response; expand cooling centres and ambulance readiness; suspend strenuous outdoor work; issue regional alerts and initiate hospital surge protocols.
217,VINOD NAGAR,2026-08-31,36.0,63.83,31.27,43.62,75.72,9,2,4,33892,67.08,1.27,27.03,85.19,Extreme,RED,Activate emergency heat response; expand cooling centres and ambulance readiness; suspend strenuous outdoor work; issue regional alerts and initiate hospital surge protocols.
99,MOTI NAGAR,2026-08-31,35.8,61.42,31.24,43.79,75.8,11,2,4,35615,67.05,1.27,27.03,85.15,Extreme,RED,Activate emergency heat response; expand cooling centres and ambulance readiness; suspend strenuous outdoor work; issue regional alerts and initiate hospital surge protocols.
215,KONDLI,2026-08-31,36.1,64.54,31.38,43.73,76.21,10,3,4,49493,67.05,1.27,27.03,85.15,Extreme,RED,Activate emergency heat response; expand cooling centres and ambulance readiness; suspend strenuous outdoor work; issue regional alerts and initiate hospital surge protocols.
61,TRI NAGAR,2026-08-31,35.8,61.42,31.24,43.79,75.8,11,2,4,35088,67.01,1.27,27.03,85.1,Extreme,RED,Activate emergency heat response; expand cooling centres and ambulance readiness; suspend strenuous outdoor work; issue regional alerts and initiate hospital surge protocols.
117,JANAK PURI WEST,2026-08-31,35.3,60.79,31.11,43.59,74.89,11,1,4,73642,66.99,1.27,27.03,85.08,Extreme,RED,Activate emergency heat response; expand cooling centres and ambulance readiness; suspend strenuous outdoor work; issue regional alerts and initiate hospital surge protocols.
212,NEW ASHOK NAGAR,2026-08-31,36.1,64.54,31.38,43.73,76.21,10,3,4,50336,66.93,1.27,27.03,85.0,Extreme,RED,Activate emergency heat response; expand cooling centres and ambulance readiness; suspend strenuous outdoor work; issue regional alerts and initiate hospital surge protocols.
221,KISHAN KUNJ,2026-08-31,36.0,63.83,31.27,43.62,75.72,9,2,4,46688,66.93,1.27,27.03,85.0,Extreme,RED,Activate emergency heat response; expand cooling centres and ambulance readiness; suspend strenuous outdoor work; issue regional alerts and initiate hospital surge protocols.
116,VIKASPURI EAST,2026-08-31,35.3,60.79,31.11,43.59,74.89,11,1,4,80114,66.88,1.27,27.03,84.94,Extreme,RED,Activate emergency heat response; expand cooling centres and ambulance readiness; suspend strenuous outdoor work; issue regional alerts and initiate hospital surge protocols.
223,SHAKARPUR,2026-08-31,36.0,63.83,31.27,43.62,75.72,9,2,4,40530,66.88,1.27,27.03,84.94,Extreme,RED,Activate emergency heat response; expand cooling centres and ambulance readiness; suspend strenuous outdoor work; issue regional alerts and initiate hospital surge protocols.
260,BABAR PUR,2026-08-31,35.2,66.04,31.03,43.17,73.97,9,1,4,32583,66.83,1.27,27.03,84.87,Extreme,RED,Activate emergency heat response; expand cooling centres and ambulance readiness; suspend strenuous outdoor work; issue regional alerts and initiate hospital surge protocols.
218,MANDAWALI,2026-08-31,36.0,63.83,31.27,43.62,75.72,9,2,4,33057,66.82,1.27,27.03,84.86,Extreme,RED,Activate emergency heat response; expand cooling centres and ambulance readiness; suspend strenuous outdoor work; issue regional alerts and initiate hospital surge protocols.
208,SARITA VIHAR,2026-08-31,35.6,65.67,31.28,43.27,75.54,9,2,4,121549,66.76,1.27,27.03,84.79,Extreme,RED,Activate emergency heat response; expand cooling centres and ambulance readiness; suspend strenuous outdoor work; issue regional alerts and initiate hospital surge protocols.
124,VIKAS NAGAR,2026-08-31,35.3,60.79,31.11,43.59,74.89,11,1,4,73547,66.74,1.27,27.03,84.76,Extreme,RED,Activate emergency heat response; expand cooling centres and ambulance readiness; suspend strenuous outdoor work; issue regional alerts and initiate hospital surge protocols.
44,QUAMMRUDDIN NAGAR,2026-08-31,35.3,60.79,31.11,43.59,74.89,11,1,4,116151,66.67,1.27,27.03,84.67,Extreme,RED,Activate emergency heat response; expand cooling centres and ambulance readiness; suspend strenuous outdoor work; issue regional alerts and initiate hospital surge protocols.
197,TUGHLAKABAD,2026-08-31,35.6,65.67,31.28,43.27,75.54,9,2,4,114921,66.66,1.27,27.03,84.66,Extreme,RED,Activate emergency heat response; expand cooling centres and ambulance readiness; suspend strenuous outdoor work; issue regional alerts and initiate hospital surge protocols.
45,ROHINI SOUTH,2026-08-31,35.3,61.67,31.07,43.32,74.39,11,2,4,72363,66.64,1.27,27.03,84.63,Extreme,RED,Activate emergency heat response; expand cooling centres and ambulance readiness; suspend strenuous outdoor work; issue regional alerts and initiate hospital surge protocols.
226,VISHWASH NAGAR,2026-08-31,36.0,63.83,31.27,43.62,75.72,9,2,4,40560,66.63,1.27,27.03,84.62,Extreme,RED,Activate emergency heat response; expand cooling centres and ambulance readiness; suspend strenuous outdoor work; issue regional alerts and initiate hospital surge protocols.
94,WEST PATEL NAGAR,2026-08-31,35.8,61.42,31.24,43.79,75.8,11,2,4,36328,66.62,1.27,27.03,84.61,Extreme,RED,Activate emergency heat response; expand cooling centres and ambulance readiness; suspend strenuous outdoor work; issue regional alerts and initiate hospital surge protocols.
56,SHALIMAR BAGH SOUTH,2026-08-31,35.3,61.67,31.07,43.32,74.39,11,2,4,71558,66.62,1.27,27.03,84.61,Extreme,RED,Activate emergency heat response; expand cooling centres and ambulance readiness; suspend strenuous outdoor work; issue regional alerts and initiate hospital surge protocols.
113,MAHAVIR NAGAR,2026-08-31,35.3,60.79,31.11,43.59,74.89,11,1,4,46655,66.59,1.27,27.03,84.57,Extreme,RED,Activate emergency heat response; expand cooling centres and ambulance readiness; suspend strenuous outdoor work; issue regional alerts and initiate hospital surge protocols.
200,HARKESH NAGAR,2026-08-31,36.1,64.54,31.38,43.73,76.21,10,3,4,59996,66.53,1.27,27.03,84.49,Extreme,RED,Activate emergency heat response; expand cooling centres and ambulance readiness; suspend strenuous outdoor work; issue regional alerts and initiate hospital surge protocols.
211,TRILOK PURI,2026-08-31,36.1,64.54,31.38,43.73,76.21,10,3,4,78736,66.5,1.27,27.03,84.46,Extreme,RED,Activate emergency heat response; expand cooling centres and ambulance readiness; suspend strenuous outdoor work; issue regional alerts and initiate hospital surge protocols.
202,MEETHEYPUR,2026-08-31,35.6,65.67,31.28,43.27,75.54,9,2,4,71714,66.47,1.27,27.03,84.42,Extreme,RED,Activate emergency heat response; expand cooling centres and ambulance readiness; suspend strenuous outdoor work; issue regional alerts and initiate hospital surge protocols.
136,MATIALA,2026-08-31,34.5,67.5,31.02,43.14,73.9,12,1,4,164377,66.43,1.27,27.03,84.37,Extreme,RED,Activate emergency heat response; expand cooling centres and ambulance readiness; suspend strenuous outdoor work; issue regional alerts and initiate hospital surge protocols.
72,MODEL TOWN,2026-08-31,35.3,61.67,31.07,43.32,74.39,11,2,4,82922,66.41,1.27,27.03,84.34,Extreme,RED,Activate emergency heat response; expand cooling centres and ambulance readiness; suspend strenuous outdoor work; issue regional alerts and initiate hospital surge protocols.
107,VISHNU GARDEN,2026-08-31,35.3,60.79,31.11,43.59,74.89,11,1,4,19980,66.39,1.27,27.03,84.32,Extreme,RED,Activate emergency heat response; expand cooling centres and ambulance readiness; suspend strenuous outdoor work; issue regional alerts and initiate hospital surge protocols.
193,SRI NIWASPURI,2026-08-31,36.1,64.54,31.38,43.73,76.21,10,3,4,84575,66.37,1.27,27.03,84.29,Extreme,RED,Activate emergency heat response; expand cooling centres and ambulance readiness; suspend strenuous outdoor work; issue regional alerts and initiate hospital surge protocols.
153,DARYAGANJ,2026-08-31,36.0,63.83,31.27,43.62,75.72,9,2,4,97264,66.36,1.27,27.03,84.28,Extreme,RED,Activate emergency heat response; expand cooling centres and ambulance readiness; suspend strenuous outdoor work; issue regional alerts and initiate hospital surge protocols.
68,ASHOK VIHAR,2026-08-31,35.3,61.67,31.07,43.32,74.39,11,2,4,66726,66.33,1.27,27.03,84.24,Extreme,RED,Activate emergency heat response; expand cooling centres and ambulance readiness; suspend strenuous outdoor work; issue regional alerts and initiate hospital surge protocols.
84,TURKMAN GATE,2026-08-31,36.0,63.83,31.27,43.62,75.72,9,2,4,9075,66.27,1.27,27.03,84.16,Extreme,RED,Activate emergency heat response; expand cooling centres and ambulance readiness; suspend strenuous outdoor work; issue regional alerts and initiate hospital surge protocols.
12,G.T.B. NAGAR,2026-08-31,35.3,61.67,31.07,43.32,74.39,11,2,4,79466,66.24,1.27,27.03,84.12,Extreme,RED,Activate emergency heat response; expand cooling centres and ambulance readiness; suspend strenuous outdoor work; issue regional alerts and initiate hospital surge protocols.
51,ROHINI EAST,2026-08-31,35.3,61.67,31.07,43.32,74.39,11,2,4,69220,66.06,1.27,27.03,83.9,Extreme,RED,Activate emergency heat response; expand cooling centres and ambulance readiness; suspend strenuous outdoor work; issue regional alerts and initiate hospital surge protocols.
15,SARAI PIPAL THALA,2026-08-31,35.3,61.67,31.07,43.32,74.39,11,2,4,58152,66.06,1.27,27.03,83.9,Extreme,RED,Activate emergency heat response; expand cooling centres and ambulance readiness; suspend strenuous outdoor work; issue regional alerts and initiate hospital surge protocols.
93,BALJIT NAGAR,2026-08-31,35.8,61.42,31.24,43.79,75.8,11,2,4,14013,66.04,1.27,27.03,83.87,Extreme,RED,Activate emergency heat response; expand cooling centres and ambulance readiness; suspend strenuous outdoor work; issue regional alerts and initiate hospital surge protocols.
14,ADARASH  NAGAR,2026-08-31,35.3,61.67,31.07,43.32,74.39,11,2,4,47602,66.03,1.27,27.03,83.86,Extreme,RED,Activate emergency heat response; expand cooling centres and ambulance readiness; suspend strenuous outdoor work; issue regional alerts and initiate hospital surge protocols.
210,DALLOPURA,2026-08-31,36.1,64.54,31.38,43.73,76.21,10,3,4,28096,66.02,1.27,27.03,83.85,Extreme,RED,Activate emergency heat response; expand cooling centres and ambulance readiness; suspend strenuous outdoor work; issue regional alerts and initiate hospital surge protocols.
53,PITAMPURA SOUTH,2026-08-31,35.3,61.67,31.07,43.32,74.39,11,2,4,71058,66.0,1.27,27.03,83.82,Extreme,RED,Activate emergency heat response; expand cooling centres and ambulance readiness; suspend strenuous outdoor work; issue regional alerts and initiate hospital surge protocols.
232,ANARKALI,2026-08-31,36.0,63.83,31.27,43.62,75.72,9,2,4,28612,66.0,1.27,27.03,83.82,Extreme,RED,Activate emergency heat response; expand cooling centres and ambulance readiness; suspend strenuous outdoor work; issue regional alerts and initiate hospital surge protocols.
118,JANAK PURI SOUTH,2026-08-31,35.3,60.79,31.11,43.59,74.89,11,1,4,62974,65.99,1.27,27.03,83.81,Extreme,RED,Activate emergency heat response; expand cooling centres and ambulance readiness; suspend strenuous outdoor work; issue regional alerts and initiate hospital surge protocols.
203,BADAR PUR,2026-08-31,35.6,65.67,31.28,43.27,75.54,9,2,4,62748,65.95,1.27,27.03,83.76,Extreme,RED,Activate emergency heat response; expand cooling centres and ambulance readiness; suspend strenuous outdoor work; issue regional alerts and initiate hospital surge protocols.
57,PASCHIM VIHAR SOUTH,2026-08-31,35.3,60.79,31.11,43.59,74.89,11,1,4,76155,65.95,1.27,27.03,83.76,Extreme,RED,Activate emergency heat response; expand cooling centres and ambulance readiness; suspend strenuous outdoor work; issue regional alerts and initiate hospital surge protocols.
123,VIKAS PURI,2026-08-31,35.3,60.79,31.11,43.59,74.89,11,1,4,53747,65.94,1.27,27.03,83.74,Extreme,RED,Activate emergency heat response; expand cooling centres and ambulance readiness; suspend strenuous outdoor work; issue regional alerts and initiate hospital surge protocols.
115,MAJOR BHUPINDAR SINGH NAGAR,2026-08-31,35.3,60.79,31.11,43.59,74.89,11,1,4,34374,65.91,1.27,27.03,83.71,Extreme,RED,Activate emergency heat response; expand cooling centres and ambulance readiness; suspend strenuous outdoor work; issue regional alerts and initiate hospital surge protocols.
88,QASABPURA,2026-08-31,35.8,61.42,31.24,43.79,75.8,11,2,4,24651,65.9,1.27,27.03,83.69,Extreme,RED,Activate emergency heat response; expand cooling centres and ambulance readiness; suspend strenuous outdoor work; issue regional alerts and initiate hospital surge protocols.
10,TIMAR PUR,2026-08-31,35.2,66.04,31.03,43.17,73.97,9,1,4,107771,65.85,1.27,27.03,83.63,Extreme,RED,Activate emergency heat response; expand cooling centres and ambulance readiness; suspend strenuous outdoor work; issue regional alerts and initiate hospital surge protocols.
80,CHANDNI CHOWK,2026-08-31,36.0,63.83,31.27,43.62,75.72,9,2,4,62665,65.83,1.27,27.03,83.6,Extreme,RED,Activate emergency heat response; expand cooling centres and ambulance readiness; suspend strenuous outdoor work; issue regional alerts and initiate hospital surge protocols.
79,JAMA MASJID,2026-08-31,36.0,63.83,31.27,43.62,75.72,9,2,4,25310,65.83,1.27,27.03,83.6,Extreme,RED,Activate emergency heat response; expand cooling centres and ambulance readiness; suspend strenuous outdoor work; issue regional alerts and initiate hospital surge protocols.
83,BAZAR SITARAM,2026-08-31,36.0,63.83,31.27,43.62,75.72,9,2,4,12637,65.82,1.27,27.03,83.59,Extreme,RED,Activate emergency heat response; expand cooling centres and ambulance readiness; suspend strenuous outdoor work; issue regional alerts and initiate hospital surge protocols.
6,MUKUND PUR,2026-08-31,35.3,61.67,31.07,43.32,74.39,11,2,4,109143,65.79,1.27,27.03,83.55,Extreme,RED,Activate emergency heat response; expand cooling centres and ambulance readiness; suspend strenuous outdoor work; issue regional alerts and initiate hospital surge protocols.
111,HARI NAGAR,2026-08-31,35.3,60.79,31.11,43.59,74.89,11,1,4,64851,65.78,1.27,27.03,83.54,Extreme,RED,Activate emergency heat response; expand cooling centres and ambulance readiness; suspend strenuous outdoor work; issue regional alerts and initiate hospital surge protocols.
67,WAJIRPUR,2026-08-31,35.3,61.67,31.07,43.32,74.39,11,2,4,59221,65.73,1.27,27.03,83.48,Extreme,RED,Activate emergency heat response; expand cooling centres and ambulance readiness; suspend strenuous outdoor work; issue regional alerts and initiate hospital surge protocols.
73,SHASTRI NAGAR,2026-08-31,35.8,61.42,31.24,43.79,75.8,11,2,4,40445,65.72,1.27,27.03,83.46,Extreme,RED,Activate emergency heat response; expand cooling centres and ambulance readiness; suspend strenuous outdoor work; issue regional alerts and initiate hospital surge protocols.
64,SHAKUR PUR,2026-08-31,35.3,61.67,31.07,43.32,74.39,11,2,4,36487,65.65,1.27,27.03,83.38,Extreme,RED,Activate emergency heat response; expand cooling centres and ambulance readiness; suspend strenuous outdoor work; issue regional alerts and initiate hospital surge protocols.
77,KASHMERE GATE,2026-08-31,36.0,63.83,31.27,43.62,75.72,9,2,4,71733,65.64,1.27,27.03,83.36,Extreme,RED,Activate emergency heat response; expand cooling centres and ambulance readiness; suspend strenuous outdoor work; issue regional alerts and initiate hospital surge protocols.
112,SUBHASH NAGAR,2026-08-31,35.3,60.79,31.11,43.59,74.89,11,1,4,43922,65.64,1.27,27.03,83.36,Extreme,RED,Activate emergency heat response; expand cooling centres and ambulance readiness; suspend strenuous outdoor work; issue regional alerts and initiate hospital surge protocols.
32,NILOTHI,2026-08-31,35.3,60.79,31.11,43.59,74.89,11,1,4,86141,65.6,1.27,27.03,83.31,Extreme,RED,Activate emergency heat response; expand cooling centres and ambulance readiness; suspend strenuous outdoor work; issue regional alerts and initiate hospital surge protocols.
17,SAMAYPUR BADLI,2026-08-31,35.3,61.67,31.07,43.32,74.39,11,2,4,78699,65.59,1.27,27.03,83.3,Extreme,RED,Activate emergency heat response; expand cooling centres and ambulance readiness; suspend strenuous outdoor work; issue regional alerts and initiate hospital surge protocols.
126,NAWADA,2026-08-31,35.3,60.79,31.11,43.59,74.89,11,1,4,29570,65.59,1.27,27.03,83.3,Extreme,RED,Activate emergency heat response; expand cooling centres and ambulance readiness; suspend strenuous outdoor work; issue regional alerts and initiate hospital surge protocols.
30,MUNDAKA,2026-08-31,33.9,69.33,31.08,42.89,73.94,10,1,4,427596,65.54,1.27,27.03,83.24,Extreme,RED,Activate emergency heat response; expand cooling centres and ambulance readiness; suspend strenuous outdoor work; issue regional alerts and initiate hospital surge protocols.
213,KALYAN PURI,2026-08-31,36.1,64.54,31.38,43.73,76.21,10,3,4,14219,65.54,1.27,27.03,83.24,Extreme,RED,Activate emergency heat response; expand cooling centres and ambulance readiness; suspend strenuous outdoor work; issue regional alerts and initiate hospital surge protocols.
65,NIMRI COLONY,2026-08-31,35.8,61.42,31.24,43.79,75.8,11,2,4,35581,65.53,1.27,27.03,83.22,Extreme,RED,Activate emergency heat response; expand cooling centres and ambulance readiness; suspend strenuous outdoor work; issue regional alerts and initiate hospital surge protocols.
16,JAHANGIRPURI-I,2026-08-31,35.3,61.67,31.07,43.32,74.39,11,2,4,22508,65.51,1.27,27.03,83.2,Extreme,RED,Activate emergency heat response; expand cooling centres and ambulance readiness; suspend strenuous outdoor work; issue regional alerts and initiate hospital surge protocols.
119,MILAP NAGAR,2026-08-31,35.3,60.79,31.11,43.59,74.89,11,1,4,45204,65.51,1.27,27.03,83.2,Extreme,RED,Activate emergency heat response; expand cooling centres and ambulance readiness; suspend strenuous outdoor work; issue regional alerts and initiate hospital surge protocols.
135,KAKRAULA,2026-08-31,34.0,69.92,31.08,42.92,73.98,10,1,4,135553,65.48,1.27,27.03,83.16,Extreme,RED,Activate emergency heat response; expand cooling centres and ambulance readiness; suspend strenuous outdoor work; issue regional alerts and initiate hospital surge protocols.
95,EAST PATEL NAGAR,2026-08-31,35.8,61.42,31.24,43.79,75.8,11,2,4,55276,65.47,1.27,27.03,83.15,Extreme,RED,Activate emergency heat response; expand cooling centres and ambulance readiness; suspend strenuous outdoor work; issue regional alerts and initiate hospital surge protocols.
76,DEPUTY GANJ,2026-08-31,35.8,61.42,31.24,43.79,75.8,11,2,4,30918,65.45,1.27,27.03,83.12,Extreme,RED,Activate emergency heat response; expand cooling centres and ambulance readiness; suspend strenuous outdoor work; issue regional alerts and initiate hospital surge protocols.
66,SAWAN PARK,2026-08-31,35.3,61.67,31.07,43.32,74.39,11,2,4,65455,65.43,1.27,27.03,83.1,Extreme,RED,Activate emergency heat response; expand cooling centres and ambulance readiness; suspend strenuous outdoor work; issue regional alerts and initiate hospital surge protocols.
70,RANA PRATAP BAGH,2026-08-31,35.8,61.42,31.24,43.79,75.8,11,2,4,37260,65.42,1.27,27.03,83.08,Extreme,RED,Activate emergency heat response; expand cooling centres and ambulance readiness; suspend strenuous outdoor work; issue regional alerts and initiate hospital surge protocols.
69,KAMLA NAGAR,2026-08-31,35.8,61.42,31.24,43.79,75.8,11,2,4,55099,65.39,1.27,27.03,83.05,Extreme,RED,Activate emergency heat response; expand cooling centres and ambulance readiness; suspend strenuous outdoor work; issue regional alerts and initiate hospital surge protocols.
192,GREATER KAILASH-I,2026-08-31,36.1,64.54,31.38,43.73,76.21,10,3,4,66868,65.36,1.27,27.03,83.01,Extreme,RED,Activate emergency heat response; expand cooling centres and ambulance readiness; suspend strenuous outdoor work; issue regional alerts and initiate hospital surge protocols.
21,ROHINI,2026-08-31,35.3,61.67,31.07,43.32,74.39,11,2,4,96850,65.35,1.27,27.03,82.99,Extreme,RED,Activate emergency heat response; expand cooling centres and ambulance readiness; suspend strenuous outdoor work; issue regional alerts and initiate hospital surge protocols.
204,MOLARBAND,2026-08-31,35.6,65.67,31.28,43.27,75.54,9,2,4,39412,65.31,1.27,27.03,82.94,Extreme,RED,Activate emergency heat response; expand cooling centres and ambulance readiness; suspend strenuous outdoor work; issue regional alerts and initiate hospital surge protocols.
139,DICHAON KALAN,2026-08-31,33.9,69.33,31.08,42.89,73.94,10,1,4,193542,65.24,1.27,27.03,82.85,Extreme,RED,Activate emergency heat response; expand cooling centres and ambulance readiness; suspend strenuous outdoor work; issue regional alerts and initiate hospital surge protocols.
196,KALKAJI,2026-08-31,36.1,64.54,31.38,43.73,76.21,10,3,4,31255,65.24,1.27,27.03,82.85,Extreme,RED,Activate emergency heat response; expand cooling centres and ambulance readiness; suspend strenuous outdoor work; issue regional alerts and initiate hospital surge protocols.
23,BUDH VIHAR,2026-08-31,34.2,67.88,31.01,42.79,73.48,12,1,4,67994,65.23,1.27,27.03,82.84,Extreme,RED,Activate emergency heat response; expand cooling centres and ambulance readiness; suspend strenuous outdoor work; issue regional alerts and initiate hospital surge protocols.
164,HAUZ KHAS,2026-08-31,35.4,65.17,31.25,43.6,75.63,12,2,4,52906,65.19,1.27,27.03,82.79,Extreme,RED,Activate emergency heat response; expand cooling centres and ambulance readiness; suspend strenuous outdoor work; issue regional alerts and initiate hospital surge protocols.
102,RAGHUBIR NAGAR,2026-08-31,35.3,60.79,31.11,43.59,74.89,11,1,4,21070,65.14,1.27,27.03,82.73,Extreme,RED,Activate emergency heat response; expand cooling centres and ambulance readiness; suspend strenuous outdoor work; issue regional alerts and initiate hospital surge protocols.
133,CHHAWLA,2026-08-31,34.0,69.92,31.08,42.92,73.98,10,1,4,205529,65.1,1.27,27.03,82.68,Extreme,RED,Activate emergency heat response; expand cooling centres and ambulance readiness; suspend strenuous outdoor work; issue regional alerts and initiate hospital surge protocols.
49,ROHINI NORTH,2026-08-31,35.3,61.67,31.07,43.32,74.39,11,2,4,77483,65.09,1.27,27.03,82.66,Extreme,RED,Activate emergency heat response; expand cooling centres and ambulance readiness; suspend strenuous outdoor work; issue regional alerts and initiate hospital surge protocols.
22,RITHALA,2026-08-31,35.3,61.67,31.07,43.32,74.39,11,2,4,57136,65.04,1.27,27.03,82.6,Extreme,RED,Activate emergency heat response; expand cooling centres and ambulance readiness; suspend strenuous outdoor work; issue regional alerts and initiate hospital surge protocols.
43,NANGLOI EAST,2026-08-31,35.3,60.79,31.11,43.59,74.89,11,1,4,59392,65.04,1.27,27.03,82.6,Extreme,RED,Activate emergency heat response; expand cooling centres and ambulance readiness; suspend strenuous outdoor work; issue regional alerts and initiate hospital surge protocols.
11,MUKHERJEE NAGAR,2026-08-31,35.2,66.04,31.03,43.17,73.97,9,1,4,68958,65.02,1.27,27.03,82.58,Extreme,RED,Activate emergency heat response; expand cooling centres and ambulance readiness; suspend strenuous outdoor work; issue regional alerts and initiate hospital surge protocols.
134,NANGLI SAKRAVATI,2026-08-31,34.0,69.92,31.08,42.92,73.98,10,1,4,153186,65.0,1.27,27.03,82.55,Extreme,RED,Activate emergency heat response; expand cooling centres and ambulance readiness; suspend strenuous outdoor work; issue regional alerts and initiate hospital surge protocols.
154,NIZAMUDDIN,2026-08-31,36.1,64.54,31.38,43.73,76.21,10,3,4,84260,64.93,1.27,27.03,82.46,Extreme,RED,Activate emergency heat response; expand cooling centres and ambulance readiness; suspend strenuous outdoor work; issue regional alerts and initiate hospital surge protocols.
41,GURU HARKISHAN NAGAR,2026-08-31,35.3,60.79,31.11,43.59,74.89,11,1,4,62861,64.89,1.27,27.03,82.41,Extreme,RED,Activate emergency heat response; expand cooling centres and ambulance readiness; suspend strenuous outdoor work; issue regional alerts and initiate hospital surge protocols.
75,KISHAN GANJ,2026-08-31,35.8,61.42,31.24,43.79,75.8,11,2,4,31228,64.89,1.27,27.03,82.41,Extreme,RED,Activate emergency heat response; expand cooling centres and ambulance readiness; suspend strenuous outdoor work; issue regional alerts and initiate hospital surge protocols.
58,PASCHIM VIHAR NORTH,2026-08-31,35.3,60.79,31.11,43.59,74.89,11,1,4,53340,64.87,1.27,27.03,82.38,Extreme,RED,Activate emergency heat response; expand cooling centres and ambulance readiness; suspend strenuous outdoor work; issue regional alerts and initiate hospital surge protocols.
92,DEV NAGAR,2026-08-31,35.8,61.42,31.24,43.79,75.8,11,2,4,20879,64.84,1.27,27.03,82.35,Extreme,RED,Activate emergency heat response; expand cooling centres and ambulance readiness; suspend strenuous outdoor work; issue regional alerts and initiate hospital surge protocols.
206,OKHLA,2026-08-31,36.1,64.54,31.38,43.73,76.21,10,3,4,60364,64.82,1.27,27.03,82.32,Extreme,RED,Activate emergency heat response; expand cooling centres and ambulance readiness; suspend strenuous outdoor work; issue regional alerts and initiate hospital surge protocols.
82,KUCHA PANDIT,2026-08-31,36.0,63.83,31.27,43.62,75.72,9,2,4,10044,64.82,1.27,27.03,82.32,Extreme,RED,Activate emergency heat response; expand cooling centres and ambulance readiness; suspend strenuous outdoor work; issue regional alerts and initiate hospital surge protocols.
24,VIJAY VIHAR,2026-08-31,34.2,67.88,31.01,42.79,73.48,12,1,4,62025,64.81,1.27,27.03,82.31,Extreme,RED,Activate emergency heat response; expand cooling centres and ambulance readiness; suspend strenuous outdoor work; issue regional alerts and initiate hospital surge protocols.
110,NANGAL RAYA,2026-08-31,34.5,67.5,31.02,43.14,73.9,12,1,4,64207,64.77,1.27,27.03,82.26,Extreme,RED,Activate emergency heat response; expand cooling centres and ambulance readiness; suspend strenuous outdoor work; issue regional alerts and initiate hospital surge protocols.
54,PITAMPUR NORTH,2026-08-31,35.3,61.67,31.07,43.32,74.39,11,2,4,61194,64.74,1.27,27.03,82.22,Extreme,RED,Activate emergency heat response; expand cooling centres and ambulance readiness; suspend strenuous outdoor work; issue regional alerts and initiate hospital surge protocols.
52,NAHARPUR,2026-08-31,35.3,61.67,31.07,43.32,74.39,11,2,4,36819,64.74,1.27,27.03,82.22,Extreme,RED,Activate emergency heat response; expand cooling centres and ambulance readiness; suspend strenuous outdoor work; issue regional alerts and initiate hospital surge protocols.
140,KHERA,2026-08-31,34.2,67.67,31.01,42.84,73.55,10,1,4,254249,64.72,1.27,27.03,82.19,Extreme,RED,Activate emergency heat response; expand cooling centres and ambulance readiness; suspend strenuous outdoor work; issue regional alerts and initiate hospital surge protocols.
42,PERAGHARHI,2026-08-31,35.3,60.79,31.11,43.59,74.89,11,1,4,47249,64.71,1.27,27.03,82.18,Extreme,RED,Activate emergency heat response; expand cooling centres and ambulance readiness; suspend strenuous outdoor work; issue regional alerts and initiate hospital surge protocols.
207,MADANPUR KHADAR,2026-08-31,35.6,65.67,31.28,43.27,75.54,9,2,4,92916,64.7,1.27,27.03,82.17,Extreme,RED,Activate emergency heat response; expand cooling centres and ambulance readiness; suspend strenuous outdoor work; issue regional alerts and initiate hospital surge protocols.
125,MOHAN GARDEN,2026-08-31,35.3,60.79,31.11,43.59,74.89,11,1,4,45325,64.68,1.27,27.03,82.14,Extreme,RED,Activate emergency heat response; expand cooling centres and ambulance readiness; suspend strenuous outdoor work; issue regional alerts and initiate hospital surge protocols.
159,ANDREWSGANJ,2026-08-31,35.4,65.17,31.25,43.6,75.63,12,2,4,61051,64.65,1.27,27.03,82.11,Extreme,RED,Activate emergency heat response; expand cooling centres and ambulance readiness; suspend strenuous outdoor work; issue regional alerts and initiate hospital surge protocols.
55,SHALIMAR BAGH NORTH,2026-08-31,35.3,61.67,31.07,43.32,74.39,11,2,4,55925,64.59,1.27,27.03,82.03,Extreme,RED,Activate emergency heat response; expand cooling centres and ambulance readiness; suspend strenuous outdoor work; issue regional alerts and initiate hospital surge protocols.
50,ROHINI CENTRAL,2026-08-31,35.3,61.67,31.07,43.32,74.39,11,2,4,67543,64.58,1.27,27.03,82.02,Extreme,RED,Activate emergency heat response; expand cooling centres and ambulance readiness; suspend strenuous outdoor work; issue regional alerts and initiate hospital surge protocols.
20,JAHANGIR PURI -II,2026-08-31,35.3,61.67,31.07,43.32,74.39,11,2,4,24373,64.55,1.27,27.03,81.98,Extreme,RED,Activate emergency heat response; expand cooling centres and ambulance readiness; suspend strenuous outdoor work; issue regional alerts and initiate hospital surge protocols.
194,EAST OF KAILASH,2026-08-31,36.1,64.54,31.38,43.73,76.21,10,3,4,48345,64.52,1.27,27.03,81.94,Extreme,RED,Activate emergency heat response; expand cooling centres and ambulance readiness; suspend strenuous outdoor work; issue regional alerts and initiate hospital surge protocols.
155,LAJPAT NAGAR,2026-08-31,36.1,64.54,31.38,43.73,76.21,10,3,4,35234,64.5,1.27,27.03,81.92,Extreme,RED,Activate emergency heat response; expand cooling centres and ambulance readiness; suspend strenuous outdoor work; issue regional alerts and initiate hospital surge protocols.
71,SANGAM PARK,2026-08-31,35.3,61.67,31.07,43.32,74.39,11,2,4,31864,64.5,1.27,27.03,81.92,Extreme,RED,Activate emergency heat response; expand cooling centres and ambulance readiness; suspend strenuous outdoor work; issue regional alerts and initiate hospital surge protocols.
160,AMAR COLONY,2026-08-31,36.1,64.54,31.38,43.73,76.21,10,3,4,35235,64.38,1.27,27.03,81.76,Extreme,RED,Activate emergency heat response; expand cooling centres and ambulance readiness; suspend strenuous outdoor work; issue regional alerts and initiate hospital surge protocols.
127,UTTAM NAGAR,2026-08-31,35.3,60.79,31.11,43.59,74.89,11,1,4,23410,64.37,1.27,27.03,81.75,Extreme,RED,Activate emergency heat response; expand cooling centres and ambulance readiness; suspend strenuous outdoor work; issue regional alerts and initiate hospital surge protocols.
87,RAM NAGAR,2026-08-31,35.8,61.42,31.24,43.79,75.8,11,2,4,11097,64.28,1.27,27.03,81.64,Extreme,RED,Activate emergency heat response; expand cooling centres and ambulance readiness; suspend strenuous outdoor work; issue regional alerts and initiate hospital surge protocols.
201,JAITPUR,2026-08-31,35.6,65.67,31.28,43.27,75.54,9,2,4,60096,64.26,1.27,27.03,81.61,Extreme,RED,Activate emergency heat response; expand cooling centres and ambulance readiness; suspend strenuous outdoor work; issue regional alerts and initiate hospital surge protocols.
29,KARALA,2026-08-30,34.4,70.58,31.46,43.3,76.4,12,3,3,256007,67.49,1.209,20.87,81.6,Extreme,RED,Activate emergency heat response; expand cooling centres and ambulance readiness; suspend strenuous outdoor work; issue regional alerts and initiate hospital surge protocols.
85,IDGAH ROAD,2026-08-31,35.8,61.42,31.24,43.79,75.8,11,2,4,18860,64.19,1.27,27.03,81.52,Extreme,RED,Activate emergency heat response; expand cooling centres and ambulance readiness; suspend strenuous outdoor work; issue regional alerts and initiate hospital surge protocols.
34,NITHARI,2026-08-31,34.2,67.88,31.01,42.79,73.48,12,1,4,98257,64.18,1.27,27.03,81.51,Extreme,RED,Activate emergency heat response; expand cooling centres and ambulance readiness; suspend strenuous outdoor work; issue regional alerts and initiate hospital surge protocols.
157,KASTURBA NAGAR,2026-08-31,35.4,65.17,31.25,43.6,75.63,12,2,4,52550,64.18,1.27,27.03,81.51,Extreme,RED,Activate emergency heat response; expand cooling centres and ambulance readiness; suspend strenuous outdoor work; issue regional alerts and initiate hospital surge protocols.
35,KIRARI SULEMAN NAGAR,2026-08-31,34.2,67.88,31.01,42.79,73.48,12,1,4,70620,64.15,1.27,27.03,81.47,Extreme,RED,Activate emergency heat response; expand cooling centres and ambulance readiness; suspend strenuous outdoor work; issue regional alerts and initiate hospital surge protocols.
78,MAJNU KA TILA,2026-08-31,35.2,66.04,31.03,43.17,73.97,9,1,4,74123,64.13,1.27,27.03,81.45,Extreme,RED,Activate emergency heat response; expand cooling centres and ambulance readiness; suspend strenuous outdoor work; issue regional alerts and initiate hospital surge protocols.
89,PAHAR GANJ,2026-08-31,35.8,61.42,31.24,43.79,75.8,11,2,4,23552,64.09,1.27,27.03,81.39,Extreme,RED,Activate emergency heat response; expand cooling centres and ambulance readiness; suspend strenuous outdoor work; issue regional alerts and initiate hospital surge protocols.
156,BHOGAL,2026-08-31,36.1,64.54,31.38,43.73,76.21,10,3,4,26814,64.07,1.27,27.03,81.37,Extreme,RED,Activate emergency heat response; expand cooling centres and ambulance readiness; suspend strenuous outdoor work; issue regional alerts and initiate hospital surge protocols.
8,JHARODA,2026-08-31,35.2,66.04,31.03,43.17,73.97,9,1,4,118845,64.07,1.27,27.03,81.37,Extreme,RED,Activate emergency heat response; expand cooling centres and ambulance readiness; suspend strenuous outdoor work; issue regional alerts and initiate hospital surge protocols.
46,MANGOLPURI  EAST,2026-08-31,34.2,67.88,31.01,42.79,73.48,12,1,4,28830,63.97,1.27,27.03,81.24,Extreme,RED,Activate emergency heat response; expand cooling centres and ambulance readiness; suspend strenuous outdoor work; issue regional alerts and initiate hospital surge protocols.
47,MANGOLPURI,2026-08-31,34.2,67.88,31.01,42.79,73.48,12,1,4,28179,63.94,1.27,27.03,81.2,Extreme,RED,Activate emergency heat response; expand cooling centres and ambulance readiness; suspend strenuous outdoor work; issue regional alerts and initiate hospital surge protocols.
195,GOVIND PURI,2026-08-31,35.6,65.67,31.28,43.27,75.54,9,2,4,13250,63.91,1.27,27.03,81.17,Extreme,RED,Activate emergency heat response; expand cooling centres and ambulance readiness; suspend strenuous outdoor work; issue regional alerts and initiate hospital surge protocols.
150,PUSA,2026-08-31,35.8,61.42,31.24,43.79,75.8,11,2,4,79752,63.88,1.27,27.03,81.13,Extreme,RED,Activate emergency heat response; expand cooling centres and ambulance readiness; suspend strenuous outdoor work; issue regional alerts and initiate hospital surge protocols.
39,SULTANPUR MAJRA,2026-08-31,34.2,67.88,31.01,42.79,73.48,12,1,4,22268,63.86,1.27,27.03,81.1,Extreme,RED,Activate emergency heat response; expand cooling centres and ambulance readiness; suspend strenuous outdoor work; issue regional alerts and initiate hospital surge protocols.
48,MANGOLPURI  WEST,2026-08-31,34.2,67.88,31.01,42.79,73.48,12,1,4,41840,63.85,1.27,27.03,81.09,Extreme,RED,Activate emergency heat response; expand cooling centres and ambulance readiness; suspend strenuous outdoor work; issue regional alerts and initiate hospital surge protocols.
86,BALLIMARAN,2026-08-31,36.0,63.83,31.27,43.62,75.72,9,2,4,12490,63.76,1.27,27.03,80.98,Extreme,RED,Activate emergency heat response; expand cooling centres and ambulance readiness; suspend strenuous outdoor work; issue regional alerts and initiate hospital surge protocols.
130,MANGLAPURI,2026-08-31,34.5,67.5,31.02,43.14,73.9,12,1,4,55684,63.76,1.27,27.03,80.98,Extreme,RED,Activate emergency heat response; expand cooling centres and ambulance readiness; suspend strenuous outdoor work; issue regional alerts and initiate hospital surge protocols.
104,MADIPUR,2026-08-31,35.3,60.79,31.11,43.59,74.89,11,1,4,15583,63.74,1.27,27.03,80.95,Extreme,RED,Activate emergency heat response; expand cooling centres and ambulance readiness; suspend strenuous outdoor work; issue regional alerts and initiate hospital surge protocols.
27,BEGUMPUR,2026-08-30,34.0,72.21,31.45,42.96,75.96,13,3,3,218725,66.85,1.209,20.87,80.82,Extreme,RED,Activate emergency heat response; expand cooling centres and ambulance readiness; suspend strenuous outdoor work; issue regional alerts and initiate hospital surge protocols.
28,BAWANA,2026-08-30,34.0,72.21,31.45,42.96,75.96,13,3,3,203777,66.85,1.209,20.87,80.82,Extreme,RED,Activate emergency heat response; expand cooling centres and ambulance readiness; suspend strenuous outdoor work; issue regional alerts and initiate hospital surge protocols.
9,MALKAGANJ,2026-08-31,35.8,61.42,31.24,43.79,75.8,11,2,4,20497,63.61,1.27,27.03,80.78,Extreme,RED,Activate emergency heat response; expand cooling centres and ambulance readiness; suspend strenuous outdoor work; issue regional alerts and initiate hospital surge protocols.
205,ZAKIR NAGAR,2026-08-31,36.1,64.54,31.38,43.73,76.21,10,3,4,38929,63.6,1.27,27.03,80.77,Extreme,RED,Activate emergency heat response; expand cooling centres and ambulance readiness; suspend strenuous outdoor work; issue regional alerts and initiate hospital surge protocols.
240,DILSHAD COLONY,2026-08-30,34.1,73.88,31.0,42.34,72.98,13,1,3,46202,66.81,1.209,20.87,80.77,Extreme,RED,Activate emergency heat response; expand cooling centres and ambulance readiness; suspend strenuous outdoor work; issue regional alerts and initiate hospital surge protocols.
163,SAFDARJANG ENCLAVE,2026-08-31,35.4,65.17,31.25,43.6,75.63,12,2,4,51880,63.6,1.27,27.03,80.77,Extreme,RED,Activate emergency heat response; expand cooling centres and ambulance readiness; suspend strenuous outdoor work; issue regional alerts and initiate hospital surge protocols.
128,BINDAPUR,2026-08-31,35.3,60.79,31.11,43.59,74.89,11,1,4,39724,63.57,1.27,27.03,80.73,Extreme,RED,Activate emergency heat response; expand cooling centres and ambulance readiness; suspend strenuous outdoor work; issue regional alerts and initiate hospital surge protocols.
NDMC_3,NDMC CHARGE 3,2026-08-31,35.8,61.42,31.24,43.79,75.8,11,2,4,72365,63.52,1.27,27.03,80.67,Extreme,RED,Activate emergency heat response; expand cooling centres and ambulance readiness; suspend strenuous outdoor work; issue regional alerts and initiate hospital surge protocols.
37,SULTANPURI  EAST,2026-08-31,34.2,67.88,31.01,42.79,73.48,12,1,4,24767,63.48,1.27,27.03,80.62,Extreme,RED,Activate emergency heat response; expand cooling centres and ambulance readiness; suspend strenuous outdoor work; issue regional alerts and initiate hospital surge protocols.
138,NAJAFGARH,2026-08-31,33.9,69.33,31.08,42.89,73.94,10,1,4,45639,63.42,1.27,27.03,80.54,Extreme,RED,Activate emergency heat response; expand cooling centres and ambulance readiness; suspend strenuous outdoor work; issue regional alerts and initiate hospital surge protocols.
147,MAHAVIR ENCLAVE,2026-08-31,34.5,67.5,31.02,43.14,73.9,12,1,4,50586,63.4,1.27,27.03,80.52,Extreme,RED,Activate emergency heat response; expand cooling centres and ambulance readiness; suspend strenuous outdoor work; issue regional alerts and initiate hospital surge protocols.
143,KAPASHERA,2026-08-31,34.5,67.5,31.02,43.14,73.9,12,1,4,119918,63.37,1.27,27.03,80.48,Extreme,RED,Activate emergency heat response; expand cooling centres and ambulance readiness; suspend strenuous outdoor work; issue regional alerts and initiate hospital surge protocols.
96,NEW RANJIT NAGAR,2026-08-31,35.8,61.42,31.24,43.79,75.8,11,2,4,16269,63.23,1.27,27.03,80.3,Extreme,RED,Activate emergency heat response; expand cooling centres and ambulance readiness; suspend strenuous outdoor work; issue regional alerts and initiate hospital surge protocols.
141,BIJWASAN,2026-08-31,34.5,67.5,31.02,43.14,73.9,12,1,4,117056,63.22,1.27,27.03,80.29,Extreme,RED,Activate emergency heat response; expand cooling centres and ambulance readiness; suspend strenuous outdoor work; issue regional alerts and initiate hospital surge protocols.
40,SULTANPURI  SOUTH,2026-08-31,34.2,67.88,31.01,42.79,73.48,12,1,4,24749,63.22,1.27,27.03,80.29,Extreme,RED,Activate emergency heat response; expand cooling centres and ambulance readiness; suspend strenuous outdoor work; issue regional alerts and initiate hospital surge protocols.
242,NEW SEEMA PURI,2026-08-30,34.1,73.88,31.0,42.34,72.98,13,1,3,44258,66.4,1.209,20.87,80.28,Extreme,RED,Activate emergency heat response; expand cooling centres and ambulance readiness; suspend strenuous outdoor work; issue regional alerts and initiate hospital surge protocols.
148,MADHU VIHAR,2026-08-31,35.3,60.79,31.11,43.59,74.89,11,1,4,25860,63.14,1.27,27.03,80.19,Extreme,RED,Activate emergency heat response; expand cooling centres and ambulance readiness; suspend strenuous outdoor work; issue regional alerts and initiate hospital surge protocols.
188,SANGAM VIHAR EAST,2026-08-31,35.6,65.67,31.28,43.27,75.54,9,2,4,52114,63.14,1.27,27.03,80.19,Extreme,RED,Activate emergency heat response; expand cooling centres and ambulance readiness; suspend strenuous outdoor work; issue regional alerts and initiate hospital surge protocols.
152,NARAINA,2026-08-31,35.8,61.42,31.24,43.79,75.8,11,2,4,29587,63.12,1.27,27.03,80.16,Extreme,RED,Activate emergency heat response; expand cooling centres and ambulance readiness; suspend strenuous outdoor work; issue regional alerts and initiate hospital surge protocols.
2,BANKNER,2026-09-01,32.4,79.12,31.09,41.62,72.5,6,1,5,69283,60.17,1.332,33.2,80.15,Extreme,RED,Activate emergency heat response; expand cooling centres and ambulance readiness; suspend strenuous outdoor work; issue regional alerts and initiate hospital surge protocols.
18,LIBAS PUR,2026-08-30,33.9,71.25,31.32,42.63,74.95,14,3,3,113099,66.29,1.209,20.87,80.14,Extreme,RED,Activate emergency heat response; expand cooling centres and ambulance readiness; suspend strenuous outdoor work; issue regional alerts and initiate hospital surge protocols.
264,HARSH VIHAR,2026-08-30,34.1,73.88,31.0,42.34,72.98,13,1,3,88252,66.26,1.209,20.87,80.11,Extreme,RED,Activate emergency heat response; expand cooling centres and ambulance readiness; suspend strenuous outdoor work; issue regional alerts and initiate hospital surge protocols.
26,SAHIBABAD DAULAT PUR,2026-08-31,34.2,67.88,31.01,42.79,73.48,12,1,4,108476,63.02,1.27,27.03,80.04,Extreme,RED,Activate emergency heat response; expand cooling centres and ambulance readiness; suspend strenuous outdoor work; issue regional alerts and initiate hospital surge protocols.
81,MINTO ROAD,2026-08-31,36.0,63.83,31.27,43.62,75.72,9,2,4,35684,63.02,1.27,27.03,80.04,Extreme,RED,Activate emergency heat response; expand cooling centres and ambulance readiness; suspend strenuous outdoor work; issue regional alerts and initiate hospital surge protocols.
CANT_2,DELHI CANTT CHARGE 2,2026-08-31,35.8,61.42,31.24,43.79,75.8,11,2,4,63415,63.01,1.27,27.03,80.02,Extreme,RED,Activate emergency heat response; expand cooling centres and ambulance readiness; suspend strenuous outdoor work; issue regional alerts and initiate hospital surge protocols.
145,PALAM,2026-08-31,34.5,67.5,31.02,43.14,73.9,12,1,4,51749,62.86,1.27,27.03,79.83,Extreme,RED,Activate emergency heat response; expand cooling centres and ambulance readiness; suspend strenuous outdoor work; issue regional alerts and initiate hospital surge protocols.
NDMC_7,NDMC CHARGE 7,2026-08-31,35.4,65.17,31.25,43.6,75.63,12,2,4,38635,62.83,1.27,27.03,79.79,Extreme,RED,Activate emergency heat response; expand cooling centres and ambulance readiness; suspend strenuous outdoor work; issue regional alerts and initiate hospital surge protocols.
129,DABRI,2026-08-31,34.5,67.5,31.02,43.14,73.9,12,1,4,32227,62.82,1.27,27.03,79.78,Extreme,RED,Activate emergency heat response; expand cooling centres and ambulance readiness; suspend strenuous outdoor work; issue regional alerts and initiate hospital surge protocols.
38,MANGOL PURI  NORTH,2026-08-31,34.2,67.88,31.01,42.79,73.48,12,1,4,16478,62.79,1.27,27.03,79.74,Extreme,RED,Activate emergency heat response; expand cooling centres and ambulance readiness; suspend strenuous outdoor work; issue regional alerts and initiate hospital surge protocols.
3,ALIPUR,2026-08-30,33.9,71.25,31.32,42.63,74.95,14,3,3,211386,65.95,1.209,20.87,79.73,Extreme,RED,Activate emergency heat response; expand cooling centres and ambulance readiness; suspend strenuous outdoor work; issue regional alerts and initiate hospital surge protocols.
CANT_6,DELHI CANTT CHARGE 6,2026-08-31,34.5,67.5,31.02,43.14,73.9,12,1,4,99172,62.72,1.27,27.03,79.65,Extreme,RED,Activate emergency heat response; expand cooling centres and ambulance readiness; suspend strenuous outdoor work; issue regional alerts and initiate hospital surge protocols.
5,BHALASWA JAHAGIR PUR,2026-08-30,33.9,71.25,31.32,42.63,74.95,14,3,3,137313,65.83,1.209,20.87,79.59,Extreme,RED,Activate emergency heat response; expand cooling centres and ambulance readiness; suspend strenuous outdoor work; issue regional alerts and initiate hospital surge protocols.
168,NANAK PURA,2026-08-31,35.4,65.17,31.25,43.6,75.63,12,2,4,37313,62.58,1.27,27.03,79.48,Extreme,RED,Activate emergency heat response; expand cooling centres and ambulance readiness; suspend strenuous outdoor work; issue regional alerts and initiate hospital surge protocols.
158,KOTLA MUBARAKPUR,2026-08-31,35.4,65.17,31.25,43.6,75.63,12,2,4,21090,62.58,1.27,27.03,79.48,Extreme,RED,Activate emergency heat response; expand cooling centres and ambulance readiness; suspend strenuous outdoor work; issue regional alerts and initiate hospital surge protocols.
244,SUNDER NAGARI,2026-08-30,34.1,73.88,31.0,42.34,72.98,13,1,3,44035,65.7,1.209,20.87,79.43,Extreme,RED,Activate emergency heat response; expand cooling centres and ambulance readiness; suspend strenuous outdoor work; issue regional alerts and initiate hospital surge protocols.
120,SITA PURI,2026-08-31,34.5,67.5,31.02,43.14,73.9,12,1,4,18665,62.5,1.27,27.03,79.38,Extreme,RED,Activate emergency heat response; expand cooling centres and ambulance readiness; suspend strenuous outdoor work; issue regional alerts and initiate hospital surge protocols.
33,PREM NAGAR,2026-08-31,34.2,67.88,31.01,42.79,73.48,12,1,4,19595,62.33,1.27,27.03,79.16,Extreme,RED,Activate emergency heat response; expand cooling centres and ambulance readiness; suspend strenuous outdoor work; issue regional alerts and initiate hospital surge protocols.
167,R. K. PURAM,2026-08-31,35.4,65.17,31.25,43.6,75.63,12,2,4,28040,62.3,1.27,27.03,79.12,Extreme,RED,Activate emergency heat response; expand cooling centres and ambulance readiness; suspend strenuous outdoor work; issue regional alerts and initiate hospital surge protocols.
NDMC_9,NDMC CHARGE 9,2026-08-31,35.4,65.17,31.25,43.6,75.63,12,2,4,55901,62.22,1.27,27.03,79.02,Extreme,RED,Activate emergency heat response; expand cooling centres and ambulance readiness; suspend strenuous outdoor work; issue regional alerts and initiate hospital surge protocols.
CANT_4,DELHI CANTT CHARGE 4,2026-08-31,35.4,65.17,31.25,43.6,75.63,12,2,4,51468,62.2,1.27,27.03,78.99,Extreme,RED,Activate emergency heat response; expand cooling centres and ambulance readiness; suspend strenuous outdoor work; issue regional alerts and initiate hospital surge protocols.
165,VASANT VIHAR,2026-08-31,35.4,65.17,31.25,43.6,75.63,12,2,4,44253,62.18,1.27,27.03,78.97,Extreme,RED,Activate emergency heat response; expand cooling centres and ambulance readiness; suspend strenuous outdoor work; issue regional alerts and initiate hospital surge protocols.
198,PUL PEHLAD,2026-08-31,35.6,65.67,31.28,43.27,75.54,9,2,4,32332,62.18,1.27,27.03,78.97,Extreme,RED,Activate emergency heat response; expand cooling centres and ambulance readiness; suspend strenuous outdoor work; issue regional alerts and initiate hospital surge protocols.
31,NANGLOI JAT WEST,2026-08-31,34.2,67.88,31.01,42.79,73.48,12,1,4,37101,62.08,1.27,27.03,78.84,Extreme,RED,Activate emergency heat response; expand cooling centres and ambulance readiness; suspend strenuous outdoor work; issue regional alerts and initiate hospital surge protocols.
NDMC_2,NDMC CHARGE 2,2026-08-31,35.8,61.42,31.24,43.79,75.8,11,2,4,20675,61.98,1.27,27.03,78.71,Extreme,RED,Activate emergency heat response; expand cooling centres and ambulance readiness; suspend strenuous outdoor work; issue regional alerts and initiate hospital surge protocols.
132,SAGARPUR WEST,2026-08-31,34.5,67.5,31.02,43.14,73.9,12,1,4,13506,61.87,1.27,27.03,78.57,Extreme,RED,Activate emergency heat response; expand cooling centres and ambulance readiness; suspend strenuous outdoor work; issue regional alerts and initiate hospital surge protocols.
151,INDER PURI,2026-08-31,35.8,61.42,31.24,43.79,75.8,11,2,4,12591,61.71,1.27,27.03,78.37,Extreme,RED,Activate emergency heat response; expand cooling centres and ambulance readiness; suspend strenuous outdoor work; issue regional alerts and initiate hospital surge protocols.
CANT_1,DELHI CANTT CHARGE 1,2026-08-31,35.8,61.42,31.24,43.79,75.8,11,2,4,14148,61.69,1.27,27.03,78.35,Extreme,RED,Activate emergency heat response; expand cooling centres and ambulance readiness; suspend strenuous outdoor work; issue regional alerts and initiate hospital surge protocols.
36,PRATAP VIHAR,2026-08-31,34.2,67.88,31.01,42.79,73.48,12,1,4,22293,61.65,1.27,27.03,78.3,Extreme,RED,Activate emergency heat response; expand cooling centres and ambulance readiness; suspend strenuous outdoor work; issue regional alerts and initiate hospital surge protocols.
CANT_3,DELHI CANTT CHARGE 3,2026-08-31,35.4,65.17,31.25,43.6,75.63,12,2,4,33852,61.57,1.27,27.03,78.19,Extreme,RED,Activate emergency heat response; expand cooling centres and ambulance readiness; suspend strenuous outdoor work; issue regional alerts and initiate hospital surge protocols.
171,VASANTKUNJ,2026-08-31,35.4,65.17,31.25,43.6,75.63,12,2,4,35557,61.57,1.27,27.03,78.19,Extreme,RED,Activate emergency heat response; expand cooling centres and ambulance readiness; suspend strenuous outdoor work; issue regional alerts and initiate hospital surge protocols.
146,SADH NAGAR,2026-08-31,34.5,67.5,31.02,43.14,73.9,12,1,4,15160,61.5,1.27,27.03,78.1,Extreme,RED,Activate emergency heat response; expand cooling centres and ambulance readiness; suspend strenuous outdoor work; issue regional alerts and initiate hospital surge protocols.
4,BAKHTAWAR PUR,2026-08-30,33.9,71.25,31.32,42.63,74.95,14,3,3,125152,64.44,1.209,20.87,77.91,Extreme,RED,Activate emergency heat response; expand cooling centres and ambulance readiness; suspend strenuous outdoor work; issue regional alerts and initiate hospital surge protocols.
NDMC_8,NDMC CHARGE 8,2026-08-31,35.4,65.17,31.25,43.6,75.63,12,2,4,10698,61.3,1.27,27.03,77.85,Extreme,RED,Activate emergency heat response; expand cooling centres and ambulance readiness; suspend strenuous outdoor work; issue regional alerts and initiate hospital surge protocols.
1,NARELA,2026-08-30,33.8,73.67,31.43,42.81,75.68,13,3,3,107464,64.36,1.209,20.87,77.81,Extreme,RED,Activate emergency heat response; expand cooling centres and ambulance readiness; suspend strenuous outdoor work; issue regional alerts and initiate hospital surge protocols.
166,MUNIRKA,2026-08-31,35.4,65.17,31.25,43.6,75.63,12,2,4,11693,61.26,1.27,27.03,77.8,Extreme,RED,Activate emergency heat response; expand cooling centres and ambulance readiness; suspend strenuous outdoor work; issue regional alerts and initiate hospital surge protocols.
131,SAGARPUR,2026-08-31,34.5,67.5,31.02,43.14,73.9,12,1,4,11608,61.24,1.27,27.03,77.77,Extreme,RED,Activate emergency heat response; expand cooling centres and ambulance readiness; suspend strenuous outdoor work; issue regional alerts and initiate hospital surge protocols.
NDMC_6,NDMC CHARGE 6,2026-08-31,35.4,65.17,31.25,43.6,75.63,12,2,4,12133,61.14,1.27,27.03,77.65,Extreme,RED,Activate emergency heat response; expand cooling centres and ambulance readiness; suspend strenuous outdoor work; issue regional alerts and initiate hospital surge protocols.
NDMC_5,NDMC CHARGE 5,2026-08-31,35.4,65.17,31.25,43.6,75.63,12,2,4,26054,61.02,1.27,27.03,77.5,Extreme,RED,Activate emergency heat response; expand cooling centres and ambulance readiness; suspend strenuous outdoor work; issue regional alerts and initiate hospital surge protocols.
NDMC_4,NDMC CHARGE 4,2026-08-31,35.8,61.42,31.24,43.79,75.8,11,2,4,19331,60.88,1.27,27.03,77.32,Extreme,RED,Activate emergency heat response; expand cooling centres and ambulance readiness; suspend strenuous outdoor work; issue regional alerts and initiate hospital surge protocols.
NDMC_1,NDMC CHARGE 1,2026-08-31,36.0,63.83,31.27,43.62,75.72,9,2,4,11143,60.58,1.27,27.03,76.94,Extreme,RED,Activate emergency heat response; expand cooling centres and ambulance readiness; suspend strenuous outdoor work; issue regional alerts and initiate hospital surge protocols.
CANT_7,DELHI CANTT CHARGE 7,2026-08-31,34.5,67.5,31.02,43.14,73.9,12,1,4,34577,60.58,1.27,27.03,76.94,Extreme,RED,Activate emergency heat response; expand cooling centres and ambulance readiness; suspend strenuous outdoor work; issue regional alerts and initiate hospital surge protocols.
CANT_8,DELHI CANTT CHARGE 8,2026-08-31,34.5,67.5,31.02,43.14,73.9,12,1,4,16018,59.88,1.27,27.03,76.05,Extreme,RED,Activate emergency heat response; expand cooling centres and ambulance readiness; suspend strenuous outdoor work; issue regional alerts and initiate hospital surge protocols.
142,RAJ NAGAR,2026-08-31,34.5,67.5,31.02,43.14,73.9,12,1,4,2083,59.74,1.27,27.03,75.87,Extreme,RED,Activate emergency heat response; expand cooling centres and ambulance readiness; suspend strenuous outdoor work; issue regional alerts and initiate hospital surge protocols.
CANT_5,DELHI CANTT CHARGE 5,2026-08-31,34.5,67.5,31.02,43.14,73.9,12,1,4,21411,59.59,1.27,27.03,75.68,Extreme,RED,Activate emergency heat response; expand cooling centres and ambulance readiness; suspend strenuous outdoor work; issue regional alerts and initiate hospital surge protocols.
7,BURARI,2026-08-30,33.8,72.75,31.24,42.44,74.25,14,3,3,90846,62.48,1.209,20.87,75.54,Extreme,RED,Activate emergency heat response; expand cooling centres and ambulance readiness; suspend strenuous outdoor work; issue regional alerts and initiate hospital surge protocols.
174,CHHATARPUR,2026-08-30,34.1,70.92,30.99,42.58,73.32,11,0,3,156033,65.37,1.147,14.7,74.98,High,ORANGE,Activate the local heat action plan; open cooling centres; shift strenuous outdoor work away from afternoon hours; alert hospitals for a possible heat-illness surge.
191,SHAPUR JAT,2026-08-30,34.1,70.92,30.99,42.58,73.32,11,0,3,96912,64.77,1.147,14.7,74.29,High,ORANGE,Activate the local heat action plan; open cooling centres; shift strenuous outdoor work away from afternoon hours; alert hospitals for a possible heat-illness surge.
173,DEOLI,2026-08-30,34.1,70.92,30.99,42.58,73.32,11,0,3,133893,64.67,1.147,14.7,74.18,High,ORANGE,Activate the local heat action plan; open cooling centres; shift strenuous outdoor work away from afternoon hours; alert hospitals for a possible heat-illness surge.
176,BHATI,2026-08-30,33.8,72.17,30.98,42.6,73.24,11,0,3,257108,64.49,1.147,14.7,73.97,High,ORANGE,Activate the local heat action plan; open cooling centres; shift strenuous outdoor work away from afternoon hours; alert hospitals for a possible heat-illness surge.
181,KHANPUR,2026-08-30,34.1,70.92,30.99,42.58,73.32,11,0,3,78189,64.07,1.147,14.7,73.49,High,ORANGE,Activate the local heat action plan; open cooling centres; shift strenuous outdoor work away from afternoon hours; alert hospitals for a possible heat-illness surge.
175,AYA NAGAR,2026-08-30,33.8,72.04,30.8,42.51,72.01,11,0,3,207016,63.57,1.147,14.7,72.91,High,ORANGE,Activate the local heat action plan; open cooling centres; shift strenuous outdoor work away from afternoon hours; alert hospitals for a possible heat-illness surge.
216,GHAROLI,2026-08-31,35.0,74.17,30.89,43.01,73.06,10,0,4,51238,63.26,1.147,14.7,72.56,High,ORANGE,Activate the local heat action plan; open cooling centres; shift strenuous outdoor work away from afternoon hours; alert hospitals for a possible heat-illness surge.
190,CHITRANJAN PARK,2026-08-30,34.1,70.92,30.99,42.58,73.32,11,0,3,51360,63.05,1.147,14.7,72.32,High,ORANGE,Activate the local heat action plan; open cooling centres; shift strenuous outdoor work away from afternoon hours; alert hospitals for a possible heat-illness surge.
162,HAUZ RANI,2026-08-30,34.1,70.92,30.99,42.58,73.32,11,0,3,28181,62.95,1.147,14.7,72.2,High,ORANGE,Activate the local heat action plan; open cooling centres; shift strenuous outdoor work away from afternoon hours; alert hospitals for a possible heat-illness surge.
161,MALVIYA NAGAR,2026-08-30,34.1,70.92,30.99,42.58,73.32,11,0,3,81793,62.93,1.147,14.7,72.18,High,ORANGE,Activate the local heat action plan; open cooling centres; shift strenuous outdoor work away from afternoon hours; alert hospitals for a possible heat-illness surge.
189,CHIRAG DELHI,2026-08-30,34.1,70.92,30.99,42.58,73.32,11,0,3,50408,62.9,1.147,14.7,72.15,High,ORANGE,Activate the local heat action plan; open cooling centres; shift strenuous outdoor work away from afternoon hours; alert hospitals for a possible heat-illness surge.
169,LADOSARAI,2026-08-30,34.1,70.92,30.99,42.58,73.32,11,0,3,86033,62.88,1.147,14.7,72.12,High,ORANGE,Activate the local heat action plan; open cooling centres; shift strenuous outdoor work away from afternoon hours; alert hospitals for a possible heat-illness surge.
184,PUSHP VIHAR,2026-08-30,34.1,70.92,30.99,42.58,73.32,11,0,3,41598,62.73,1.147,14.7,71.95,High,ORANGE,Activate the local heat action plan; open cooling centres; shift strenuous outdoor work away from afternoon hours; alert hospitals for a possible heat-illness surge.
182,AMBEDKAR NAGAR,2026-08-30,34.1,70.92,30.99,42.58,73.32,11,0,3,14254,62.64,1.147,14.7,71.85,High,ORANGE,Activate the local heat action plan; open cooling centres; shift strenuous outdoor work away from afternoon hours; alert hospitals for a possible heat-illness surge.
179,TIGRI,2026-08-30,34.1,70.92,30.99,42.58,73.32,11,0,3,44542,62.61,1.147,14.7,71.81,High,ORANGE,Activate the local heat action plan; open cooling centres; shift strenuous outdoor work away from afternoon hours; alert hospitals for a possible heat-illness surge.
185,TUGHLAKABAD EXTN,2026-08-30,34.1,70.92,30.99,42.58,73.32,11,0,3,51415,62.4,1.147,14.7,71.57,High,ORANGE,Activate the local heat action plan; open cooling centres; shift strenuous outdoor work away from afternoon hours; alert hospitals for a possible heat-illness surge.
183,MADANGIR,2026-08-30,34.1,70.92,30.99,42.58,73.32,11,0,3,12380,61.99,1.147,14.7,71.1,High,ORANGE,Activate the local heat action plan; open cooling centres; shift strenuous outdoor work away from afternoon hours; alert hospitals for a possible heat-illness surge.
180,DAKSHINPURI EXT.,2026-08-30,34.1,70.92,30.99,42.58,73.32,11,0,3,29847,61.99,1.147,14.7,71.1,High,ORANGE,Activate the local heat action plan; open cooling centres; shift strenuous outdoor work away from afternoon hours; alert hospitals for a possible heat-illness surge.
186,SANGAM VIHAR WEST,2026-08-30,34.1,70.92,30.99,42.58,73.32,11,0,3,44344,61.66,1.147,14.7,70.72,High,ORANGE,Activate the local heat action plan; open cooling centres; shift strenuous outdoor work away from afternoon hours; alert hospitals for a possible heat-illness surge.
172,KISHANGARH,2026-08-30,33.9,71.75,30.79,42.43,71.9,11,0,3,107626,61.15,1.147,14.7,70.14,High,ORANGE,Activate the local heat action plan; open cooling centres; shift strenuous outdoor work away from afternoon hours; alert hospitals for a possible heat-illness surge.
170,MEHRAULI,2026-08-30,34.1,70.92,30.99,42.58,73.32,11,0,3,38897,60.97,1.147,14.7,69.93,High,ORANGE,Activate the local heat action plan; open cooling centres; shift strenuous outdoor work away from afternoon hours; alert hospitals for a possible heat-illness surge.
187,SANGAM VIHAR CENTRAL,2026-08-30,34.1,70.92,30.99,42.58,73.32,11,0,3,21586,60.23,1.147,14.7,69.08,High,ORANGE,Activate the local heat action plan; open cooling centres; shift strenuous outdoor work away from afternoon hours; alert hospitals for a possible heat-illness surge.
178,SANGAM VIHAR,2026-08-30,34.1,70.92,30.99,42.58,73.32,11,0,3,17667,59.1,1.147,14.7,67.79,High,ORANGE,Activate the local heat action plan; open cooling centres; shift strenuous outdoor work away from afternoon hours; alert hospitals for a possible heat-illness surge.
144,MAHIPALPUR,2026-08-30,33.9,71.75,30.79,42.43,71.9,11,0,3,44039,58.8,1.147,14.7,67.44,High,ORANGE,Activate the local heat action plan; open cooling centres; shift strenuous outdoor work away from afternoon hours; alert hospitals for a possible heat-illness surge.
177,SAID UL AJAIB,2026-08-30,33.8,72.17,30.98,42.6,73.24,11,0,3,17818,58.77,1.147,14.7,67.41,High,ORANGE,Activate the local heat action plan; open cooling centres; shift strenuous outdoor work away from afternoon hours; alert hospitals for a possible heat-illness surge.
