date,hours_available,temperature_max_c,temperature_min_c,temperature_mean_c,humidity_max_pct,humidity_mean_pct,wind_mean_mps,solar_max_wm2,heat_index_max_c,wet_bulb_max_c,wbgt_max_c,wbgt_mean_c,utci_max_c,utci_mean_c,danger_hours,extreme_hours,night_temperature_min_c,daily_heat_level,is_dangerous_day,consecutive_danger_days,previous_day_wbgt_c,previous_day_utci_c,wbgt_3day_mean_c,utci_3day_mean_c,temperature_only_warning,temperature_only_score,wbgt_score,utci_score,warm_night_score,danger_hour_score,duration_score,historical_thermal_hazard_score,comprehensive_warning,evidence_relative_risk,evidence_relative_increase_pct,calibration_basis,calibration_evidence_type,historical_calibrated_risk_index,historical_risk_level,temperature_threshold_missed_event,backtest_model_version
2024-05-02,24,37.94,19.11,28.64,32.15,18.53,4.2,1004.7,34.93,16.97,24.98,18.99,45.45,28.5,7,0,19.11,High,True,1,,,24.98,45.45,False,22.62,16.5,74.72,0.0,29.17,20.0,31.44,True,1.05,5.0,Single danger-day conservative operational adjustment,Provisional operational heuristic,33.01,Moderate,True,historical-stress-validation-v1
2024-05-03,24,40.15,21.84,31.32,25.54,15.05,4.72,908.5,36.65,16.93,25.28,20.2,47.56,31.48,8,3,21.84,Extreme,True,2,24.98,45.45,25.13,46.5,True,39.62,19.0,86.44,0.0,33.33,40.0,39.32,True,1.147,14.7,Indian 10-city two-day heatwave relative-risk proxy,Published evidence proxy,45.1,Moderate,False,historical-stress-validation-v1
2024-05-04,24,42.71,26.08,33.94,25.12,15.78,3.3,959.45,39.23,19.13,27.89,22.4,50.68,34.6,8,6,26.08,Extreme,True,3,25.28,47.56,26.05,47.9,True,59.31,40.75,100.0,40.8,33.33,60.0,58.24,True,1.209,20.87,Interpolated Indian multi-city evidence for 3-day severe-heat proxy,Evidence interpolation,70.41,High,False,historical-stress-validation-v1
2024-05-05,24,43.84,24.75,34.47,35.81,20.69,3.89,943.4,41.39,21.45,30.01,23.94,52.37,35.56,10,7,24.75,Extreme,True,4,27.89,50.68,27.73,50.2,True,68.0,58.42,100.0,27.5,41.67,80.0,64.78,True,1.27,27.03,Interpolated Indian multi-city evidence for 4-day severe-heat proxy,Evidence interpolation,82.27,Extreme,False,historical-stress-validation-v1
2024-05-06,24,43.03,26.86,34.93,32.61,20.65,3.79,928.4,40.95,21.67,29.91,24.39,51.56,36.15,10,7,26.86,Extreme,True,5,30.01,52.37,29.27,51.54,True,61.77,57.58,100.0,48.6,41.67,100.0,69.11,True,1.332,33.2,Indian 10-city five-day extreme-heat relative-risk proxy,Published evidence proxy,92.05,Extreme,False,historical-stress-validation-v1
2024-05-07,24,43.37,27.68,35.9,30.89,19.2,2.13,891.7,41.02,21.39,30.06,24.92,49.59,36.47,10,5,27.68,Extreme,True,6,29.91,51.56,29.99,51.17,True,64.38,58.83,97.72,56.8,41.67,100.0,70.35,True,1.332,33.2,Indian 10-city five-day extreme-heat relative-risk proxy,Published evidence proxy,93.71,Extreme,False,historical-stress-validation-v1
2024-05-08,24,43.13,27.43,35.02,30.64,19.31,3.29,898.8,40.13,20.37,29.25,24.09,50.79,35.31,10,5,27.43,Extreme,True,7,30.06,49.59,29.74,50.65,True,62.54,52.08,100.0,54.3,41.67,100.0,68.67,True,1.332,33.2,Indian 10-city five-day extreme-heat relative-risk proxy,Published evidence proxy,91.47,Extreme,False,historical-stress-validation-v1
2024-05-09,24,40.91,25.64,33.19,44.68,28.64,3.54,906.35,39.85,22.46,30.13,24.57,48.07,33.49,9,4,25.64,Extreme,True,8,29.25,50.79,29.81,49.48,True,45.46,59.42,89.28,36.4,37.5,100.0,62.81,True,1.332,33.2,Indian 10-city five-day extreme-heat relative-risk proxy,Published evidence proxy,83.66,Extreme,False,historical-stress-validation-v1
2024-05-10,24,41.9,26.61,34.37,41.21,27.33,3.04,898.53,40.38,22.21,30.7,25.28,48.15,34.97,9,4,26.61,Extreme,True,9,30.13,48.07,30.03,49.0,True,53.08,64.17,89.72,46.1,37.5,100.0,66.32,True,1.332,33.2,Indian 10-city five-day extreme-heat relative-risk proxy,Published evidence proxy,88.34,Extreme,False,historical-stress-validation-v1
2024-05-11,24,41.73,27.6,34.35,49.26,29.22,2.7,881.8,40.62,22.59,30.16,25.48,49.38,35.92,10,5,27.6,Extreme,True,10,30.7,48.15,30.33,48.53,True,51.77,59.67,96.56,56.0,41.67,100.0,68.88,True,1.332,33.2,Indian 10-city five-day extreme-heat relative-risk proxy,Published evidence proxy,91.75,Extreme,False,historical-stress-validation-v1
2024-05-12,24,41.92,27.78,34.88,38.97,24.38,2.61,860.75,40.37,21.99,29.71,25.1,49.17,36.45,10,5,27.78,Extreme,True,11,30.16,49.38,30.19,48.9,True,53.23,55.92,95.39,57.8,41.67,100.0,68.07,True,1.332,33.2,Indian 10-city five-day extreme-heat relative-risk proxy,Published evidence proxy,90.67,Extreme,False,historical-stress-validation-v1
2024-05-13,24,42.4,27.9,34.96,35.11,20.55,2.68,881.0,40.13,21.15,29.38,24.32,49.44,35.74,10,4,27.9,Extreme,True,12,29.71,49.17,29.75,49.33,True,56.92,53.17,96.89,59.0,41.67,100.0,68.31,True,1.332,33.2,Indian 10-city five-day extreme-heat relative-risk proxy,Published evidence proxy,90.99,Extreme,False,historical-stress-validation-v1
2024-05-14,24,43.09,25.36,34.47,25.99,15.96,3.63,920.97,39.99,20.09,28.76,22.96,51.32,35.42,10,7,25.36,Extreme,True,13,29.38,49.44,29.28,49.98,True,62.23,48.0,100.0,33.6,41.67,100.0,64.51,True,1.332,33.2,Indian 10-city five-day extreme-heat relative-risk proxy,Published evidence proxy,85.93,Extreme,False,historical-stress-validation-v1
2024-05-15,24,43.64,27.18,35.3,18.78,11.8,2.83,957.12,39.9,19.3,28.61,22.61,51.93,36.43,10,7,27.18,Extreme,True,14,28.76,51.32,28.92,50.9,True,66.46,46.75,100.0,51.8,41.67,100.0,67.35,True,1.332,33.2,Indian 10-city five-day extreme-heat relative-risk proxy,Published evidence proxy,89.71,Extreme,False,historical-stress-validation-v1
2024-05-16,24,44.87,26.63,36.64,16.08,12.45,2.36,923.33,41.7,21.01,29.88,23.91,52.46,37.75,10,8,26.63,Extreme,True,15,28.61,51.93,29.08,51.9,True,75.92,57.33,100.0,46.3,41.67,100.0,70.12,True,1.332,33.2,Indian 10-city five-day extreme-heat relative-risk proxy,Published evidence proxy,93.4,Extreme,False,historical-stress-validation-v1
2024-05-17,24,46.63,29.45,38.49,22.82,14.11,2.77,923.4,43.08,21.49,30.88,25.5,54.51,40.11,11,8,29.45,Extreme,True,16,29.88,52.46,29.79,52.97,True,89.46,65.67,100.0,74.5,45.83,100.0,78.41,True,1.332,33.2,Indian 10-city five-day extreme-heat relative-risk proxy,Published evidence proxy,100.0,Extreme,False,historical-stress-validation-v1
2024-05-18,24,46.88,30.52,38.45,23.01,15.12,3.69,919.38,43.99,22.42,31.56,25.77,56.09,40.37,12,8,30.52,Extreme,True,17,30.88,54.51,30.77,54.35,True,91.38,71.33,100.0,85.2,50.0,100.0,82.25,True,1.332,33.2,Indian 10-city five-day extreme-heat relative-risk proxy,Published evidence proxy,100.0,Extreme,False,historical-stress-validation-v1
2024-05-19,24,47.13,30.15,38.84,27.43,17.41,4.19,914.17,44.85,23.02,32.05,26.62,56.95,41.09,12,10,30.15,Extreme,True,18,31.56,56.09,31.5,55.85,True,93.31,75.42,100.0,81.5,50.0,100.0,82.91,True,1.332,33.2,Indian 10-city five-day extreme-heat relative-risk proxy,Published evidence proxy,100.0,Extreme,False,historical-stress-validation-v1
2024-05-20,24,47.01,31.36,39.07,28.84,16.48,4.33,922.75,44.02,22.35,31.51,26.43,56.79,41.15,12,9,31.36,Extreme,True,19,32.05,56.95,31.71,56.61,True,92.38,70.92,100.0,93.6,50.0,100.0,83.51,True,1.332,33.2,Indian 10-city five-day extreme-heat relative-risk proxy,Published evidence proxy,100.0,Extreme,False,historical-stress-validation-v1
2024-05-21,24,45.96,30.97,37.88,21.81,14.96,2.65,923.5,42.52,21.15,30.86,25.38,53.33,39.34,10,8,30.97,Extreme,True,20,31.51,56.79,31.47,55.69,True,84.31,65.5,100.0,89.7,41.67,100.0,79.51,True,1.332,33.2,Indian 10-city five-day extreme-heat relative-risk proxy,Published evidence proxy,100.0,Extreme,False,historical-stress-validation-v1
2024-05-22,24,45.02,29.17,37.36,26.9,18.14,3.29,883.28,42.57,21.94,30.84,25.72,52.79,38.43,11,7,29.17,Extreme,True,21,30.86,53.33,31.07,54.3,True,77.08,65.33,100.0,71.7,45.83,100.0,76.67,True,1.332,33.2,Indian 10-city five-day extreme-heat relative-risk proxy,Published evidence proxy,100.0,Extreme,False,historical-stress-validation-v1
2024-05-23,24,43.06,30.51,36.76,45.92,29.06,4.82,892.47,43.88,24.69,31.91,27.59,51.75,38.24,10,7,30.51,Extreme,True,22,30.84,52.79,31.2,52.62,True,62.0,74.25,100.0,85.1,41.67,100.0,78.78,True,1.332,33.2,Indian 10-city five-day extreme-heat relative-risk proxy,Published evidence proxy,100.0,Extreme,False,historical-stress-validation-v1
2024-05-24,24,43.11,30.12,36.74,46.07,30.24,3.39,895.08,43.79,24.77,32.54,27.83,50.71,38.28,11,6,30.12,Extreme,True,23,31.91,51.75,31.76,51.75,True,62.38,79.5,100.0,81.2,45.83,100.0,80.17,True,1.332,33.2,Indian 10-city five-day extreme-heat relative-risk proxy,Published evidence proxy,100.0,Extreme,False,historical-stress-validation-v1
2024-05-25,24,46.22,30.3,38.26,41.52,23.1,3.5,866.28,44.88,23.89,32.21,27.34,54.56,40.39,12,8,30.3,Extreme,True,24,32.54,50.71,32.22,52.34,True,86.31,76.75,100.0,83.0,50.0,100.0,82.77,True,1.332,33.2,Indian 10-city five-day extreme-heat relative-risk proxy,Published evidence proxy,100.0,Extreme,False,historical-stress-validation-v1
2024-05-26,24,47.84,30.06,39.23,25.56,16.72,3.81,977.4,45.6,23.37,32.2,26.76,57.47,41.9,13,10,30.06,Extreme,True,25,32.21,54.56,32.32,54.25,True,98.77,76.67,100.0,80.6,54.17,100.0,84.26,True,1.332,33.2,Indian 10-city five-day extreme-heat relative-risk proxy,Published evidence proxy,100.0,Extreme,False,historical-stress-validation-v1
2024-05-27,24,47.76,29.91,39.37,32.81,15.79,3.18,948.6,44.39,22.5,31.89,26.44,56.79,41.39,12,9,29.91,Extreme,True,26,32.2,57.47,32.1,56.27,True,98.15,74.08,100.0,79.1,50.0,100.0,82.7,True,1.332,33.2,Indian 10-city five-day extreme-heat relative-risk proxy,Published evidence proxy,100.0,Extreme,False,historical-stress-validation-v1
2024-05-28,24,48.5,31.94,40.32,14.38,9.69,2.73,995.9,43.9,21.29,31.48,25.63,57.98,42.39,14,10,31.94,Extreme,True,27,31.89,56.79,31.86,57.41,True,100.0,70.67,100.0,99.4,58.33,100.0,86.33,True,1.332,33.2,Indian 10-city five-day extreme-heat relative-risk proxy,Published evidence proxy,100.0,Extreme,False,historical-stress-validation-v1
2024-05-29,24,48.07,30.23,39.82,15.97,11.16,3.31,966.55,44.25,21.94,31.48,25.65,57.26,41.55,14,9,30.23,Extreme,True,28,31.48,57.98,31.62,57.34,True,100.0,70.67,100.0,82.3,58.33,100.0,83.76,True,1.332,33.2,Indian 10-city five-day extreme-heat relative-risk proxy,Published evidence proxy,100.0,Extreme,False,historical-stress-validation-v1
2024-05-30,24,47.77,32.37,39.49,25.47,13.15,4.59,950.55,44.72,24.39,32.05,25.84,57.15,41.57,11,9,32.37,Extreme,True,29,31.48,57.26,31.67,57.46,True,98.23,75.42,100.0,100.0,45.83,100.0,85.55,True,1.332,33.2,Indian 10-city five-day extreme-heat relative-risk proxy,Published evidence proxy,100.0,Extreme,False,historical-stress-validation-v1
2024-05-31,24,48.21,30.67,39.45,18.35,9.84,3.66,967.08,43.71,21.21,31.18,24.96,58.17,41.41,12,10,30.67,Extreme,True,30,32.05,57.15,31.57,57.53,True,100.0,68.17,100.0,86.7,50.0,100.0,82.55,True,1.332,33.2,Indian 10-city five-day extreme-heat relative-risk proxy,Published evidence proxy,100.0,Extreme,False,historical-stress-validation-v1
