timestamp_utc,timestamp_local,temperature_c,relative_humidity_pct,wind_speed_10m_mps,solar_radiation_wm2,dew_point_c,surface_pressure_kpa
2024-05-01 00:00:00+00:00,2024-05-01 05:30:00+05:30,20.16,38.67,3.66,22.76,5.66,97.82
2024-05-01 01:00:00+00:00,2024-05-01 06:30:00+05:30,22.37,37.48,4.94,154.26,7.19,97.89
2024-05-01 02:00:00+00:00,2024-05-01 07:30:00+05:30,25.94,31.72,4.96,342.3,7.89,97.95
2024-05-01 03:00:00+00:00,2024-05-01 08:30:00+05:30,30.76,19.83,6.17,546.41,5.03,98.01
2024-05-01 04:00:00+00:00,2024-05-01 09:30:00+05:30,33.5,13.66,6.99,715.67,2.07,98.05
2024-05-01 05:00:00+00:00,2024-05-01 10:30:00+05:30,34.6,11.74,7.28,845.11,0.83,98.05
2024-05-01 06:00:00+00:00,2024-05-01 11:30:00+05:30,35.4,10.14,7.6,901.9,-0.53,98.01
2024-05-01 07:00:00+00:00,2024-05-01 12:30:00+05:30,35.85,9.27,7.87,890.36,-1.37,97.95
2024-05-01 08:00:00+00:00,2024-05-01 13:30:00+05:30,35.84,8.92,8.21,904.28,-1.88,97.89
2024-05-01 09:00:00+00:00,2024-05-01 14:30:00+05:30,35.37,8.8,8.61,758.97,-2.35,97.83
2024-05-01 10:00:00+00:00,2024-05-01 15:30:00+05:30,34.42,8.81,8.85,563.25,-3.06,97.81
2024-05-01 11:00:00+00:00,2024-05-01 16:30:00+05:30,32.98,9.18,8.73,337.88,-3.58,97.81
2024-05-01 12:00:00+00:00,2024-05-01 17:30:00+05:30,31.2,10.15,7.72,119.43,-3.62,97.86
2024-05-01 13:00:00+00:00,2024-05-01 18:30:00+05:30,28.27,13.0,5.08,4.65,-2.68,97.92
2024-05-01 14:00:00+00:00,2024-05-01 19:30:00+05:30,26.45,16.11,4.22,0.0,-1.27,98.0
2024-05-01 15:00:00+00:00,2024-05-01 20:30:00+05:30,25.31,18.56,3.77,0.0,-0.24,98.08
2024-05-01 16:00:00+00:00,2024-05-01 21:30:00+05:30,24.15,20.68,3.34,0.0,0.28,98.1
2024-05-01 17:00:00+00:00,2024-05-01 22:30:00+05:30,23.14,22.42,3.11,0.0,0.58,98.1
2024-05-01 18:00:00+00:00,2024-05-01 23:30:00+05:30,22.34,24.05,3.09,0.0,0.85,98.08
2024-05-01 19:00:00+00:00,2024-05-02 00:30:00+05:30,21.65,25.57,3.12,0.0,1.13,98.06
2024-05-01 20:00:00+00:00,2024-05-02 01:30:00+05:30,21.02,27.07,3.18,0.0,1.38,98.04
2024-05-01 21:00:00+00:00,2024-05-02 02:30:00+05:30,20.4,28.57,3.15,0.0,1.6,98.01
2024-05-01 22:00:00+00:00,2024-05-02 03:30:00+05:30,19.75,30.15,3.08,0.0,1.8,97.99
2024-05-01 23:00:00+00:00,2024-05-02 04:30:00+05:30,19.11,31.87,3.01,0.0,2.0,97.99
2024-05-02 00:00:00+00:00,2024-05-02 05:30:00+05:30,19.19,32.15,2.97,28.4,2.19,98.03
2024-05-02 01:00:00+00:00,2024-05-02 06:30:00+05:30,22.28,26.88,4.2,201.3,2.35,98.08
2024-05-02 02:00:00+00:00,2024-05-02 07:30:00+05:30,26.05,21.45,3.79,411.48,2.38,98.12
2024-05-02 03:00:00+00:00,2024-05-02 08:30:00+05:30,30.45,15.79,4.71,605.83,1.68,98.17
2024-05-02 04:00:00+00:00,2024-05-02 09:30:00+05:30,32.63,13.25,4.53,811.05,0.97,98.18
2024-05-02 05:00:00+00:00,2024-05-02 10:30:00+05:30,34.53,11.43,4.77,948.7,0.41,98.16
2024-05-02 06:00:00+00:00,2024-05-02 11:30:00+05:30,36.08,10.11,4.99,1004.7,-0.04,98.06
2024-05-02 07:00:00+00:00,2024-05-02 12:30:00+05:30,37.25,9.35,5.36,992.75,-0.2,97.96
2024-05-02 08:00:00+00:00,2024-05-02 13:30:00+05:30,37.94,9.07,5.89,907.65,-0.1,97.87
2024-05-02 09:00:00+00:00,2024-05-02 14:30:00+05:30,37.91,9.29,6.25,759.08,0.2,97.79
2024-05-02 10:00:00+00:00,2024-05-02 15:30:00+05:30,37.48,9.68,6.44,560.83,0.44,97.77
2024-05-02 11:00:00+00:00,2024-05-02 16:30:00+05:30,36.46,10.31,6.25,333.8,0.5,97.77
2024-05-02 12:00:00+00:00,2024-05-02 17:30:00+05:30,34.44,11.64,4.45,119.32,0.6,97.81
2024-05-02 13:00:00+00:00,2024-05-02 18:30:00+05:30,29.94,15.43,3.28,4.75,0.96,97.89
2024-05-02 14:00:00+00:00,2024-05-02 19:30:00+05:30,28.34,16.98,3.37,0.0,1.0,97.98
2024-05-02 15:00:00+00:00,2024-05-02 20:30:00+05:30,27.35,18.09,3.45,0.0,1.05,98.06
2024-05-02 16:00:00+00:00,2024-05-02 21:30:00+05:30,26.49,19.17,3.49,0.0,1.16,98.1
2024-05-02 17:00:00+00:00,2024-05-02 22:30:00+05:30,25.69,20.29,3.52,0.0,1.29,98.1
2024-05-02 18:00:00+00:00,2024-05-02 23:30:00+05:30,25.0,21.19,3.49,0.0,1.33,98.1
2024-05-02 19:00:00+00:00,2024-05-03 00:30:00+05:30,24.2,22.07,3.4,0.0,1.24,98.07
2024-05-02 20:00:00+00:00,2024-05-03 01:30:00+05:30,23.45,22.91,3.3,0.0,1.13,98.04
2024-05-02 21:00:00+00:00,2024-05-03 02:30:00+05:30,22.84,23.72,3.24,0.0,1.07,98.03
2024-05-02 22:00:00+00:00,2024-05-03 03:30:00+05:30,22.35,24.49,3.07,0.0,1.11,98.03
2024-05-02 23:00:00+00:00,2024-05-03 04:30:00+05:30,21.84,25.45,2.85,0.0,1.2,98.04
2024-05-03 00:00:00+00:00,2024-05-03 05:30:00+05:30,21.94,25.54,2.65,31.62,1.33,98.08
2024-05-03 01:00:00+00:00,2024-05-03 06:30:00+05:30,25.08,21.3,3.78,216.2,1.45,98.15
2024-05-03 02:00:00+00:00,2024-05-03 07:30:00+05:30,28.54,17.39,3.77,442.23,1.46,98.21
2024-05-03 03:00:00+00:00,2024-05-03 08:30:00+05:30,33.43,12.19,6.05,662.1,0.44,98.26
2024-05-03 04:00:00+00:00,2024-05-03 09:30:00+05:30,35.67,9.96,7.17,808.53,-0.55,98.28
2024-05-03 05:00:00+00:00,2024-05-03 10:30:00+05:30,37.34,8.64,6.94,828.67,-1.15,98.23
2024-05-03 06:00:00+00:00,2024-05-03 11:30:00+05:30,38.75,7.64,6.79,894.53,-1.7,98.16
2024-05-03 07:00:00+00:00,2024-05-03 12:30:00+05:30,39.49,7.12,6.87,908.5,-2.06,98.09
2024-05-03 08:00:00+00:00,2024-05-03 13:30:00+05:30,39.9,6.87,7.06,772.17,-2.21,98.01
2024-05-03 09:00:00+00:00,2024-05-03 14:30:00+05:30,40.15,6.82,7.14,634.62,-2.12,97.96
2024-05-03 10:00:00+00:00,2024-05-03 15:30:00+05:30,39.16,7.28,7.28,401.75,-2.01,97.96
2024-05-03 11:00:00+00:00,2024-05-03 16:30:00+05:30,37.8,8.03,7.16,225.4,-1.78,98.0
2024-05-03 12:00:00+00:00,2024-05-03 17:30:00+05:30,35.7,9.41,4.84,86.97,-1.28,98.05
2024-05-03 13:00:00+00:00,2024-05-03 18:30:00+05:30,33.1,11.53,3.89,3.83,-0.56,98.11
2024-05-03 14:00:00+00:00,2024-05-03 19:30:00+05:30,32.12,12.85,3.64,0.0,0.17,98.17
2024-05-03 15:00:00+00:00,2024-05-03 20:30:00+05:30,30.94,14.62,3.02,0.0,1.01,98.2
2024-05-03 16:00:00+00:00,2024-05-03 21:30:00+05:30,30.11,16.22,3.04,0.0,1.77,98.22
2024-05-03 17:00:00+00:00,2024-05-03 22:30:00+05:30,29.23,18.41,3.2,0.0,2.82,98.24
2024-05-03 18:00:00+00:00,2024-05-03 23:30:00+05:30,28.64,20.72,3.12,0.0,4.01,98.21
2024-05-03 19:00:00+00:00,2024-05-04 00:30:00+05:30,28.32,22.37,3.09,0.0,4.84,98.17
2024-05-03 20:00:00+00:00,2024-05-04 01:30:00+05:30,27.88,23.52,3.06,0.0,5.22,98.13
2024-05-03 21:00:00+00:00,2024-05-04 02:30:00+05:30,27.23,24.52,3.0,0.0,5.26,98.13
2024-05-03 22:00:00+00:00,2024-05-04 03:30:00+05:30,26.75,25.0,2.88,0.0,5.11,98.16
2024-05-03 23:00:00+00:00,2024-05-04 04:30:00+05:30,26.25,25.12,2.68,0.0,4.75,98.18
2024-05-04 00:00:00+00:00,2024-05-04 05:30:00+05:30,26.08,24.4,2.41,16.55,4.22,98.22
2024-05-04 01:00:00+00:00,2024-05-04 06:30:00+05:30,28.11,20.97,2.47,102.85,3.74,98.27
2024-05-04 02:00:00+00:00,2024-05-04 07:30:00+05:30,30.57,17.89,2.34,232.07,3.52,98.32
2024-05-04 03:00:00+00:00,2024-05-04 08:30:00+05:30,35.35,13.93,2.86,332.6,3.81,98.35
2024-05-04 04:00:00+00:00,2024-05-04 09:30:00+05:30,38.57,11.61,3.81,647.6,3.74,98.34
2024-05-04 05:00:00+00:00,2024-05-04 10:30:00+05:30,40.15,10.37,4.6,880.9,3.39,98.29
2024-05-04 06:00:00+00:00,2024-05-04 11:30:00+05:30,41.03,9.65,5.19,959.45,3.06,98.22
2024-05-04 07:00:00+00:00,2024-05-04 12:30:00+05:30,42.05,8.91,5.34,943.12,2.72,98.11
2024-05-04 08:00:00+00:00,2024-05-04 13:30:00+05:30,42.71,8.26,5.17,785.28,2.2,98.0
2024-05-04 09:00:00+00:00,2024-05-04 14:30:00+05:30,42.49,7.96,4.96,684.17,1.56,97.89
2024-05-04 10:00:00+00:00,2024-05-04 15:30:00+05:30,41.82,7.93,4.68,536.3,1.0,97.83
2024-05-04 11:00:00+00:00,2024-05-04 16:30:00+05:30,40.76,8.14,4.2,316.1,0.57,97.79
2024-05-04 12:00:00+00:00,2024-05-04 17:30:00+05:30,38.15,9.87,2.42,112.07,1.19,97.77
2024-05-04 13:00:00+00:00,2024-05-04 18:30:00+05:30,34.65,12.21,2.24,5.2,1.43,97.77
2024-05-04 14:00:00+00:00,2024-05-04 19:30:00+05:30,33.28,13.25,2.32,0.0,1.46,97.82
2024-05-04 15:00:00+00:00,2024-05-04 20:30:00+05:30,32.12,14.8,2.39,0.0,2.03,97.86
2024-05-04 16:00:00+00:00,2024-05-04 21:30:00+05:30,30.96,16.96,2.39,0.0,2.96,97.88
2024-05-04 17:00:00+00:00,2024-05-04 22:30:00+05:30,29.96,19.36,2.35,0.0,4.05,97.86
2024-05-04 18:00:00+00:00,2024-05-04 23:30:00+05:30,29.21,21.82,2.3,0.0,5.18,97.82
2024-05-04 19:00:00+00:00,2024-05-05 00:30:00+05:30,28.2,24.71,2.35,0.0,6.15,97.77
2024-05-04 20:00:00+00:00,2024-05-05 01:30:00+05:30,27.02,27.82,2.43,0.0,6.89,97.71
2024-05-04 21:00:00+00:00,2024-05-05 02:30:00+05:30,26.28,30.23,2.4,0.0,7.48,97.69
2024-05-04 22:00:00+00:00,2024-05-05 03:30:00+05:30,25.67,32.57,2.4,0.0,8.06,97.69
2024-05-04 23:00:00+00:00,2024-05-05 04:30:00+05:30,24.75,35.41,2.6,0.0,8.46,97.71
2024-05-05 00:00:00+00:00,2024-05-05 05:30:00+05:30,24.85,35.81,3.06,30.62,8.72,97.74
2024-05-05 01:00:00+00:00,2024-05-05 06:30:00+05:30,27.46,31.17,4.59,200.8,8.94,97.78
2024-05-05 02:00:00+00:00,2024-05-05 07:30:00+05:30,31.28,25.22,4.33,414.98,9.08,97.82
2024-05-05 03:00:00+00:00,2024-05-05 08:30:00+05:30,36.73,17.41,4.63,629.45,8.1,97.84
2024-05-05 04:00:00+00:00,2024-05-05 09:30:00+05:30,39.81,14.17,4.21,804.55,7.52,97.84
2024-05-05 05:00:00+00:00,2024-05-05 10:30:00+05:30,41.68,12.71,3.96,923.12,7.4,97.79
2024-05-05 06:00:00+00:00,2024-05-05 11:30:00+05:30,42.86,11.92,3.94,943.4,7.4,97.71
2024-05-05 07:00:00+00:00,2024-05-05 12:30:00+05:30,43.59,11.46,4.09,928.5,7.38,97.62
2024-05-05 08:00:00+00:00,2024-05-05 13:30:00+05:30,43.84,11.37,4.41,843.78,7.46,97.53
2024-05-05 09:00:00+00:00,2024-05-05 14:30:00+05:30,43.21,11.78,4.8,697.53,7.49,97.47
2024-05-05 10:00:00+00:00,2024-05-05 15:30:00+05:30,42.32,12.41,5.2,506.42,7.55,97.43
2024-05-05 11:00:00+00:00,2024-05-05 16:30:00+05:30,41.1,13.37,5.45,294.83,7.69,97.42
2024-05-05 12:00:00+00:00,2024-05-05 17:30:00+05:30,39.29,14.92,4.61,105.82,7.87,97.45
2024-05-05 13:00:00+00:00,2024-05-05 18:30:00+05:30,35.66,18.37,3.33,5.07,8.01,97.51
2024-05-05 14:00:00+00:00,2024-05-05 19:30:00+05:30,34.27,19.51,3.71,0.0,7.77,97.59
2024-05-05 15:00:00+00:00,2024-05-05 20:30:00+05:30,33.36,19.76,4.12,0.0,7.2,97.66
2024-05-05 16:00:00+00:00,2024-05-05 21:30:00+05:30,32.38,20.08,4.35,0.0,6.66,97.72
2024-05-05 17:00:00+00:00,2024-05-05 22:30:00+05:30,31.32,21.23,4.28,0.0,6.57,97.75
2024-05-05 18:00:00+00:00,2024-05-05 23:30:00+05:30,30.33,23.12,4.09,0.0,6.99,97.77
2024-05-05 19:00:00+00:00,2024-05-06 00:30:00+05:30,29.47,25.46,3.87,0.0,7.69,97.77
2024-05-05 20:00:00+00:00,2024-05-06 01:30:00+05:30,28.74,27.78,3.68,0.0,8.34,97.78
2024-05-05 21:00:00+00:00,2024-05-06 02:30:00+05:30,28.06,29.68,3.42,0.0,8.74,97.77
2024-05-05 22:00:00+00:00,2024-05-06 03:30:00+05:30,27.42,31.25,3.13,0.0,8.95,97.8
2024-05-05 23:00:00+00:00,2024-05-06 04:30:00+05:30,26.86,32.57,2.88,0.0,9.08,97.85
2024-05-06 00:00:00+00:00,2024-05-06 05:30:00+05:30,26.99,32.61,2.53,30.38,9.21,97.91
2024-05-06 01:00:00+00:00,2024-05-06 06:30:00+05:30,30.1,27.5,2.84,193.4,9.37,97.97
2024-05-06 02:00:00+00:00,2024-05-06 07:30:00+05:30,33.11,23.45,1.74,399.42,9.53,98.05
2024-05-06 03:00:00+00:00,2024-05-06 08:30:00+05:30,37.5,18.53,2.75,606.2,9.63,98.1
2024-05-06 04:00:00+00:00,2024-05-06 09:30:00+05:30,39.38,16.44,3.47,778.08,9.37,98.13
2024-05-06 05:00:00+00:00,2024-05-06 10:30:00+05:30,40.74,15.09,3.83,897.3,9.17,98.1
2024-05-06 06:00:00+00:00,2024-05-06 11:30:00+05:30,42.0,13.91,4.2,928.4,8.98,98.02
2024-05-06 07:00:00+00:00,2024-05-06 12:30:00+05:30,42.73,13.19,4.57,918.62,8.77,97.91
2024-05-06 08:00:00+00:00,2024-05-06 13:30:00+05:30,43.03,12.74,4.98,774.5,8.48,97.8
2024-05-06 09:00:00+00:00,2024-05-06 14:30:00+05:30,42.82,12.54,5.5,675.85,8.08,97.73
2024-05-06 10:00:00+00:00,2024-05-06 15:30:00+05:30,42.24,12.57,6.13,503.58,7.69,97.69
2024-05-06 11:00:00+00:00,2024-05-06 16:30:00+05:30,41.2,12.96,6.51,286.9,7.31,97.68
2024-05-06 12:00:00+00:00,2024-05-06 17:30:00+05:30,39.61,13.87,5.76,100.57,7.06,97.72
2024-05-06 13:00:00+00:00,2024-05-06 18:30:00+05:30,35.89,16.98,3.44,5.35,7.06,97.78
2024-05-06 14:00:00+00:00,2024-05-06 19:30:00+05:30,34.05,18.81,3.27,0.0,7.06,97.86
2024-05-06 15:00:00+00:00,2024-05-06 20:30:00+05:30,32.98,20.02,3.2,0.0,7.08,97.93
2024-05-06 16:00:00+00:00,2024-05-06 21:30:00+05:30,32.02,21.21,3.15,0.0,7.16,97.97
2024-05-06 17:00:00+00:00,2024-05-06 22:30:00+05:30,31.09,22.53,3.11,0.0,7.25,97.99
2024-05-06 18:00:00+00:00,2024-05-06 23:30:00+05:30,30.23,23.89,3.09,0.0,7.4,98.0
2024-05-06 19:00:00+00:00,2024-05-07 00:30:00+05:30,29.51,25.35,3.11,0.0,7.66,98.0
2024-05-06 20:00:00+00:00,2024-05-07 01:30:00+05:30,28.92,27.05,3.16,0.0,8.11,97.99
2024-05-06 21:00:00+00:00,2024-05-07 02:30:00+05:30,28.4,28.92,3.11,0.0,8.66,97.99
2024-05-06 22:00:00+00:00,2024-05-07 03:30:00+05:30,27.95,30.36,3.04,0.0,8.99,98.0
2024-05-06 23:00:00+00:00,2024-05-07 04:30:00+05:30,27.68,30.89,2.95,0.0,9.0,98.03
2024-05-07 00:00:00+00:00,2024-05-07 05:30:00+05:30,28.11,30.1,2.74,30.08,8.99,98.07
2024-05-07 01:00:00+00:00,2024-05-07 06:30:00+05:30,32.01,24.18,3.3,164.9,9.06,98.13
2024-05-07 02:00:00+00:00,2024-05-07 07:30:00+05:30,35.39,19.97,3.18,321.4,9.03,98.18
2024-05-07 03:00:00+00:00,2024-05-07 08:30:00+05:30,39.25,14.85,1.71,502.23,7.77,98.23
2024-05-07 04:00:00+00:00,2024-05-07 09:30:00+05:30,40.61,13.61,0.7,699.7,7.58,98.26
2024-05-07 05:00:00+00:00,2024-05-07 10:30:00+05:30,41.39,13.1,0.72,862.33,7.62,98.25
2024-05-07 06:00:00+00:00,2024-05-07 11:30:00+05:30,42.18,12.6,1.12,891.7,7.66,98.2
2024-05-07 07:00:00+00:00,2024-05-07 12:30:00+05:30,42.88,12.17,1.33,861.2,7.7,98.12
2024-05-07 08:00:00+00:00,2024-05-07 13:30:00+05:30,43.37,11.82,1.37,779.0,7.65,98.04
2024-05-07 09:00:00+00:00,2024-05-07 14:30:00+05:30,43.21,11.75,1.18,645.25,7.46,97.96
2024-05-07 10:00:00+00:00,2024-05-07 15:30:00+05:30,42.75,11.79,0.93,465.4,7.15,97.9
2024-05-07 11:00:00+00:00,2024-05-07 16:30:00+05:30,41.88,12.05,0.65,265.73,6.8,97.86
2024-05-07 12:00:00+00:00,2024-05-07 17:30:00+05:30,40.31,13.53,0.51,101.2,7.23,97.87
2024-05-07 13:00:00+00:00,2024-05-07 18:30:00+05:30,37.37,15.8,1.69,5.15,7.19,97.92
2024-05-07 14:00:00+00:00,2024-05-07 19:30:00+05:30,35.6,17.26,2.55,0.0,7.06,97.98
2024-05-07 15:00:00+00:00,2024-05-07 20:30:00+05:30,34.58,18.59,2.82,0.0,7.31,98.06
2024-05-07 16:00:00+00:00,2024-05-07 21:30:00+05:30,33.62,20.1,2.93,0.0,7.68,98.12
2024-05-07 17:00:00+00:00,2024-05-07 22:30:00+05:30,32.73,21.68,3.07,0.0,8.05,98.16
2024-05-07 18:00:00+00:00,2024-05-07 23:30:00+05:30,31.89,23.16,3.16,0.0,8.33,98.16
2024-05-07 19:00:00+00:00,2024-05-08 00:30:00+05:30,30.94,24.74,3.1,0.0,8.51,98.12
2024-05-07 20:00:00+00:00,2024-05-08 01:30:00+05:30,29.83,26.58,3.0,0.0,8.63,98.08
2024-05-07 21:00:00+00:00,2024-05-08 02:30:00+05:30,28.96,28.06,2.99,0.0,8.68,98.08
2024-05-07 22:00:00+00:00,2024-05-08 03:30:00+05:30,28.2,29.33,3.07,0.0,8.69,98.09
2024-05-07 23:00:00+00:00,2024-05-08 04:30:00+05:30,27.48,30.48,3.22,0.0,8.64,98.13
2024-05-08 00:00:00+00:00,2024-05-08 05:30:00+05:30,27.43,30.24,3.86,29.92,8.46,98.18
2024-05-08 01:00:00+00:00,2024-05-08 06:30:00+05:30,29.2,26.75,5.0,171.25,8.15,98.22
2024-05-08 02:00:00+00:00,2024-05-08 07:30:00+05:30,32.57,21.12,5.25,355.83,7.52,98.24
2024-05-08 03:00:00+00:00,2024-05-08 08:30:00+05:30,36.81,16.1,5.69,548.15,7.01,98.24
2024-05-08 04:00:00+00:00,2024-05-08 09:30:00+05:30,39.44,13.85,5.17,617.2,6.91,98.23
2024-05-08 05:00:00+00:00,2024-05-08 10:30:00+05:30,41.21,12.16,4.33,797.38,6.4,98.18
2024-05-08 06:00:00+00:00,2024-05-08 11:30:00+05:30,42.31,11.0,3.47,881.4,5.82,98.11
2024-05-08 07:00:00+00:00,2024-05-08 12:30:00+05:30,42.95,10.3,2.69,898.8,5.39,98.03
2024-05-08 08:00:00+00:00,2024-05-08 13:30:00+05:30,43.13,9.96,1.92,813.5,5.05,97.93
2024-05-08 09:00:00+00:00,2024-05-08 14:30:00+05:30,42.85,9.92,1.15,666.42,4.8,97.86
2024-05-08 10:00:00+00:00,2024-05-08 15:30:00+05:30,42.18,10.18,0.37,477.58,4.63,97.81
2024-05-08 11:00:00+00:00,2024-05-08 16:30:00+05:30,41.18,10.67,0.58,293.4,4.54,97.8
2024-05-08 12:00:00+00:00,2024-05-08 17:30:00+05:30,39.57,12.1,0.68,109.22,5.07,97.83
2024-05-08 13:00:00+00:00,2024-05-08 18:30:00+05:30,36.36,14.63,1.62,5.35,5.29,97.89
2024-05-08 14:00:00+00:00,2024-05-08 19:30:00+05:30,33.8,16.72,2.8,0.0,5.16,97.97
2024-05-08 15:00:00+00:00,2024-05-08 20:30:00+05:30,32.71,18.87,3.45,0.0,6.02,98.05
2024-05-08 16:00:00+00:00,2024-05-08 21:30:00+05:30,31.69,22.28,4.76,0.0,7.59,98.12
2024-05-08 17:00:00+00:00,2024-05-08 22:30:00+05:30,30.36,26.67,5.36,0.0,9.11,98.16
2024-05-08 18:00:00+00:00,2024-05-08 23:30:00+05:30,29.22,30.64,5.35,0.0,10.2,98.17
2024-05-08 19:00:00+00:00,2024-05-09 00:30:00+05:30,28.19,34.4,5.33,0.0,11.05,98.16
2024-05-08 20:00:00+00:00,2024-05-09 01:30:00+05:30,27.17,38.28,5.46,0.0,11.76,98.15
2024-05-08 21:00:00+00:00,2024-05-09 02:30:00+05:30,26.44,41.0,5.38,0.0,12.17,98.15
2024-05-08 22:00:00+00:00,2024-05-09 03:30:00+05:30,26.02,42.58,5.31,0.0,12.36,98.14
2024-05-08 23:00:00+00:00,2024-05-09 04:30:00+05:30,25.68,43.84,5.09,0.0,12.5,98.18
2024-05-09 00:00:00+00:00,2024-05-09 05:30:00+05:30,25.64,44.68,5.18,29.75,12.74,98.23
2024-05-09 01:00:00+00:00,2024-05-09 06:30:00+05:30,27.4,41.67,5.77,171.35,13.26,98.29
2024-05-09 02:00:00+00:00,2024-05-09 07:30:00+05:30,30.45,35.34,6.03,367.23,13.45,98.33
2024-05-09 03:00:00+00:00,2024-05-09 08:30:00+05:30,33.31,29.0,5.44,560.55,12.89,98.35
2024-05-09 04:00:00+00:00,2024-05-09 09:30:00+05:30,35.57,25.14,4.71,765.47,12.64,98.33
2024-05-09 05:00:00+00:00,2024-05-09 10:30:00+05:30,37.47,22.48,3.99,885.9,12.51,98.27
2024-05-09 06:00:00+00:00,2024-05-09 11:30:00+05:30,38.99,20.51,3.02,906.35,12.37,98.19
2024-05-09 07:00:00+00:00,2024-05-09 12:30:00+05:30,40.14,19.04,1.96,891.88,12.17,98.09
2024-05-09 08:00:00+00:00,2024-05-09 13:30:00+05:30,40.82,17.88,1.31,806.72,11.77,97.98
2024-05-09 09:00:00+00:00,2024-05-09 14:30:00+05:30,40.91,17.13,1.17,661.58,11.2,97.89
2024-05-09 10:00:00+00:00,2024-05-09 15:30:00+05:30,40.53,16.75,1.12,473.8,10.57,97.83
2024-05-09 11:00:00+00:00,2024-05-09 16:30:00+05:30,39.69,17.0,1.16,269.48,10.1,97.81
2024-05-09 12:00:00+00:00,2024-05-09 17:30:00+05:30,38.37,17.96,1.11,99.5,9.88,97.85
2024-05-09 13:00:00+00:00,2024-05-09 18:30:00+05:30,35.35,21.41,1.6,5.57,10.02,97.93
2024-05-09 14:00:00+00:00,2024-05-09 19:30:00+05:30,33.42,24.43,2.51,0.0,10.39,98.03
2024-05-09 15:00:00+00:00,2024-05-09 20:30:00+05:30,32.5,26.48,2.85,0.0,10.83,98.1
2024-05-09 16:00:00+00:00,2024-05-09 21:30:00+05:30,31.61,28.45,3.03,0.0,11.16,98.12
2024-05-09 17:00:00+00:00,2024-05-09 22:30:00+05:30,30.81,30.16,3.2,0.0,11.35,98.12
2024-05-09 18:00:00+00:00,2024-05-09 23:30:00+05:30,30.04,31.7,3.27,0.0,11.43,98.1
2024-05-09 19:00:00+00:00,2024-05-10 00:30:00+05:30,29.26,33.26,3.18,0.0,11.47,98.07
2024-05-09 20:00:00+00:00,2024-05-10 01:30:00+05:30,28.46,35.03,3.0,0.0,11.57,98.05
2024-05-09 21:00:00+00:00,2024-05-10 02:30:00+05:30,27.72,36.87,2.89,0.0,11.69,98.06
2024-05-09 22:00:00+00:00,2024-05-10 03:30:00+05:30,27.14,38.59,2.91,0.0,11.87,98.09
2024-05-09 23:00:00+00:00,2024-05-10 04:30:00+05:30,26.61,40.42,3.11,0.0,12.1,98.16
2024-05-10 00:00:00+00:00,2024-05-10 05:30:00+05:30,26.65,41.21,4.14,27.05,12.41,98.24
2024-05-10 01:00:00+00:00,2024-05-10 06:30:00+05:30,28.19,38.79,5.13,157.12,12.87,98.32
2024-05-10 02:00:00+00:00,2024-05-10 07:30:00+05:30,31.62,32.54,5.47,331.98,13.2,98.37
2024-05-10 03:00:00+00:00,2024-05-10 08:30:00+05:30,34.89,26.32,5.27,470.9,12.76,98.41
2024-05-10 04:00:00+00:00,2024-05-10 09:30:00+05:30,36.97,22.83,4.44,700.38,12.33,98.42
2024-05-10 05:00:00+00:00,2024-05-10 10:30:00+05:30,38.69,20.27,3.34,820.8,11.93,98.37
2024-05-10 06:00:00+00:00,2024-05-10 11:30:00+05:30,40.11,18.29,2.22,898.53,11.52,98.29
2024-05-10 07:00:00+00:00,2024-05-10 12:30:00+05:30,41.1,16.79,1.14,878.55,11.06,98.2
2024-05-10 08:00:00+00:00,2024-05-10 13:30:00+05:30,41.64,15.78,0.15,790.38,10.55,98.09
2024-05-10 09:00:00+00:00,2024-05-10 14:30:00+05:30,41.9,15.13,0.79,625.15,10.12,98.0
2024-05-10 10:00:00+00:00,2024-05-10 15:30:00+05:30,41.74,15.08,1.38,432.3,9.95,97.94
2024-05-10 11:00:00+00:00,2024-05-10 16:30:00+05:30,41.02,15.66,1.77,249.75,9.95,97.91
2024-05-10 12:00:00+00:00,2024-05-10 17:30:00+05:30,39.69,16.98,1.77,82.75,10.09,97.91
2024-05-10 13:00:00+00:00,2024-05-10 18:30:00+05:30,36.35,20.83,2.16,4.9,10.45,97.96
2024-05-10 14:00:00+00:00,2024-05-10 19:30:00+05:30,34.91,23.71,2.85,0.0,11.2,98.03
2024-05-10 15:00:00+00:00,2024-05-10 20:30:00+05:30,34.11,26.76,3.46,0.0,12.35,98.12
2024-05-10 16:00:00+00:00,2024-05-10 21:30:00+05:30,33.11,30.72,4.02,0.0,13.6,98.18
2024-05-10 17:00:00+00:00,2024-05-10 22:30:00+05:30,31.99,35.1,4.24,0.0,14.69,98.23
2024-05-10 18:00:00+00:00,2024-05-10 23:30:00+05:30,30.98,39.02,4.25,0.0,15.44,98.25
2024-05-10 19:00:00+00:00,2024-05-11 00:30:00+05:30,30.14,42.06,4.14,0.0,15.86,98.24
2024-05-10 20:00:00+00:00,2024-05-11 01:30:00+05:30,29.44,44.32,3.91,0.0,16.06,98.25
2024-05-10 21:00:00+00:00,2024-05-11 02:30:00+05:30,28.71,46.4,3.32,0.0,16.1,98.27
2024-05-10 22:00:00+00:00,2024-05-11 03:30:00+05:30,28.04,48.18,2.55,0.0,16.1,98.32
2024-05-10 23:00:00+00:00,2024-05-11 04:30:00+05:30,27.61,49.26,2.05,0.0,16.05,98.37
2024-05-11 00:00:00+00:00,2024-05-11 05:30:00+05:30,27.6,49.11,2.17,21.33,16.0,98.43
2024-05-11 01:00:00+00:00,2024-05-11 06:30:00+05:30,28.55,46.5,1.85,124.22,16.0,98.5
2024-05-11 02:00:00+00:00,2024-05-11 07:30:00+05:30,31.57,36.88,1.58,267.08,15.07,98.57
2024-05-11 03:00:00+00:00,2024-05-11 08:30:00+05:30,34.73,27.35,2.74,494.65,13.2,98.62
2024-05-11 04:00:00+00:00,2024-05-11 09:30:00+05:30,36.75,23.69,2.87,689.03,12.71,98.62
2024-05-11 05:00:00+00:00,2024-05-11 10:30:00+05:30,38.5,21.26,2.77,811.85,12.51,98.58
2024-05-11 06:00:00+00:00,2024-05-11 11:30:00+05:30,40.11,19.15,2.74,881.8,12.23,98.51
2024-05-11 07:00:00+00:00,2024-05-11 12:30:00+05:30,41.13,17.68,2.86,857.05,11.85,98.42
2024-05-11 08:00:00+00:00,2024-05-11 13:30:00+05:30,41.68,16.69,3.04,818.15,11.43,98.31
2024-05-11 09:00:00+00:00,2024-05-11 14:30:00+05:30,41.73,16.15,3.04,688.05,10.96,98.21
2024-05-11 10:00:00+00:00,2024-05-11 15:30:00+05:30,41.36,15.99,3.06,508.0,10.53,98.15
2024-05-11 11:00:00+00:00,2024-05-11 16:30:00+05:30,40.53,16.29,3.23,303.45,10.14,98.12
2024-05-11 12:00:00+00:00,2024-05-11 17:30:00+05:30,39.2,17.07,3.17,115.6,9.79,98.13
2024-05-11 13:00:00+00:00,2024-05-11 18:30:00+05:30,35.79,20.34,2.17,6.78,9.63,98.18
2024-05-11 14:00:00+00:00,2024-05-11 19:30:00+05:30,34.13,22.11,2.42,0.0,9.49,98.26
2024-05-11 15:00:00+00:00,2024-05-11 20:30:00+05:30,33.13,23.52,2.49,0.0,9.6,98.33
2024-05-11 16:00:00+00:00,2024-05-11 21:30:00+05:30,32.18,25.24,2.42,0.0,9.84,98.36
2024-05-11 17:00:00+00:00,2024-05-11 22:30:00+05:30,31.31,27.07,2.25,0.0,10.15,98.37
2024-05-11 18:00:00+00:00,2024-05-11 23:30:00+05:30,30.58,28.92,2.02,0.0,10.51,98.34
2024-05-11 19:00:00+00:00,2024-05-12 00:30:00+05:30,30.0,30.84,1.72,0.0,10.97,98.29
2024-05-11 20:00:00+00:00,2024-05-12 01:30:00+05:30,29.69,32.66,1.26,0.0,11.57,98.26
2024-05-11 21:00:00+00:00,2024-05-12 02:30:00+05:30,29.4,34.04,0.87,0.0,11.96,98.24
2024-05-11 22:00:00+00:00,2024-05-12 03:30:00+05:30,29.19,34.7,0.36,0.0,12.06,98.27
2024-05-11 23:00:00+00:00,2024-05-12 04:30:00+05:30,28.32,37.0,0.74,0.0,12.27,98.33
2024-05-12 00:00:00+00:00,2024-05-12 05:30:00+05:30,27.78,38.97,1.55,25.67,12.58,98.42
2024-05-12 01:00:00+00:00,2024-05-12 06:30:00+05:30,29.53,33.76,2.83,136.75,11.94,98.5
2024-05-12 02:00:00+00:00,2024-05-12 07:30:00+05:30,32.9,26.89,3.68,283.3,11.39,98.56
2024-05-12 03:00:00+00:00,2024-05-12 08:30:00+05:30,36.11,21.09,4.57,476.92,10.44,98.61
2024-05-12 04:00:00+00:00,2024-05-12 09:30:00+05:30,38.16,18.23,4.23,668.92,9.92,98.62
2024-05-12 05:00:00+00:00,2024-05-12 10:30:00+05:30,39.74,16.64,3.74,771.38,9.84,98.58
2024-05-12 06:00:00+00:00,2024-05-12 11:30:00+05:30,40.43,16.09,3.37,815.9,9.88,98.51
2024-05-12 07:00:00+00:00,2024-05-12 12:30:00+05:30,41.05,15.65,3.2,860.75,9.96,98.41
2024-05-12 08:00:00+00:00,2024-05-12 13:30:00+05:30,41.92,15.01,3.34,774.28,10.03,98.31
2024-05-12 09:00:00+00:00,2024-05-12 14:30:00+05:30,41.81,15.12,3.51,620.8,10.04,98.21
2024-05-12 10:00:00+00:00,2024-05-12 15:30:00+05:30,41.11,15.68,3.91,459.67,10.03,98.15
2024-05-12 11:00:00+00:00,2024-05-12 16:30:00+05:30,40.31,16.37,4.2,277.45,10.05,98.11
2024-05-12 12:00:00+00:00,2024-05-12 17:30:00+05:30,39.03,17.67,3.72,105.53,10.15,98.12
2024-05-12 13:00:00+00:00,2024-05-12 18:30:00+05:30,35.66,21.42,2.21,6.6,10.29,98.16
2024-05-12 14:00:00+00:00,2024-05-12 19:30:00+05:30,34.36,23.2,2.07,0.0,10.41,98.22
2024-05-12 15:00:00+00:00,2024-05-12 20:30:00+05:30,33.84,24.1,1.86,0.0,10.55,98.27
2024-05-12 16:00:00+00:00,2024-05-12 21:30:00+05:30,33.17,25.21,1.79,0.0,10.66,98.3
2024-05-12 17:00:00+00:00,2024-05-12 22:30:00+05:30,32.3,26.58,1.86,0.0,10.72,98.32
2024-05-12 18:00:00+00:00,2024-05-12 23:30:00+05:30,31.27,28.21,2.04,0.0,10.73,98.32
2024-05-12 19:00:00+00:00,2024-05-13 00:30:00+05:30,30.31,29.86,2.19,0.0,10.78,98.3
2024-05-12 20:00:00+00:00,2024-05-13 01:30:00+05:30,29.48,31.62,2.27,0.0,10.89,98.28
2024-05-12 21:00:00+00:00,2024-05-13 02:30:00+05:30,28.86,32.97,2.22,0.0,10.98,98.27
2024-05-12 22:00:00+00:00,2024-05-13 03:30:00+05:30,28.42,33.95,2.14,0.0,11.04,98.3
2024-05-12 23:00:00+00:00,2024-05-13 04:30:00+05:30,27.9,35.1,2.19,0.0,11.1,98.35
2024-05-13 00:00:00+00:00,2024-05-13 05:30:00+05:30,28.03,35.11,2.2,30.52,11.22,98.43
2024-05-13 01:00:00+00:00,2024-05-13 06:30:00+05:30,31.17,29.43,3.06,164.52,11.29,98.52
2024-05-13 02:00:00+00:00,2024-05-13 07:30:00+05:30,34.88,23.21,2.27,356.4,10.84,98.57
2024-05-13 03:00:00+00:00,2024-05-13 08:30:00+05:30,38.38,17.09,0.84,542.9,9.13,98.6
2024-05-13 04:00:00+00:00,2024-05-13 09:30:00+05:30,39.74,15.23,1.13,693.78,8.54,98.58
2024-05-13 05:00:00+00:00,2024-05-13 10:30:00+05:30,40.88,14.09,1.61,837.12,8.28,98.54
2024-05-13 06:00:00+00:00,2024-05-13 11:30:00+05:30,41.62,13.38,2.27,881.0,8.1,98.47
2024-05-13 07:00:00+00:00,2024-05-13 12:30:00+05:30,42.17,12.82,2.96,804.9,7.91,98.38
2024-05-13 08:00:00+00:00,2024-05-13 13:30:00+05:30,42.4,12.49,3.59,593.5,7.69,98.3
2024-05-13 09:00:00+00:00,2024-05-13 14:30:00+05:30,42.18,12.3,3.83,398.7,7.32,98.22
2024-05-13 10:00:00+00:00,2024-05-13 15:30:00+05:30,41.66,12.15,3.95,331.33,6.74,98.17
2024-05-13 11:00:00+00:00,2024-05-13 16:30:00+05:30,40.68,12.28,4.16,208.07,6.15,98.15
2024-05-13 12:00:00+00:00,2024-05-13 17:30:00+05:30,39.17,12.87,3.85,77.03,5.65,98.17
2024-05-13 13:00:00+00:00,2024-05-13 18:30:00+05:30,35.29,15.82,2.67,6.1,5.55,98.22
2024-05-13 14:00:00+00:00,2024-05-13 19:30:00+05:30,33.34,17.15,2.92,0.0,5.16,98.28
2024-05-13 15:00:00+00:00,2024-05-13 20:30:00+05:30,32.13,17.81,2.98,0.0,4.72,98.33
2024-05-13 16:00:00+00:00,2024-05-13 21:30:00+05:30,31.07,18.33,3.0,0.0,4.27,98.37
2024-05-13 17:00:00+00:00,2024-05-13 22:30:00+05:30,30.11,18.78,2.98,0.0,3.85,98.39
2024-05-13 18:00:00+00:00,2024-05-13 23:30:00+05:30,29.26,19.26,2.97,0.0,3.49,98.38
2024-05-13 19:00:00+00:00,2024-05-14 00:30:00+05:30,28.47,19.83,2.98,0.0,3.26,98.35
2024-05-13 20:00:00+00:00,2024-05-14 01:30:00+05:30,27.68,20.67,3.01,0.0,3.22,98.33
2024-05-13 21:00:00+00:00,2024-05-14 02:30:00+05:30,26.91,21.85,3.0,0.0,3.34,98.33
2024-05-13 22:00:00+00:00,2024-05-14 03:30:00+05:30,26.1,23.48,2.89,0.0,3.67,98.35
2024-05-13 23:00:00+00:00,2024-05-14 04:30:00+05:30,25.36,25.42,2.72,0.0,4.19,98.4
2024-05-14 00:00:00+00:00,2024-05-14 05:30:00+05:30,25.63,25.99,2.34,35.05,4.73,98.47
2024-05-14 01:00:00+00:00,2024-05-14 06:30:00+05:30,28.84,22.18,2.39,182.93,5.17,98.54
2024-05-14 02:00:00+00:00,2024-05-14 07:30:00+05:30,32.09,18.66,1.18,363.55,5.35,98.6
2024-05-14 03:00:00+00:00,2024-05-14 08:30:00+05:30,38.05,12.2,2.61,542.33,4.02,98.64
2024-05-14 04:00:00+00:00,2024-05-14 09:30:00+05:30,40.1,10.94,3.28,776.38,4.08,98.63
2024-05-14 05:00:00+00:00,2024-05-14 10:30:00+05:30,41.33,10.45,3.67,902.45,4.37,98.58
2024-05-14 06:00:00+00:00,2024-05-14 11:30:00+05:30,42.27,10.09,4.21,920.97,4.57,98.5
2024-05-14 07:00:00+00:00,2024-05-14 12:30:00+05:30,42.86,9.79,4.88,908.3,4.62,98.42
2024-05-14 08:00:00+00:00,2024-05-14 13:30:00+05:30,43.09,9.63,5.53,824.1,4.56,98.32
2024-05-14 09:00:00+00:00,2024-05-14 14:30:00+05:30,42.74,9.74,6.01,679.83,4.45,98.24
2024-05-14 10:00:00+00:00,2024-05-14 15:30:00+05:30,42.11,9.97,6.25,493.77,4.28,98.17
2024-05-14 11:00:00+00:00,2024-05-14 16:30:00+05:30,41.07,10.4,6.24,289.2,4.11,98.14
2024-05-14 12:00:00+00:00,2024-05-14 17:30:00+05:30,39.49,11.27,5.31,107.05,4.03,98.15
2024-05-14 13:00:00+00:00,2024-05-14 18:30:00+05:30,35.55,14.13,3.23,7.45,4.15,98.19
2024-05-14 14:00:00+00:00,2024-05-14 19:30:00+05:30,33.61,15.72,3.23,0.0,4.12,98.26
2024-05-14 15:00:00+00:00,2024-05-14 20:30:00+05:30,32.51,16.6,3.18,0.0,4.03,98.31
2024-05-14 16:00:00+00:00,2024-05-14 21:30:00+05:30,31.45,17.42,3.08,0.0,3.85,98.34
2024-05-14 17:00:00+00:00,2024-05-14 22:30:00+05:30,30.45,18.05,2.96,0.0,3.55,98.34
2024-05-14 18:00:00+00:00,2024-05-14 23:30:00+05:30,29.47,18.52,2.87,0.0,3.09,98.31
2024-05-14 19:00:00+00:00,2024-05-15 00:30:00+05:30,28.52,18.75,2.79,0.0,2.51,98.28
2024-05-14 20:00:00+00:00,2024-05-15 01:30:00+05:30,27.66,18.78,2.72,0.0,1.82,98.26
2024-05-14 21:00:00+00:00,2024-05-15 02:30:00+05:30,27.18,18.44,2.44,0.0,1.17,98.26
2024-05-14 22:00:00+00:00,2024-05-15 03:30:00+05:30,27.43,17.58,1.9,0.0,0.71,98.29
2024-05-14 23:00:00+00:00,2024-05-15 04:30:00+05:30,27.93,16.78,1.2,0.0,0.49,98.33
2024-05-15 00:00:00+00:00,2024-05-15 05:30:00+05:30,28.43,16.4,0.47,35.78,0.56,98.39
2024-05-15 01:00:00+00:00,2024-05-15 06:30:00+05:30,30.06,15.34,0.86,186.3,0.96,98.48
2024-05-15 02:00:00+00:00,2024-05-15 07:30:00+05:30,33.15,12.85,1.49,396.73,0.95,98.54
2024-05-15 03:00:00+00:00,2024-05-15 08:30:00+05:30,38.77,10.06,2.57,594.15,1.89,98.57
2024-05-15 04:00:00+00:00,2024-05-15 09:30:00+05:30,40.67,9.46,3.26,712.05,2.49,98.56
2024-05-15 05:00:00+00:00,2024-05-15 10:30:00+05:30,41.94,8.84,3.49,862.75,2.53,98.51
2024-05-15 06:00:00+00:00,2024-05-15 11:30:00+05:30,42.85,8.29,3.68,934.22,2.34,98.43
2024-05-15 07:00:00+00:00,2024-05-15 12:30:00+05:30,43.42,7.87,3.89,957.12,2.07,98.35
2024-05-15 08:00:00+00:00,2024-05-15 13:30:00+05:30,43.64,7.58,4.07,873.0,1.74,98.26
2024-05-15 09:00:00+00:00,2024-05-15 14:30:00+05:30,43.35,7.47,4.5,725.78,1.35,98.18
2024-05-15 10:00:00+00:00,2024-05-15 15:30:00+05:30,42.69,7.51,4.98,532.03,0.93,98.14
2024-05-15 11:00:00+00:00,2024-05-15 16:30:00+05:30,41.58,7.72,5.16,315.42,0.48,98.14
2024-05-15 12:00:00+00:00,2024-05-15 17:30:00+05:30,39.7,8.32,3.94,121.88,0.06,98.18
2024-05-15 13:00:00+00:00,2024-05-15 18:30:00+05:30,35.33,10.47,2.83,8.02,-0.13,98.25
2024-05-15 14:00:00+00:00,2024-05-15 19:30:00+05:30,33.72,10.89,2.74,0.0,-0.83,98.33
2024-05-15 15:00:00+00:00,2024-05-15 20:30:00+05:30,33.34,10.67,2.32,0.0,-1.4,98.39
2024-05-15 16:00:00+00:00,2024-05-15 21:30:00+05:30,32.93,10.64,2.09,0.0,-1.76,98.43
2024-05-15 17:00:00+00:00,2024-05-15 22:30:00+05:30,32.03,10.97,2.16,0.0,-2.03,98.44
2024-05-15 18:00:00+00:00,2024-05-15 23:30:00+05:30,30.99,11.49,2.29,0.0,-2.21,98.42
2024-05-15 19:00:00+00:00,2024-05-16 00:30:00+05:30,29.91,12.14,2.42,0.0,-2.31,98.39
2024-05-15 20:00:00+00:00,2024-05-16 01:30:00+05:30,28.75,12.94,2.56,0.0,-2.34,98.37
2024-05-15 21:00:00+00:00,2024-05-16 02:30:00+05:30,27.85,13.72,2.62,0.0,-2.25,98.38
2024-05-15 22:00:00+00:00,2024-05-16 03:30:00+05:30,27.15,14.56,2.59,0.0,-2.02,98.4
2024-05-15 23:00:00+00:00,2024-05-16 04:30:00+05:30,26.63,15.47,2.52,0.0,-1.63,98.45
2024-05-16 00:00:00+00:00,2024-05-16 05:30:00+05:30,26.86,15.94,2.34,36.53,-1.06,98.51
2024-05-16 01:00:00+00:00,2024-05-16 06:30:00+05:30,30.34,13.58,2.55,173.88,-0.48,98.57
2024-05-16 02:00:00+00:00,2024-05-16 07:30:00+05:30,33.48,11.59,2.41,374.1,-0.19,98.61
2024-05-16 03:00:00+00:00,2024-05-16 08:30:00+05:30,38.91,8.95,1.1,570.1,0.43,98.62
2024-05-16 04:00:00+00:00,2024-05-16 09:30:00+05:30,41.55,8.97,0.97,761.67,2.44,98.59
2024-05-16 05:00:00+00:00,2024-05-16 10:30:00+05:30,42.95,8.73,1.41,887.65,3.13,98.52
2024-05-16 06:00:00+00:00,2024-05-16 11:30:00+05:30,43.91,8.58,1.84,923.33,3.59,98.42
2024-05-16 07:00:00+00:00,2024-05-16 12:30:00+05:30,44.56,8.67,2.4,913.4,4.19,98.29
2024-05-16 08:00:00+00:00,2024-05-16 13:30:00+05:30,44.87,8.96,3.12,836.67,4.9,98.16
2024-05-16 09:00:00+00:00,2024-05-16 14:30:00+05:30,44.83,9.4,3.71,694.22,5.51,98.06
2024-05-16 10:00:00+00:00,2024-05-16 15:30:00+05:30,44.33,10.01,4.18,500.62,6.01,97.98
2024-05-16 11:00:00+00:00,2024-05-16 16:30:00+05:30,43.39,10.66,4.47,292.35,6.21,97.92
2024-05-16 12:00:00+00:00,2024-05-16 17:30:00+05:30,41.72,11.69,3.5,114.18,6.25,97.92
2024-05-16 13:00:00+00:00,2024-05-16 18:30:00+05:30,37.68,14.71,2.55,7.88,6.39,97.96
2024-05-16 14:00:00+00:00,2024-05-16 19:30:00+05:30,36.37,15.65,2.39,0.0,6.27,98.02
2024-05-16 15:00:00+00:00,2024-05-16 20:30:00+05:30,35.91,15.95,2.13,0.0,6.16,98.06
2024-05-16 16:00:00+00:00,2024-05-16 21:30:00+05:30,35.79,16.01,1.72,0.0,6.13,98.08
2024-05-16 17:00:00+00:00,2024-05-16 22:30:00+05:30,35.87,15.94,1.02,0.0,6.13,98.1
2024-05-16 18:00:00+00:00,2024-05-16 23:30:00+05:30,35.74,16.08,0.24,0.0,6.15,98.09
2024-05-16 19:00:00+00:00,2024-05-17 00:30:00+05:30,34.68,17.1,0.6,0.0,6.19,98.07
2024-05-16 20:00:00+00:00,2024-05-17 01:30:00+05:30,33.45,18.37,1.12,0.0,6.22,98.04
2024-05-16 21:00:00+00:00,2024-05-17 02:30:00+05:30,31.98,19.95,1.57,0.0,6.22,98.02
2024-05-16 22:00:00+00:00,2024-05-17 03:30:00+05:30,30.58,21.5,2.0,0.0,6.16,98.04
2024-05-16 23:00:00+00:00,2024-05-17 04:30:00+05:30,29.46,22.82,2.27,0.0,6.08,98.08
2024-05-17 00:00:00+00:00,2024-05-17 05:30:00+05:30,29.45,22.73,2.21,35.15,6.01,98.13
2024-05-17 01:00:00+00:00,2024-05-17 06:30:00+05:30,32.74,18.83,2.27,173.75,6.02,98.18
2024-05-17 02:00:00+00:00,2024-05-17 07:30:00+05:30,36.55,15.5,1.49,330.35,6.28,98.23
2024-05-17 03:00:00+00:00,2024-05-17 08:30:00+05:30,40.97,12.33,1.44,504.83,6.43,98.24
2024-05-17 04:00:00+00:00,2024-05-17 09:30:00+05:30,43.3,10.85,2.04,699.45,6.37,98.21
2024-05-17 05:00:00+00:00,2024-05-17 10:30:00+05:30,44.69,10.02,2.27,836.72,6.31,98.15
2024-05-17 06:00:00+00:00,2024-05-17 11:30:00+05:30,45.67,9.4,2.75,923.4,6.13,98.05
2024-05-17 07:00:00+00:00,2024-05-17 12:30:00+05:30,46.33,8.86,3.49,868.9,5.8,97.93
2024-05-17 08:00:00+00:00,2024-05-17 13:30:00+05:30,46.63,8.4,4.35,800.75,5.31,97.81
2024-05-17 09:00:00+00:00,2024-05-17 14:30:00+05:30,46.42,8.06,5.07,672.97,4.6,97.71
2024-05-17 10:00:00+00:00,2024-05-17 15:30:00+05:30,45.83,7.94,5.57,480.92,3.96,97.66
2024-05-17 11:00:00+00:00,2024-05-17 16:30:00+05:30,44.79,8.26,5.7,304.0,3.74,97.65
2024-05-17 12:00:00+00:00,2024-05-17 17:30:00+05:30,43.07,9.21,4.49,112.3,3.95,97.68
2024-05-17 13:00:00+00:00,2024-05-17 18:30:00+05:30,38.58,12.22,2.98,7.93,4.47,97.74
2024-05-17 14:00:00+00:00,2024-05-17 19:30:00+05:30,36.84,13.77,2.92,0.0,4.79,97.8
2024-05-17 15:00:00+00:00,2024-05-17 20:30:00+05:30,36.23,14.55,2.65,0.0,5.1,97.84
2024-05-17 16:00:00+00:00,2024-05-17 21:30:00+05:30,35.87,15.11,2.4,0.0,5.37,97.86
2024-05-17 17:00:00+00:00,2024-05-17 22:30:00+05:30,35.32,15.84,2.33,0.0,5.6,97.85
2024-05-17 18:00:00+00:00,2024-05-17 23:30:00+05:30,34.41,16.92,2.56,0.0,5.81,97.83
2024-05-17 19:00:00+00:00,2024-05-18 00:30:00+05:30,33.49,18.07,2.82,0.0,6.03,97.8
2024-05-17 20:00:00+00:00,2024-05-18 01:30:00+05:30,32.65,19.38,2.87,0.0,6.34,97.77
2024-05-17 21:00:00+00:00,2024-05-18 02:30:00+05:30,31.75,20.82,2.75,0.0,6.66,97.76
2024-05-17 22:00:00+00:00,2024-05-18 03:30:00+05:30,31.03,22.07,2.53,0.0,6.91,97.76
2024-05-17 23:00:00+00:00,2024-05-18 04:30:00+05:30,30.52,23.01,2.22,0.0,7.09,97.79
2024-05-18 00:00:00+00:00,2024-05-18 05:30:00+05:30,30.7,22.93,1.78,35.65,7.2,97.82
2024-05-18 01:00:00+00:00,2024-05-18 06:30:00+05:30,33.05,20.15,1.68,177.15,7.24,97.87
2024-05-18 02:00:00+00:00,2024-05-18 07:30:00+05:30,36.01,17.34,1.3,359.55,7.45,97.91
2024-05-18 03:00:00+00:00,2024-05-18 08:30:00+05:30,40.55,14.41,2.01,569.88,8.36,97.91
2024-05-18 04:00:00+00:00,2024-05-18 09:30:00+05:30,42.86,12.85,2.49,745.08,8.47,97.88
2024-05-18 05:00:00+00:00,2024-05-18 10:30:00+05:30,44.62,11.62,3.05,869.12,8.36,97.81
2024-05-18 06:00:00+00:00,2024-05-18 11:30:00+05:30,45.88,10.76,3.9,919.38,8.21,97.72
2024-05-18 07:00:00+00:00,2024-05-18 12:30:00+05:30,46.65,10.14,4.98,912.17,7.92,97.62
2024-05-18 08:00:00+00:00,2024-05-18 13:30:00+05:30,46.88,9.63,6.22,830.62,7.38,97.53
2024-05-18 09:00:00+00:00,2024-05-18 14:30:00+05:30,46.63,9.29,7.02,684.6,6.69,97.45
2024-05-18 10:00:00+00:00,2024-05-18 15:30:00+05:30,46.01,9.05,7.38,492.65,5.88,97.38
2024-05-18 11:00:00+00:00,2024-05-18 16:30:00+05:30,45.04,9.09,7.34,283.05,5.19,97.35
2024-05-18 12:00:00+00:00,2024-05-18 17:30:00+05:30,43.53,9.6,6.15,105.25,4.83,97.35
2024-05-18 13:00:00+00:00,2024-05-18 18:30:00+05:30,39.35,12.14,3.53,8.27,4.95,97.38
2024-05-18 14:00:00+00:00,2024-05-18 19:30:00+05:30,37.14,13.86,3.4,0.0,5.12,97.42
2024-05-18 15:00:00+00:00,2024-05-18 20:30:00+05:30,35.97,14.97,3.36,0.0,5.3,97.47
2024-05-18 16:00:00+00:00,2024-05-18 21:30:00+05:30,34.99,16.05,3.32,0.0,5.52,97.52
2024-05-18 17:00:00+00:00,2024-05-18 22:30:00+05:30,34.12,17.2,3.29,0.0,5.81,97.53
2024-05-18 18:00:00+00:00,2024-05-18 23:30:00+05:30,33.3,18.46,3.28,0.0,6.19,97.54
2024-05-18 19:00:00+00:00,2024-05-19 00:30:00+05:30,32.51,19.9,3.22,0.0,6.62,97.53
2024-05-18 20:00:00+00:00,2024-05-19 01:30:00+05:30,31.95,21.26,3.11,0.0,7.1,97.52
2024-05-18 21:00:00+00:00,2024-05-19 02:30:00+05:30,31.46,22.7,2.89,0.0,7.66,97.52
2024-05-18 22:00:00+00:00,2024-05-19 03:30:00+05:30,30.89,24.5,2.7,0.0,8.3,97.54
2024-05-18 23:00:00+00:00,2024-05-19 04:30:00+05:30,30.15,26.83,2.64,0.0,9.02,97.57
2024-05-19 00:00:00+00:00,2024-05-19 05:30:00+05:30,30.65,27.43,2.3,39.97,9.77,97.62
2024-05-19 01:00:00+00:00,2024-05-19 06:30:00+05:30,33.8,23.95,2.77,185.35,10.4,97.68
2024-05-19 02:00:00+00:00,2024-05-19 07:30:00+05:30,37.16,20.43,2.07,361.8,10.79,97.73
2024-05-19 03:00:00+00:00,2024-05-19 08:30:00+05:30,41.55,16.65,1.83,564.53,11.29,97.75
2024-05-19 04:00:00+00:00,2024-05-19 09:30:00+05:30,43.67,14.23,2.18,745.72,10.6,97.74
2024-05-19 05:00:00+00:00,2024-05-19 10:30:00+05:30,45.27,12.49,3.2,868.75,9.9,97.7
2024-05-19 06:00:00+00:00,2024-05-19 11:30:00+05:30,46.43,11.35,4.4,914.17,9.39,97.62
2024-05-19 07:00:00+00:00,2024-05-19 12:30:00+05:30,47.13,10.7,5.66,908.0,9.06,97.52
2024-05-19 08:00:00+00:00,2024-05-19 13:30:00+05:30,47.12,10.5,6.93,823.15,8.79,97.43
2024-05-19 09:00:00+00:00,2024-05-19 14:30:00+05:30,46.73,10.48,7.86,659.78,8.46,97.34
2024-05-19 10:00:00+00:00,2024-05-19 15:30:00+05:30,46.11,10.67,8.18,496.02,8.27,97.27
2024-05-19 11:00:00+00:00,2024-05-19 16:30:00+05:30,45.07,11.16,8.15,274.17,8.12,97.24
2024-05-19 12:00:00+00:00,2024-05-19 17:30:00+05:30,43.62,11.92,7.46,97.57,7.98,97.26
2024-05-19 13:00:00+00:00,2024-05-19 18:30:00+05:30,40.56,14.03,4.84,7.43,7.98,97.32
2024-05-19 14:00:00+00:00,2024-05-19 19:30:00+05:30,38.26,16.07,4.15,0.0,8.13,97.41
2024-05-19 15:00:00+00:00,2024-05-19 20:30:00+05:30,36.97,17.64,3.84,0.0,8.48,97.49
2024-05-19 16:00:00+00:00,2024-05-19 21:30:00+05:30,35.85,19.4,3.5,0.0,8.98,97.54
2024-05-19 17:00:00+00:00,2024-05-19 22:30:00+05:30,34.99,21.06,3.3,0.0,9.5,97.56
2024-05-19 18:00:00+00:00,2024-05-19 23:30:00+05:30,34.34,22.55,3.27,0.0,9.96,97.55
2024-05-19 19:00:00+00:00,2024-05-20 00:30:00+05:30,33.8,23.94,3.48,0.0,10.41,97.53
2024-05-19 20:00:00+00:00,2024-05-20 01:30:00+05:30,33.45,25.04,3.84,0.0,10.79,97.52
2024-05-19 21:00:00+00:00,2024-05-20 02:30:00+05:30,32.7,26.5,3.65,0.0,11.01,97.52
2024-05-19 22:00:00+00:00,2024-05-20 03:30:00+05:30,31.89,27.88,3.21,0.0,11.08,97.56
2024-05-19 23:00:00+00:00,2024-05-20 04:30:00+05:30,31.36,28.84,2.9,0.0,11.15,97.6
2024-05-20 00:00:00+00:00,2024-05-20 05:30:00+05:30,31.9,28.13,2.37,35.4,11.24,97.68
2024-05-20 01:00:00+00:00,2024-05-20 06:30:00+05:30,34.12,24.94,2.63,160.07,11.3,97.77
2024-05-20 02:00:00+00:00,2024-05-20 07:30:00+05:30,37.01,20.89,2.11,304.95,11.03,97.84
2024-05-20 03:00:00+00:00,2024-05-20 08:30:00+05:30,41.26,15.61,2.23,495.77,10.1,97.88
2024-05-20 04:00:00+00:00,2024-05-20 09:30:00+05:30,43.62,13.03,2.4,712.58,9.27,97.88
2024-05-20 05:00:00+00:00,2024-05-20 10:30:00+05:30,45.19,11.48,2.75,876.85,8.61,97.83
2024-05-20 06:00:00+00:00,2024-05-20 11:30:00+05:30,46.26,10.4,3.98,922.75,8.02,97.75
2024-05-20 07:00:00+00:00,2024-05-20 12:30:00+05:30,46.92,9.63,5.78,911.47,7.41,97.66
2024-05-20 08:00:00+00:00,2024-05-20 13:30:00+05:30,47.01,9.11,7.36,808.72,6.71,97.56
2024-05-20 09:00:00+00:00,2024-05-20 14:30:00+05:30,46.72,8.72,8.12,687.0,5.86,97.49
2024-05-20 10:00:00+00:00,2024-05-20 15:30:00+05:30,46.22,8.54,8.3,512.15,5.22,97.43
2024-05-20 11:00:00+00:00,2024-05-20 16:30:00+05:30,45.18,8.8,8.24,299.3,4.86,97.41
2024-05-20 12:00:00+00:00,2024-05-20 17:30:00+05:30,43.7,9.47,7.3,116.68,4.76,97.42
2024-05-20 13:00:00+00:00,2024-05-20 18:30:00+05:30,40.12,11.5,4.34,9.98,4.79,97.46
2024-05-20 14:00:00+00:00,2024-05-20 19:30:00+05:30,37.79,13.08,3.87,0.0,4.82,97.53
2024-05-20 15:00:00+00:00,2024-05-20 20:30:00+05:30,36.77,13.84,3.87,0.0,4.81,97.6
2024-05-20 16:00:00+00:00,2024-05-20 21:30:00+05:30,35.82,14.56,3.86,0.0,4.8,97.65
2024-05-20 17:00:00+00:00,2024-05-20 22:30:00+05:30,34.91,15.34,3.78,0.0,4.82,97.68
2024-05-20 18:00:00+00:00,2024-05-20 23:30:00+05:30,33.99,16.21,3.6,0.0,4.87,97.69
2024-05-20 19:00:00+00:00,2024-05-21 00:30:00+05:30,33.02,17.23,3.33,0.0,4.96,97.68
2024-05-20 20:00:00+00:00,2024-05-21 01:30:00+05:30,32.11,18.3,3.05,0.0,5.09,97.67
2024-05-20 21:00:00+00:00,2024-05-21 02:30:00+05:30,31.32,19.41,2.57,0.0,5.3,97.67
2024-05-20 22:00:00+00:00,2024-05-21 03:30:00+05:30,30.97,20.19,1.85,0.0,5.56,97.7
2024-05-20 23:00:00+00:00,2024-05-21 04:30:00+05:30,31.09,20.41,1.0,0.0,5.8,97.75
2024-05-21 00:00:00+00:00,2024-05-21 05:30:00+05:30,31.16,20.55,0.63,33.72,5.96,97.81
2024-05-21 01:00:00+00:00,2024-05-21 06:30:00+05:30,32.72,18.92,2.08,151.43,6.06,97.88
2024-05-21 02:00:00+00:00,2024-05-21 07:30:00+05:30,35.82,16.2,3.54,369.65,6.28,97.94
2024-05-21 03:00:00+00:00,2024-05-21 08:30:00+05:30,39.19,13.67,3.79,566.65,6.49,97.98
2024-05-21 04:00:00+00:00,2024-05-21 09:30:00+05:30,41.46,12.1,3.14,742.17,6.49,97.97
2024-05-21 05:00:00+00:00,2024-05-21 10:30:00+05:30,43.22,10.83,2.37,862.15,6.28,97.91
2024-05-21 06:00:00+00:00,2024-05-21 11:30:00+05:30,44.58,9.78,1.66,923.5,5.88,97.83
2024-05-21 07:00:00+00:00,2024-05-21 12:30:00+05:30,45.5,9.05,1.49,919.53,5.48,97.74
2024-05-21 08:00:00+00:00,2024-05-21 13:30:00+05:30,45.96,8.63,2.16,853.83,5.16,97.65
2024-05-21 09:00:00+00:00,2024-05-21 14:30:00+05:30,45.96,8.52,3.07,694.65,4.99,97.57
2024-05-21 10:00:00+00:00,2024-05-21 15:30:00+05:30,45.4,8.81,3.77,494.67,5.02,97.53
2024-05-21 11:00:00+00:00,2024-05-21 16:30:00+05:30,44.32,9.41,4.14,299.92,5.13,97.52
2024-05-21 12:00:00+00:00,2024-05-21 17:30:00+05:30,42.69,10.39,3.85,111.43,5.3,97.55
2024-05-21 13:00:00+00:00,2024-05-21 18:30:00+05:30,38.85,13.18,2.51,9.05,5.73,97.63
2024-05-21 14:00:00+00:00,2024-05-21 19:30:00+05:30,36.91,15.27,2.71,0.0,6.32,97.71
2024-05-21 15:00:00+00:00,2024-05-21 20:30:00+05:30,35.74,17.09,2.71,0.0,7.02,97.76
2024-05-21 16:00:00+00:00,2024-05-21 21:30:00+05:30,34.64,18.9,2.68,0.0,7.59,97.79
2024-05-21 17:00:00+00:00,2024-05-21 22:30:00+05:30,33.68,20.45,2.71,0.0,7.98,97.79
2024-05-21 18:00:00+00:00,2024-05-21 23:30:00+05:30,32.78,21.81,2.79,0.0,8.19,97.78
2024-05-21 19:00:00+00:00,2024-05-22 00:30:00+05:30,31.9,22.95,2.87,0.0,8.21,97.76
2024-05-21 20:00:00+00:00,2024-05-22 01:30:00+05:30,31.08,23.73,2.93,0.0,8.01,97.75
2024-05-21 21:00:00+00:00,2024-05-22 02:30:00+05:30,30.36,24.19,2.97,0.0,7.69,97.77
2024-05-21 22:00:00+00:00,2024-05-22 03:30:00+05:30,29.78,24.8,3.08,0.0,7.56,97.81
2024-05-21 23:00:00+00:00,2024-05-22 04:30:00+05:30,29.17,26.28,3.22,0.0,7.88,97.87
2024-05-22 00:00:00+00:00,2024-05-22 05:30:00+05:30,29.62,26.9,4.08,39.35,8.63,97.93
2024-05-22 01:00:00+00:00,2024-05-22 06:30:00+05:30,31.3,25.82,4.7,179.75,9.43,98.0
2024-05-22 02:00:00+00:00,2024-05-22 07:30:00+05:30,34.77,21.63,4.8,356.33,9.69,98.06
2024-05-22 03:00:00+00:00,2024-05-22 08:30:00+05:30,38.95,15.72,4.96,545.03,8.37,98.08
2024-05-22 04:00:00+00:00,2024-05-22 09:30:00+05:30,41.2,13.51,4.33,679.75,7.91,98.05
2024-05-22 05:00:00+00:00,2024-05-22 10:30:00+05:30,42.86,12.28,3.76,804.9,7.8,98.0
2024-05-22 06:00:00+00:00,2024-05-22 11:30:00+05:30,43.94,11.6,3.25,873.78,7.81,97.9
2024-05-22 07:00:00+00:00,2024-05-22 12:30:00+05:30,44.7,11.15,2.78,883.28,7.83,97.79
2024-05-22 08:00:00+00:00,2024-05-22 13:30:00+05:30,45.02,10.98,2.28,812.8,7.83,97.68
2024-05-22 09:00:00+00:00,2024-05-22 14:30:00+05:30,44.87,11.0,1.79,670.88,7.77,97.57
2024-05-22 10:00:00+00:00,2024-05-22 15:30:00+05:30,44.42,11.22,1.39,486.42,7.71,97.5
2024-05-22 11:00:00+00:00,2024-05-22 16:30:00+05:30,43.56,11.69,1.07,303.2,7.65,97.46
2024-05-22 12:00:00+00:00,2024-05-22 17:30:00+05:30,42.26,12.53,1.3,116.85,7.65,97.47
2024-05-22 13:00:00+00:00,2024-05-22 18:30:00+05:30,38.76,15.3,2.25,10.27,7.83,97.51
2024-05-22 14:00:00+00:00,2024-05-22 19:30:00+05:30,37.13,16.99,3.1,0.0,8.05,97.56
2024-05-22 15:00:00+00:00,2024-05-22 20:30:00+05:30,36.53,18.17,3.87,0.0,8.56,97.63
2024-05-22 16:00:00+00:00,2024-05-22 21:30:00+05:30,35.82,19.81,4.54,0.0,9.26,97.7
2024-05-22 17:00:00+00:00,2024-05-22 22:30:00+05:30,34.79,22.15,4.74,0.0,10.08,97.73
2024-05-22 18:00:00+00:00,2024-05-22 23:30:00+05:30,33.75,24.95,4.89,0.0,10.99,97.74
2024-05-22 19:00:00+00:00,2024-05-23 00:30:00+05:30,32.87,28.01,5.24,0.0,11.98,97.73
2024-05-22 20:00:00+00:00,2024-05-23 01:30:00+05:30,32.15,31.34,5.65,0.0,13.08,97.73
2024-05-22 21:00:00+00:00,2024-05-23 02:30:00+05:30,31.54,34.99,5.72,0.0,14.22,97.75
2024-05-22 22:00:00+00:00,2024-05-23 03:30:00+05:30,31.07,38.8,5.67,0.0,15.42,97.78
2024-05-22 23:00:00+00:00,2024-05-23 04:30:00+05:30,30.66,42.8,5.72,0.0,16.6,97.83
2024-05-23 00:00:00+00:00,2024-05-23 05:30:00+05:30,30.51,45.92,5.71,36.42,17.59,97.88
2024-05-23 01:00:00+00:00,2024-05-23 06:30:00+05:30,32.14,44.24,6.64,160.02,18.46,97.93
2024-05-23 02:00:00+00:00,2024-05-23 07:30:00+05:30,35.15,36.26,7.26,322.0,17.97,97.96
2024-05-23 03:00:00+00:00,2024-05-23 08:30:00+05:30,37.74,28.83,6.91,495.1,16.59,97.96
2024-05-23 04:00:00+00:00,2024-05-23 09:30:00+05:30,39.51,25.13,6.49,732.67,15.94,97.95
2024-05-23 05:00:00+00:00,2024-05-23 10:30:00+05:30,40.92,22.88,6.1,851.3,15.64,97.9
2024-05-23 06:00:00+00:00,2024-05-23 11:30:00+05:30,41.94,21.42,5.58,892.47,15.45,97.84
2024-05-23 07:00:00+00:00,2024-05-23 12:30:00+05:30,42.67,20.38,4.85,876.88,15.27,97.75
2024-05-23 08:00:00+00:00,2024-05-23 13:30:00+05:30,43.05,19.78,4.02,794.17,15.12,97.65
2024-05-23 09:00:00+00:00,2024-05-23 14:30:00+05:30,43.06,19.38,3.29,653.95,14.8,97.56
2024-05-23 10:00:00+00:00,2024-05-23 15:30:00+05:30,42.67,19.23,2.7,469.12,14.37,97.49
2024-05-23 11:00:00+00:00,2024-05-23 16:30:00+05:30,41.82,19.63,2.35,299.45,14.01,97.45
2024-05-23 12:00:00+00:00,2024-05-23 17:30:00+05:30,40.56,20.69,2.46,115.1,13.79,97.46
2024-05-23 13:00:00+00:00,2024-05-23 18:30:00+05:30,37.94,23.97,2.14,9.7,13.88,97.5
2024-05-23 14:00:00+00:00,2024-05-23 19:30:00+05:30,36.34,26.63,2.9,0.0,14.16,97.58
2024-05-23 15:00:00+00:00,2024-05-23 20:30:00+05:30,35.67,28.33,3.82,0.0,14.55,97.64
2024-05-23 16:00:00+00:00,2024-05-23 21:30:00+05:30,34.9,30.44,4.46,0.0,15.01,97.7
2024-05-23 17:00:00+00:00,2024-05-23 22:30:00+05:30,34.04,32.89,4.83,0.0,15.46,97.72
2024-05-23 18:00:00+00:00,2024-05-23 23:30:00+05:30,33.23,35.36,5.06,0.0,15.89,97.72
2024-05-23 19:00:00+00:00,2024-05-24 00:30:00+05:30,32.49,37.7,5.07,0.0,16.26,97.69
2024-05-23 20:00:00+00:00,2024-05-24 01:30:00+05:30,31.79,39.98,4.97,0.0,16.56,97.68
2024-05-23 21:00:00+00:00,2024-05-24 02:30:00+05:30,31.15,42.18,4.88,0.0,16.81,97.7
2024-05-23 22:00:00+00:00,2024-05-24 03:30:00+05:30,30.6,44.14,4.82,0.0,17.04,97.74
2024-05-23 23:00:00+00:00,2024-05-24 04:30:00+05:30,30.12,45.93,4.63,0.0,17.24,97.78
2024-05-24 00:00:00+00:00,2024-05-24 05:30:00+05:30,30.23,46.07,4.98,35.05,17.38,97.84
2024-05-24 01:00:00+00:00,2024-05-24 06:30:00+05:30,32.34,41.14,5.7,167.57,17.48,97.9
2024-05-24 02:00:00+00:00,2024-05-24 07:30:00+05:30,35.01,34.88,6.23,351.73,17.24,97.94
2024-05-24 03:00:00+00:00,2024-05-24 08:30:00+05:30,37.23,29.89,6.04,546.1,16.72,97.96
2024-05-24 04:00:00+00:00,2024-05-24 09:30:00+05:30,39.1,26.39,5.26,716.2,16.36,97.95
2024-05-24 05:00:00+00:00,2024-05-24 10:30:00+05:30,40.65,23.88,4.12,837.42,16.08,97.91
2024-05-24 06:00:00+00:00,2024-05-24 11:30:00+05:30,41.86,22.03,2.85,895.08,15.82,97.84
2024-05-24 07:00:00+00:00,2024-05-24 12:30:00+05:30,42.61,20.76,1.55,879.42,15.5,97.75
2024-05-24 08:00:00+00:00,2024-05-24 13:30:00+05:30,42.97,19.86,0.57,788.08,15.11,97.66
2024-05-24 09:00:00+00:00,2024-05-24 14:30:00+05:30,43.11,19.11,1.12,640.12,14.63,97.56
2024-05-24 10:00:00+00:00,2024-05-24 15:30:00+05:30,42.82,18.9,1.56,455.38,14.24,97.48
2024-05-24 11:00:00+00:00,2024-05-24 16:30:00+05:30,42.06,19.3,1.77,272.2,13.93,97.43
2024-05-24 12:00:00+00:00,2024-05-24 17:30:00+05:30,40.93,20.21,1.81,102.38,13.73,97.43
2024-05-24 13:00:00+00:00,2024-05-24 18:30:00+05:30,38.76,22.65,1.42,9.77,13.69,97.47
2024-05-24 14:00:00+00:00,2024-05-24 19:30:00+05:30,37.04,25.32,1.92,0.0,13.98,97.53
2024-05-24 15:00:00+00:00,2024-05-24 20:30:00+05:30,36.04,27.56,2.24,0.0,14.45,97.58
2024-05-24 16:00:00+00:00,2024-05-24 21:30:00+05:30,35.1,30.17,2.43,0.0,15.04,97.63
2024-05-24 17:00:00+00:00,2024-05-24 22:30:00+05:30,34.23,32.76,2.62,0.0,15.57,97.66
2024-05-24 18:00:00+00:00,2024-05-24 23:30:00+05:30,33.43,34.88,2.79,0.0,15.85,97.65
2024-05-24 19:00:00+00:00,2024-05-25 00:30:00+05:30,32.68,36.62,2.87,0.0,15.96,97.63
2024-05-24 20:00:00+00:00,2024-05-25 01:30:00+05:30,31.97,38.14,2.85,0.0,15.97,97.61
2024-05-24 21:00:00+00:00,2024-05-25 02:30:00+05:30,31.28,39.52,2.72,0.0,15.92,97.59
2024-05-24 22:00:00+00:00,2024-05-25 03:30:00+05:30,30.74,40.62,2.57,0.0,15.86,97.6
2024-05-24 23:00:00+00:00,2024-05-25 04:30:00+05:30,30.3,41.52,2.46,0.0,15.8,97.63
2024-05-25 00:00:00+00:00,2024-05-25 05:30:00+05:30,30.92,39.96,2.5,37.72,15.77,97.69
2024-05-25 01:00:00+00:00,2024-05-25 06:30:00+05:30,33.15,35.19,3.26,180.57,15.74,97.74
2024-05-25 02:00:00+00:00,2024-05-25 07:30:00+05:30,36.71,28.28,2.31,366.0,15.43,97.78
2024-05-25 03:00:00+00:00,2024-05-25 08:30:00+05:30,39.4,23.11,0.48,533.85,14.53,97.79
2024-05-25 04:00:00+00:00,2024-05-25 09:30:00+05:30,41.57,19.43,1.37,718.97,13.64,97.76
2024-05-25 05:00:00+00:00,2024-05-25 10:30:00+05:30,43.31,17.11,2.46,844.65,13.08,97.7
2024-05-25 06:00:00+00:00,2024-05-25 11:30:00+05:30,44.66,15.37,3.28,866.28,12.54,97.6
2024-05-25 07:00:00+00:00,2024-05-25 12:30:00+05:30,45.62,13.99,4.12,857.97,11.85,97.48
2024-05-25 08:00:00+00:00,2024-05-25 13:30:00+05:30,46.16,12.88,5.12,775.67,11.05,97.36
2024-05-25 09:00:00+00:00,2024-05-25 14:30:00+05:30,46.22,12.14,5.99,640.97,10.22,97.26
2024-05-25 10:00:00+00:00,2024-05-25 15:30:00+05:30,45.81,11.87,6.63,463.1,9.57,97.2
2024-05-25 11:00:00+00:00,2024-05-25 16:30:00+05:30,44.96,12.0,6.96,278.48,9.08,97.17
2024-05-25 12:00:00+00:00,2024-05-25 17:30:00+05:30,43.69,12.46,6.42,111.2,8.66,97.17
2024-05-25 13:00:00+00:00,2024-05-25 18:30:00+05:30,40.48,14.4,3.85,10.6,8.28,97.21
2024-05-25 14:00:00+00:00,2024-05-25 19:30:00+05:30,38.13,15.95,3.39,0.0,7.92,97.28
2024-05-25 15:00:00+00:00,2024-05-25 20:30:00+05:30,36.83,16.83,3.26,0.0,7.68,97.34
2024-05-25 16:00:00+00:00,2024-05-25 21:30:00+05:30,35.59,17.89,3.15,0.0,7.58,97.4
2024-05-25 17:00:00+00:00,2024-05-25 22:30:00+05:30,34.5,19.01,3.03,0.0,7.58,97.43
2024-05-25 18:00:00+00:00,2024-05-25 23:30:00+05:30,33.51,20.14,2.92,0.0,7.62,97.43
2024-05-25 19:00:00+00:00,2024-05-26 00:30:00+05:30,32.56,21.34,2.79,0.0,7.7,97.43
2024-05-25 20:00:00+00:00,2024-05-26 01:30:00+05:30,31.69,22.58,2.64,0.0,7.78,97.42
2024-05-25 21:00:00+00:00,2024-05-26 02:30:00+05:30,30.94,23.74,2.45,0.0,7.9,97.42
2024-05-25 22:00:00+00:00,2024-05-26 03:30:00+05:30,30.43,24.73,2.21,0.0,8.06,97.43
2024-05-25 23:00:00+00:00,2024-05-26 04:30:00+05:30,30.06,25.56,1.97,0.0,8.24,97.46
2024-05-26 00:00:00+00:00,2024-05-26 05:30:00+05:30,30.43,25.32,1.63,47.45,8.42,97.51
2024-05-26 01:00:00+00:00,2024-05-26 06:30:00+05:30,33.01,22.17,1.74,207.73,8.6,97.57
2024-05-26 02:00:00+00:00,2024-05-26 07:30:00+05:30,36.89,17.82,2.03,412.7,8.57,97.63
2024-05-26 03:00:00+00:00,2024-05-26 08:30:00+05:30,41.46,13.54,4.04,613.3,8.17,97.65
2024-05-26 04:00:00+00:00,2024-05-26 09:30:00+05:30,43.36,12.38,4.65,781.6,8.32,97.63
2024-05-26 05:00:00+00:00,2024-05-26 10:30:00+05:30,44.93,11.44,4.85,899.6,8.36,97.56
2024-05-26 06:00:00+00:00,2024-05-26 11:30:00+05:30,46.23,10.61,5.0,977.4,8.28,97.47
2024-05-26 07:00:00+00:00,2024-05-26 12:30:00+05:30,47.19,10.2,5.35,960.33,8.42,97.35
2024-05-26 08:00:00+00:00,2024-05-26 13:30:00+05:30,47.72,10.25,6.04,878.47,8.9,97.22
2024-05-26 09:00:00+00:00,2024-05-26 14:30:00+05:30,47.84,10.57,6.71,734.47,9.43,97.12
2024-05-26 10:00:00+00:00,2024-05-26 15:30:00+05:30,47.39,11.05,7.17,545.83,9.73,97.05
2024-05-26 11:00:00+00:00,2024-05-26 16:30:00+05:30,46.43,11.64,7.34,335.12,9.76,97.0
2024-05-26 12:00:00+00:00,2024-05-26 17:30:00+05:30,45.0,12.33,6.62,140.3,9.52,97.0
2024-05-26 13:00:00+00:00,2024-05-26 18:30:00+05:30,41.45,14.57,3.72,12.6,9.22,97.05
2024-05-26 14:00:00+00:00,2024-05-26 19:30:00+05:30,38.91,16.49,3.21,0.0,9.05,97.13
2024-05-26 15:00:00+00:00,2024-05-26 20:30:00+05:30,37.69,17.51,2.98,0.0,8.95,97.2
2024-05-26 16:00:00+00:00,2024-05-26 21:30:00+05:30,36.91,18.2,2.58,0.0,8.9,97.22
2024-05-26 17:00:00+00:00,2024-05-26 22:30:00+05:30,36.66,18.4,2.09,0.0,8.85,97.23
2024-05-26 18:00:00+00:00,2024-05-26 23:30:00+05:30,36.26,18.75,1.68,0.0,8.8,97.22
2024-05-26 19:00:00+00:00,2024-05-27 00:30:00+05:30,35.09,19.97,1.65,0.0,8.78,97.19
2024-05-26 20:00:00+00:00,2024-05-27 01:30:00+05:30,33.12,22.49,2.16,0.0,8.92,97.16
2024-05-26 21:00:00+00:00,2024-05-27 02:30:00+05:30,31.66,25.38,2.53,0.0,9.5,97.16
2024-05-26 22:00:00+00:00,2024-05-27 03:30:00+05:30,30.71,28.61,2.6,0.0,10.47,97.18
2024-05-26 23:00:00+00:00,2024-05-27 04:30:00+05:30,29.91,32.09,2.59,0.0,11.49,97.21
2024-05-27 00:00:00+00:00,2024-05-27 05:30:00+05:30,30.44,32.81,2.69,44.58,12.29,97.24
2024-05-27 01:00:00+00:00,2024-05-27 06:30:00+05:30,32.89,29.4,3.48,187.2,12.73,97.28
2024-05-27 02:00:00+00:00,2024-05-27 07:30:00+05:30,37.14,22.12,2.43,370.75,11.97,97.31
2024-05-27 03:00:00+00:00,2024-05-27 08:30:00+05:30,41.77,14.96,0.71,573.28,9.85,97.32
2024-05-27 04:00:00+00:00,2024-05-27 09:30:00+05:30,44.28,12.23,1.82,756.7,8.85,97.3
2024-05-27 05:00:00+00:00,2024-05-27 10:30:00+05:30,45.8,10.95,2.87,884.78,8.4,97.25
2024-05-27 06:00:00+00:00,2024-05-27 11:30:00+05:30,46.83,10.09,3.59,948.6,7.99,97.18
2024-05-27 07:00:00+00:00,2024-05-27 12:30:00+05:30,47.48,9.21,4.34,944.55,7.19,97.08
2024-05-27 08:00:00+00:00,2024-05-27 13:30:00+05:30,47.76,8.41,5.02,872.45,6.15,96.97
2024-05-27 09:00:00+00:00,2024-05-27 14:30:00+05:30,47.64,7.91,5.56,734.53,5.21,96.89
2024-05-27 10:00:00+00:00,2024-05-27 15:30:00+05:30,47.19,7.68,5.89,549.08,4.5,96.82
2024-05-27 11:00:00+00:00,2024-05-27 16:30:00+05:30,46.28,7.77,5.82,338.45,4.0,96.79
2024-05-27 12:00:00+00:00,2024-05-27 17:30:00+05:30,44.71,8.24,4.56,149.7,3.63,96.8
2024-05-27 13:00:00+00:00,2024-05-27 18:30:00+05:30,40.29,10.33,2.83,13.3,3.43,96.85
2024-05-27 14:00:00+00:00,2024-05-27 19:30:00+05:30,38.57,11.13,2.72,0.0,3.15,96.91
2024-05-27 15:00:00+00:00,2024-05-27 20:30:00+05:30,37.87,11.28,2.58,0.0,2.8,96.97
2024-05-27 16:00:00+00:00,2024-05-27 21:30:00+05:30,36.87,11.57,2.61,0.0,2.38,97.0
2024-05-27 17:00:00+00:00,2024-05-27 22:30:00+05:30,35.76,11.98,2.65,0.0,2.01,97.0
2024-05-27 18:00:00+00:00,2024-05-27 23:30:00+05:30,34.81,12.37,2.61,0.0,1.72,96.97
2024-05-27 19:00:00+00:00,2024-05-28 00:30:00+05:30,34.08,12.7,2.46,0.0,1.53,96.91
2024-05-27 20:00:00+00:00,2024-05-28 01:30:00+05:30,33.4,13.09,2.31,0.0,1.41,96.86
2024-05-27 21:00:00+00:00,2024-05-28 02:30:00+05:30,32.81,13.53,2.12,0.0,1.39,96.83
2024-05-27 22:00:00+00:00,2024-05-28 03:30:00+05:30,32.33,13.96,1.88,0.0,1.46,96.84
2024-05-27 23:00:00+00:00,2024-05-28 04:30:00+05:30,31.94,14.38,1.62,0.0,1.57,96.88
2024-05-28 00:00:00+00:00,2024-05-28 05:30:00+05:30,32.11,14.38,1.29,48.7,1.69,96.93
2024-05-28 01:00:00+00:00,2024-05-28 06:30:00+05:30,34.27,12.86,1.12,213.55,1.83,97.0
2024-05-28 02:00:00+00:00,2024-05-28 07:30:00+05:30,37.28,11.0,0.89,427.17,1.99,97.06
2024-05-28 03:00:00+00:00,2024-05-28 08:30:00+05:30,42.84,8.47,1.03,637.05,2.63,97.09
2024-05-28 04:00:00+00:00,2024-05-28 09:30:00+05:30,45.44,7.58,2.01,808.55,3.07,97.09
2024-05-28 05:00:00+00:00,2024-05-28 10:30:00+05:30,46.72,7.26,2.45,925.8,3.43,97.05
2024-05-28 06:00:00+00:00,2024-05-28 11:30:00+05:30,47.67,7.06,3.22,995.9,3.73,96.98
2024-05-28 07:00:00+00:00,2024-05-28 12:30:00+05:30,48.27,6.85,4.21,985.88,3.78,96.88
2024-05-28 08:00:00+00:00,2024-05-28 13:30:00+05:30,48.5,6.66,5.19,908.88,3.57,96.79
2024-05-28 09:00:00+00:00,2024-05-28 14:30:00+05:30,48.3,6.48,5.97,771.33,3.08,96.71
2024-05-28 10:00:00+00:00,2024-05-28 15:30:00+05:30,47.64,6.38,6.41,585.53,2.42,96.67
2024-05-28 11:00:00+00:00,2024-05-28 16:30:00+05:30,46.55,6.46,6.22,369.6,1.8,96.67
2024-05-28 12:00:00+00:00,2024-05-28 17:30:00+05:30,44.85,6.86,4.76,159.02,1.33,96.69
2024-05-28 13:00:00+00:00,2024-05-28 18:30:00+05:30,40.25,8.79,2.62,14.85,1.21,96.75
2024-05-28 14:00:00+00:00,2024-05-28 19:30:00+05:30,39.72,8.98,1.9,0.0,1.11,96.81
2024-05-28 15:00:00+00:00,2024-05-28 20:30:00+05:30,40.07,8.78,1.01,0.0,1.08,96.87
2024-05-28 16:00:00+00:00,2024-05-28 21:30:00+05:30,39.39,9.11,0.8,0.0,1.04,96.91
2024-05-28 17:00:00+00:00,2024-05-28 22:30:00+05:30,37.71,9.88,1.62,0.0,0.88,96.93
2024-05-28 18:00:00+00:00,2024-05-28 23:30:00+05:30,35.6,11.09,2.32,0.0,0.84,96.91
2024-05-28 19:00:00+00:00,2024-05-29 00:30:00+05:30,33.76,12.33,2.83,0.0,0.88,96.89
2024-05-28 20:00:00+00:00,2024-05-29 01:30:00+05:30,32.53,13.31,3.2,0.0,0.95,96.88
2024-05-28 21:00:00+00:00,2024-05-29 02:30:00+05:30,31.62,14.14,3.29,0.0,1.09,96.89
2024-05-28 22:00:00+00:00,2024-05-29 03:30:00+05:30,30.74,15.15,3.12,0.0,1.34,96.9
2024-05-28 23:00:00+00:00,2024-05-29 04:30:00+05:30,30.23,15.97,2.65,0.0,1.65,96.94
2024-05-29 00:00:00+00:00,2024-05-29 05:30:00+05:30,30.78,15.76,2.07,46.33,1.91,97.01
2024-05-29 01:00:00+00:00,2024-05-29 06:30:00+05:30,33.75,13.43,3.14,193.5,2.05,97.1
2024-05-29 02:00:00+00:00,2024-05-29 07:30:00+05:30,37.26,10.93,3.99,376.48,1.91,97.18
2024-05-29 03:00:00+00:00,2024-05-29 08:30:00+05:30,41.19,8.88,4.53,564.53,2.05,97.24
2024-05-29 04:00:00+00:00,2024-05-29 09:30:00+05:30,43.86,8.06,4.28,775.38,2.73,97.24
2024-05-29 05:00:00+00:00,2024-05-29 10:30:00+05:30,45.63,7.69,4.18,889.67,3.37,97.2
2024-05-29 06:00:00+00:00,2024-05-29 11:30:00+05:30,46.92,7.46,4.36,966.55,3.9,97.15
2024-05-29 07:00:00+00:00,2024-05-29 12:30:00+05:30,47.75,7.5,4.72,955.08,4.58,97.07
2024-05-29 08:00:00+00:00,2024-05-29 13:30:00+05:30,48.07,7.87,5.09,865.58,5.45,96.98
2024-05-29 09:00:00+00:00,2024-05-29 14:30:00+05:30,47.97,8.1,5.05,679.92,5.76,96.92
2024-05-29 10:00:00+00:00,2024-05-29 15:30:00+05:30,47.6,8.16,4.7,444.02,5.6,96.88
2024-05-29 11:00:00+00:00,2024-05-29 16:30:00+05:30,46.76,8.34,4.11,269.02,5.3,96.87
2024-05-29 12:00:00+00:00,2024-05-29 17:30:00+05:30,45.19,8.99,2.67,117.28,5.18,96.87
2024-05-29 13:00:00+00:00,2024-05-29 18:30:00+05:30,42.18,10.66,1.51,11.12,5.3,96.91
2024-05-29 14:00:00+00:00,2024-05-29 19:30:00+05:30,41.52,10.93,0.98,0.0,5.14,96.98
2024-05-29 15:00:00+00:00,2024-05-29 20:30:00+05:30,40.18,11.68,1.38,0.0,5.04,97.06
2024-05-29 16:00:00+00:00,2024-05-29 21:30:00+05:30,38.08,13.04,2.19,0.0,4.98,97.12
2024-05-29 17:00:00+00:00,2024-05-29 22:30:00+05:30,36.53,14.24,2.66,0.0,5.03,97.14
2024-05-29 18:00:00+00:00,2024-05-29 23:30:00+05:30,35.51,15.3,2.72,0.0,5.26,97.15
2024-05-29 19:00:00+00:00,2024-05-30 00:30:00+05:30,34.95,16.19,2.27,0.0,5.62,97.14
2024-05-29 20:00:00+00:00,2024-05-30 01:30:00+05:30,34.14,17.4,1.94,0.0,6.0,97.14
2024-05-29 21:00:00+00:00,2024-05-30 02:30:00+05:30,33.16,19.11,2.36,0.0,6.56,97.14
2024-05-29 22:00:00+00:00,2024-05-30 03:30:00+05:30,32.98,20.54,3.01,0.0,7.44,97.18
2024-05-29 23:00:00+00:00,2024-05-30 04:30:00+05:30,32.77,23.11,4.01,0.0,8.96,97.26
2024-05-30 00:00:00+00:00,2024-05-30 05:30:00+05:30,33.31,25.47,5.21,44.2,10.84,97.36
2024-05-30 01:00:00+00:00,2024-05-30 06:30:00+05:30,35.32,25.4,5.93,183.77,12.5,97.46
2024-05-30 02:00:00+00:00,2024-05-30 07:30:00+05:30,39.19,23.21,6.45,390.77,14.38,97.56
2024-05-30 03:00:00+00:00,2024-05-30 08:30:00+05:30,42.47,20.01,7.35,579.55,14.81,97.6
2024-05-30 04:00:00+00:00,2024-05-30 09:30:00+05:30,44.52,16.4,7.02,793.38,13.34,97.61
2024-05-30 05:00:00+00:00,2024-05-30 10:30:00+05:30,45.97,13.03,6.28,907.47,10.98,97.56
2024-05-30 06:00:00+00:00,2024-05-30 11:30:00+05:30,47.05,10.09,5.52,950.55,8.05,97.49
2024-05-30 07:00:00+00:00,2024-05-30 12:30:00+05:30,47.65,7.8,5.09,937.88,4.95,97.39
2024-05-30 08:00:00+00:00,2024-05-30 13:30:00+05:30,47.77,6.41,5.06,872.85,2.54,97.31
2024-05-30 09:00:00+00:00,2024-05-30 14:30:00+05:30,47.49,5.74,5.46,743.75,0.99,97.25
2024-05-30 10:00:00+00:00,2024-05-30 15:30:00+05:30,46.89,5.28,5.86,561.8,-0.41,97.21
2024-05-30 11:00:00+00:00,2024-05-30 16:30:00+05:30,45.9,5.06,5.91,352.48,-1.6,97.19
2024-05-30 12:00:00+00:00,2024-05-30 17:30:00+05:30,44.25,5.15,4.78,159.73,-2.51,97.21
2024-05-30 13:00:00+00:00,2024-05-30 18:30:00+05:30,39.23,6.72,3.16,15.5,-2.87,97.26
2024-05-30 14:00:00+00:00,2024-05-30 19:30:00+05:30,36.85,7.55,3.49,0.0,-3.25,97.32
2024-05-30 15:00:00+00:00,2024-05-30 20:30:00+05:30,35.66,7.98,3.6,0.0,-3.39,97.39
2024-05-30 16:00:00+00:00,2024-05-30 21:30:00+05:30,34.53,8.53,3.61,0.0,-3.37,97.45
2024-05-30 17:00:00+00:00,2024-05-30 22:30:00+05:30,33.43,9.25,3.51,0.0,-3.18,97.47
2024-05-30 18:00:00+00:00,2024-05-30 23:30:00+05:30,32.37,10.07,3.26,0.0,-2.88,97.46
2024-05-30 19:00:00+00:00,2024-05-31 00:30:00+05:30,31.68,10.7,2.77,0.0,-2.61,97.43
2024-05-30 20:00:00+00:00,2024-05-31 01:30:00+05:30,32.02,10.56,1.97,0.0,-2.51,97.41
2024-05-30 21:00:00+00:00,2024-05-31 02:30:00+05:30,32.31,10.39,1.3,0.0,-2.51,97.41
2024-05-30 22:00:00+00:00,2024-05-31 03:30:00+05:30,32.06,10.54,0.96,0.0,-2.51,97.43
2024-05-30 23:00:00+00:00,2024-05-31 04:30:00+05:30,31.31,11.11,1.14,0.0,-2.42,97.47
2024-05-31 00:00:00+00:00,2024-05-31 05:30:00+05:30,30.67,11.74,1.65,51.95,-2.16,97.53
2024-05-31 01:00:00+00:00,2024-05-31 06:30:00+05:30,33.68,10.27,2.48,211.15,-1.65,97.61
2024-05-31 02:00:00+00:00,2024-05-31 07:30:00+05:30,37.12,8.9,2.74,412.95,-1.0,97.67
2024-05-31 03:00:00+00:00,2024-05-31 08:30:00+05:30,42.43,6.7,3.01,586.7,-0.7,97.7
2024-05-31 04:00:00+00:00,2024-05-31 09:30:00+05:30,45.7,6.07,3.49,689.85,0.4,97.69
2024-05-31 05:00:00+00:00,2024-05-31 10:30:00+05:30,46.9,6.29,3.98,833.6,1.68,97.64
2024-05-31 06:00:00+00:00,2024-05-31 11:30:00+05:30,47.72,6.51,4.63,952.65,2.7,97.56
2024-05-31 07:00:00+00:00,2024-05-31 12:30:00+05:30,48.18,6.69,5.45,967.08,3.36,97.47
2024-05-31 08:00:00+00:00,2024-05-31 13:30:00+05:30,48.21,6.77,6.31,863.58,3.55,97.38
2024-05-31 09:00:00+00:00,2024-05-31 14:30:00+05:30,47.86,6.8,6.62,735.65,3.37,97.32
2024-05-31 10:00:00+00:00,2024-05-31 15:30:00+05:30,47.26,6.94,6.63,546.72,3.19,97.28
2024-05-31 11:00:00+00:00,2024-05-31 16:30:00+05:30,46.25,7.27,6.56,330.83,3.08,97.26
2024-05-31 12:00:00+00:00,2024-05-31 17:30:00+05:30,44.72,7.87,5.67,135.9,3.0,97.28
2024-05-31 13:00:00+00:00,2024-05-31 18:30:00+05:30,40.47,10.04,3.43,14.1,3.12,97.34
2024-05-31 14:00:00+00:00,2024-05-31 19:30:00+05:30,38.1,11.71,3.49,0.0,3.47,97.41
2024-05-31 15:00:00+00:00,2024-05-31 20:30:00+05:30,36.96,13.01,3.49,0.0,4.07,97.48
2024-05-31 16:00:00+00:00,2024-05-31 21:30:00+05:30,35.95,14.6,3.45,0.0,4.91,97.52
2024-05-31 17:00:00+00:00,2024-05-31 22:30:00+05:30,35.05,16.41,3.38,0.0,5.89,97.52
2024-05-31 18:00:00+00:00,2024-05-31 23:30:00+05:30,34.23,18.35,3.29,0.0,6.85,97.49
2024-05-31 19:00:00+00:00,2024-06-01 00:30:00+05:30,33.48,20.27,3.18,0.0,7.68,97.45
2024-05-31 20:00:00+00:00,2024-06-01 01:30:00+05:30,32.7,22.15,3.07,0.0,8.31,97.43
2024-05-31 21:00:00+00:00,2024-06-01 02:30:00+05:30,31.97,23.67,3.03,0.0,8.68,97.43
2024-05-31 22:00:00+00:00,2024-06-01 03:30:00+05:30,31.34,24.91,3.1,0.0,8.91,97.49
2024-05-31 23:00:00+00:00,2024-06-01 04:30:00+05:30,30.83,25.63,3.26,0.05,8.9,97.56
